slide,method,inst,iou,recovered,contact,area
280120-07,original,1,0.9764750884574925,1,0.0,10304
280120-07,original,2,0.9648086308759312,1,0.0,7677
280120-07,original,3,0.9754225863320544,1,0.0,9486
280120-07,original,4,0.6071876305892185,1,0.0,11715
280120-07,original,5,0.9592709689417891,1,0.0,10427
280120-07,original,6,0.9639108385422809,1,0.0,8415
280120-07,original,7,0.9655243176687872,1,0.0,9550
280120-07,original,8,0.9771389576047087,1,0.0,11550
280120-07,original,9,0.9673202614379085,1,0.0,8548
280120-07,original,10,0.8818104022059523,1,0.0,10517
280120-07,original,11,0.9728813559322034,1,0.0,9526
280120-07,original,12,0.9702274975272008,1,0.0,9939
280120-07,original,13,0.9751559361454699,1,0.0,9310
280120-07,original,14,0.9685853263072558,1,0.0,9630
280120-07,original,15,0.9740660137830975,1,0.0,10830
280120-07,original,16,0.0,0,0.0,10583
280120-07,original,17,0.7650093136552515,1,0.0,6713
280120-07,original,18,0.9780406919422784,1,0.0,11010
280120-07,original,19,0.0,0,0.0,10030
280120-07,original,20,0.9720445184471125,1,0.0,11236
280120-07,original,21,0.9690527448869752,1,0.0,7311
280120-07,original,22,0.9657404307554961,1,0.0,8771
280120-07,original,23,0.9647352647352647,1,0.0,9723
280120-07,original,24,0.9727017695295641,1,0.0,9143
280120-07,original,25,0.0,0,0.0,7143
280120-07,original,26,0.9692460317460317,1,0.0,7893
280120-07,original,27,0.9722758777411658,1,0.0,8655
280120-07,original,28,0.0,0,0.0,4370
280120-07,original,29,0.9633761823914625,1,0.0,7988
280120-07,original,30,0.9658131299373468,1,0.0,7274
280120-07,original,31,0.5248439450686642,1,0.10628019323671498,8502
280120-07,original,32,0.9646385855434217,1,0.0,5705
280120-07,original,33,0.9684679263449272,1,0.0,8160
280120-07,original,34,0.0,0,0.0,5397
280120-07,original,35,0.967210725735937,1,0.0,6706
280120-07,original,36,0.7848828854720505,1,0.0,6847
280120-07,original,37,0.9733306796696188,1,0.0,9899
280120-07,original,38,0.9522875816993464,1,0.0,7478
280120-07,original,39,0.9767588505540041,1,0.0,10941
280120-07,original,40,0.4781110660721524,0,0.052083333333333336,7146
280120-07,original,41,0.9630467571644042,1,0.0,8962
280120-07,original,42,0.9662734541999841,1,0.0,12446
280120-07,original,43,0.9727272727272728,1,0.0,7134
280120-07,original,44,0.9652261675383063,1,0.0,10568
280120-07,original,45,0.9754025836135197,1,0.0,11125
280120-07,original,46,0.9753656658968437,1,0.0,11546
280120-07,original,47,0.9748673275257835,1,0.0,9788
280120-07,original,48,0.0,0,0.0,10305
280120-07,original,49,0.9612571428571428,1,0.0,8472
280120-07,original,50,0.9757169459962756,1,0.0,13189
280120-07,original,51,0.0,0,0.0,7301
280120-07,original,52,0.0,0,0.0,9705
280120-07,original,53,0.9688648897058824,1,0.0,8556
280120-07,original,54,0.0,0,0.0,4865
280120-07,original,55,0.0,0,0.0,7854
280120-07,original,56,0.0,0,0.0,13516
280120-07,original,57,0.975398246771609,1,0.0,10431
280120-07,original,58,0.9655539772727273,1,0.0,8320
280120-07,original,59,0.9694447746997978,1,0.0,8303
280120-07,original,60,0.9552608568930341,1,0.0,6711
280120-07,original,61,0.9632628579997001,1,0.0,6597
280120-07,original,62,0.9694730077120822,1,0.0,9177
280120-07,original,63,0.9571817827948618,1,0.0,9898
280120-07,original,64,0.9286966046002191,1,0.0,8973
280120-07,original,65,0.9686261912410322,1,0.0,9101
280120-07,original,66,0.9680076296167851,1,0.0,11240
280120-07,original,67,0.964876910016978,1,0.0,9223
280120-07,original,68,0.0,0,0.0,7073
280120-07,original,69,0.0,0,0.0,8611
280120-07,original,70,0.49888581268147747,0,0.050505050505050504,7464
280120-07,original,71,0.9672295184490306,1,0.0,7944
280120-07,original,72,0.0,0,0.0,12345
280120-07,original,73,0.9716769215743725,1,0.0,10045
280120-07,original,74,0.7630135754742425,1,0.0,10932
280120-07,original,75,0.0,0,0.017316017316017316,10657
280120-07,original,76,0.9665188470066519,1,0.0,8761
280120-07,original,77,0.0,0,0.0,4508
280120-07,original,78,0.6238696468179492,1,0.0,7371
280120-07,original,79,0.0,0,0.08904109589041095,9461
280120-07,original,80,0.9706257982120051,1,0.0,9216
280120-07,original,81,0.9581120231772091,1,0.0,8088
280120-07,original,82,0.9715533881946561,1,0.0,9705
280120-07,original,83,0.9647580780177465,1,0.0,11636
280120-07,original,84,0.9630783431406484,1,0.0,8470
280120-07,original,85,0.9774947941694698,1,0.0,12303
280120-07,original,86,0.0,0,0.0,5955
280120-07,original,87,0.9707838302323843,1,0.0,13120
280120-07,original,88,0.0,0,0.017699115044247787,7682
280120-07,original,89,0.972972972972973,1,0.0,6509
280120-07,original,90,0.0,0,0.0,10324
280120-07,original,91,0.9430364071658549,1,0.0,11571
280120-07,original,92,0.0,0,0.0,8368
280120-07,original,93,0.0,0,0.0042643923240938165,10541
280120-07,original,94,0.5215520233219962,1,0.07179487179487179,7612
280120-07,original,95,0.0,0,0.0,7224
280120-07,original,96,0.0,0,0.0,10373
280120-07,original,97,0.0,0,0.0,17436
280120-07,original,98,0.9695404346277164,1,0.0,10994
280120-07,original,99,0.00013877966415321274,0,0.0,10215
280120-07,original,100,0.9676227515799708,1,0.0,10111
280120-07,original,101,0.0,0,0.0,8546
280120-07,original,102,0.9124028497409327,1,0.0,6111
280120-07,original,103,0.9741428571428571,1,0.0,13818
280120-07,original,104,0.9733650685707809,1,0.0,8664
280120-07,original,105,0.0,0,0.0020242914979757085,11025
280120-07,original,106,0.9589315235360655,1,0.0,11109
280120-07,original,107,0.0,0,0.16666666666666666,11034
280120-07,original,108,0.0,0,0.0,10349
280120-07,original,109,0.0,0,0.0071090047393364926,8876
280120-07,original,110,0.9689506624400552,1,0.0,11961
280120-07,original,111,0.9660727621892671,1,0.0,9277
280120-07,original,112,0.9617414248021108,1,0.0,9753
280120-07,original,113,0.9455541237113402,1,0.0,8867
280120-07,original,114,0.9579006141820212,1,0.0,8672
280120-07,original,115,0.0,0,0.18640350877192982,9029
280120-07,original,116,0.9409400123685838,1,0.0,9506
280120-07,original,117,0.9338538091969801,1,0.0,11035
280120-07,original,118,0.0,0,0.0,9647
280120-07,original,119,0.0,0,0.0,10361
280120-07,original,120,0.0,0,0.0,9310
280120-07,original,121,0.5426059041105451,1,0.10436893203883495,7837
280120-07,original,122,0.8721115165123023,1,0.0,9412
280120-07,original,123,0.9429543245869777,1,0.0,9871
280120-07,original,124,0.8834785092103384,1,0.0,6875
280120-07,original,125,0.0,0,0.0,10160
280120-07,original,126,0.0,0,0.2358490566037736,6746
280120-07,original,127,0.7814287010983026,1,0.0,8766
280120-07,original,128,0.9573655414473005,1,0.0,9568
280120-07,original,129,0.31876758998666865,0,0.30116959064327486,4423
280120-07,original,130,0.0,0,0.24047619047619048,8697
280120-07,original,131,0.946733300828864,1,0.0,8058
280120-07,original,132,0.4355815410315306,0,0.10677083333333333,6376
280120-07,original,133,0.0,0,0.0,9979
280120-07,original,134,0.4277906493197885,0,0.10022779043280182,8108
280120-07,original,135,0.0,0,0.0,9563
280120-07,original,136,0.0,0,0.23515981735159816,9288
280120-07,original,137,0.9451918835465373,1,0.0,8866
280120-07,original,138,0.0,0,0.0,8276
280120-07,original,139,0.7037961671194655,1,0.0,9688
280120-07,original,140,0.0,0,0.002564102564102564,7704
280120-07,original,141,0.0,0,0.01020408163265306,7722
280120-07,original,142,0.6612196390106218,1,0.22566371681415928,8982
280120-07,original,143,0.0,0,0.024336283185840708,9612
280120-07,original,144,0.0,0,0.0022675736961451248,8373
280120-07,original,145,0.0,0,0.0,8534
280120-07,original,146,0.0,0,0.005063291139240506,7562
280120-07,original,147,0.0,0,0.0,9017
280120-07,original,148,0.0,0,0.0,6586
280120-07,original,149,0.9296663660955816,1,0.0,8391
280120-07,original,150,0.0,0,0.22573363431151242,8090
280120-07,original,151,0.0,0,0.0,9312
280120-07,original,152,0.702730288338862,1,0.0,7730
280120-07,original,153,0.0,0,0.22838137472283815,7989
280120-07,original,154,0.0,0,0.20935960591133004,8050
280120-07,original,155,0.0,0,0.021367521367521368,8907
280120-07,original,156,0.0,0,0.12037037037037036,8082
280120-07,original,157,0.0,0,0.021645021645021644,9753
280120-07,original,158,0.0,0,0.23557692307692307,8305
280120-07,original,159,0.0,0,0.01715686274509804,7655
280120-07,original,160,0.0,0,0.3601036269430052,7251
280120-07,original,161,0.9612562572858808,1,0.0,14210
280120-07,original,162,0.7318444358875625,1,0.0,9600
280120-07,original,163,0.4956322618946654,0,0.2657894736842105,5913
280120-07,original,164,0.8096073272922147,1,0.0,8448
280120-07,original,165,0.0,0,0.15310077519379844,7460
280120-07,original,166,0.3475104400899454,0,0.07692307692307693,6665
280120-07,original,167,0.0,0,0.0,10325
280120-07,original,168,0.0,0,0.1187214611872146,8859
280120-07,original,169,0.34550475606014114,0,0.21861471861471862,10203
280120-07,original,170,0.0,0,0.0,6877
280120-07,original,171,0.0,0,0.0,10184
280120-07,original,172,0.0,0,0.03111111111111111,7123
280120-07,original,173,0.542261404981808,1,0.10353535353535354,7793
280120-07,original,174,0.0,0,0.11421911421911422,8319
280120-07,original,175,0.0,0,0.0,7336
280120-07,original,176,0.0,0,0.0,4503
280120-07,original,177,0.0,0,0.00784313725490196,9235
280120-07,original,178,0.0,0,0.018083182640144666,8141
280120-07,original,179,0.0,0,0.12564102564102564,6840
280120-07,original,180,0.42173615857826385,0,0.0662557781201849,6533
280120-07,original,181,0.0,0,0.28534031413612565,5603
280120-07,original,182,0.0,0,0.0,8361
280120-07,original,183,0.0,0,0.0,5117
280120-07,original,184,0.46102564102564103,0,0.02643171806167401,6477
280120-07,original,185,0.4892814902424601,0,0.02242152466367713,6681
280120-07,original,186,0.0,0,0.0,7937
280120-07,original,187,0.0,0,0.0,7013
280120-07,original,188,0.0,0,0.0,6729
280120-07,original,189,0.0,0,0.0,9085
280120-07,original,190,0.8624669391680693,1,0.0,7334
280120-07,original,191,0.0,0,0.024630541871921183,6457
280120-07,original,192,0.0,0,0.0,4095
280120-07,fix_A_labels,1,0.9764750884574925,1,0.0,10304
280120-07,fix_A_labels,2,0.9648086308759312,1,0.0,7677
280120-07,fix_A_labels,3,0.9754225863320544,1,0.0,9486
280120-07,fix_A_labels,4,0.6071876305892185,1,0.0,11715
280120-07,fix_A_labels,5,0.9592709689417891,1,0.0,10427
280120-07,fix_A_labels,6,0.9639108385422809,1,0.0,8415
280120-07,fix_A_labels,7,0.0,0,0.0,9550
280120-07,fix_A_labels,8,0.9771389576047087,1,0.0,11550
280120-07,fix_A_labels,9,0.9673202614379085,1,0.0,8548
280120-07,fix_A_labels,10,0.8818104022059523,1,0.0,10517
280120-07,fix_A_labels,11,0.9728813559322034,1,0.0,9526
280120-07,fix_A_labels,12,0.9702274975272008,1,0.0,9939
280120-07,fix_A_labels,13,0.9751559361454699,1,0.0,9310
280120-07,fix_A_labels,14,0.9685853263072558,1,0.0,9630
280120-07,fix_A_labels,15,0.9740660137830975,1,0.0,10830
280120-07,fix_A_labels,16,0.957582960051193,1,0.0,10583
280120-07,fix_A_labels,17,0.7489611692219516,1,0.0,6713
280120-07,fix_A_labels,18,0.9780406919422784,1,0.0,11010
280120-07,fix_A_labels,19,0.9550495632544901,1,0.0,10030
280120-07,fix_A_labels,20,0.9720445184471125,1,0.0,11236
280120-07,fix_A_labels,21,0.8644594594594595,1,0.0,7311
280120-07,fix_A_labels,22,0.9657404307554961,1,0.0,8771
280120-07,fix_A_labels,23,0.9647352647352647,1,0.0,9723
280120-07,fix_A_labels,24,0.9727017695295641,1,0.0,9143
280120-07,fix_A_labels,25,0.0,0,0.0,7143
280120-07,fix_A_labels,26,0.9125513123522826,1,0.0,7893
280120-07,fix_A_labels,27,0.9722758777411658,1,0.0,8655
280120-07,fix_A_labels,28,0.0,0,0.0,4370
280120-07,fix_A_labels,29,0.9633761823914625,1,0.0,7988
280120-07,fix_A_labels,30,0.9658131299373468,1,0.0,7274
280120-07,fix_A_labels,31,0.967786629719432,1,0.10628019323671498,8502
280120-07,fix_A_labels,32,0.9646385855434217,1,0.0,5705
280120-07,fix_A_labels,33,0.9684679263449272,1,0.0,8160
280120-07,fix_A_labels,34,0.0,0,0.0,5397
280120-07,fix_A_labels,35,0.967210725735937,1,0.0,6706
280120-07,fix_A_labels,36,0.7848828854720505,1,0.0,6847
280120-07,fix_A_labels,37,0.5578115623124625,1,0.0,9899
280120-07,fix_A_labels,38,0.9522875816993464,1,0.0,7478
280120-07,fix_A_labels,39,0.9767588505540041,1,0.0,10941
280120-07,fix_A_labels,40,0.0017723244717109748,0,0.052083333333333336,7146
280120-07,fix_A_labels,41,0.9630467571644042,1,0.0,8962
280120-07,fix_A_labels,42,0.9662734541999841,1,0.0,12446
280120-07,fix_A_labels,43,0.9727272727272728,1,0.0,7134
280120-07,fix_A_labels,44,0.9652261675383063,1,0.0,10568
280120-07,fix_A_labels,45,0.9754025836135197,1,0.0,11125
280120-07,fix_A_labels,46,0.7150593089221248,1,0.0,11546
280120-07,fix_A_labels,47,0.9748673275257835,1,0.0,9788
280120-07,fix_A_labels,48,0.9762132212457012,1,0.0,10305
280120-07,fix_A_labels,49,0.0,0,0.0,8472
280120-07,fix_A_labels,50,0.9757169459962756,1,0.0,13189
280120-07,fix_A_labels,51,0.971827170526886,1,0.0,7301
280120-07,fix_A_labels,52,0.9250120948234156,1,0.0,9705
280120-07,fix_A_labels,53,0.0,0,0.0,8556
280120-07,fix_A_labels,54,0.0,0,0.0,4865
280120-07,fix_A_labels,55,0.0,0,0.0,7854
280120-07,fix_A_labels,56,0.0,0,0.0,13516
280120-07,fix_A_labels,57,0.975398246771609,1,0.0,10431
280120-07,fix_A_labels,58,0.8701791859499228,1,0.0,8320
280120-07,fix_A_labels,59,0.9694447746997978,1,0.0,8303
280120-07,fix_A_labels,60,0.9552608568930341,1,0.0,6711
280120-07,fix_A_labels,61,0.9632628579997001,1,0.0,6597
280120-07,fix_A_labels,62,0.0,0,0.0,9177
280120-07,fix_A_labels,63,0.9571817827948618,1,0.0,9898
280120-07,fix_A_labels,64,0.7367897413221314,1,0.0,8973
280120-07,fix_A_labels,65,0.9686261912410322,1,0.0,9101
280120-07,fix_A_labels,66,0.6659994778522322,1,0.0,11240
280120-07,fix_A_labels,67,0.964876910016978,1,0.0,9223
280120-07,fix_A_labels,68,0.0,0,0.0,7073
280120-07,fix_A_labels,69,0.6685405891612323,1,0.0,8611
280120-07,fix_A_labels,70,0.9687909782323629,1,0.050505050505050504,7464
280120-07,fix_A_labels,71,0.9672295184490306,1,0.0,7944
280120-07,fix_A_labels,72,0.6773198322917491,1,0.0,12345
280120-07,fix_A_labels,73,0.9716769215743725,1,0.0,10045
280120-07,fix_A_labels,74,0.7630135754742425,1,0.0,10932
280120-07,fix_A_labels,75,0.9613517721403059,1,0.017316017316017316,10657
280120-07,fix_A_labels,76,0.9665188470066519,1,0.0,8761
280120-07,fix_A_labels,77,0.0,0,0.0,4508
280120-07,fix_A_labels,78,0.7942684369659524,1,0.0,7371
280120-07,fix_A_labels,79,0.942065239143486,1,0.08904109589041095,9461
280120-07,fix_A_labels,80,0.9706257982120051,1,0.0,9216
280120-07,fix_A_labels,81,0.9581120231772091,1,0.0,8088
280120-07,fix_A_labels,82,0.9715533881946561,1,0.0,9705
280120-07,fix_A_labels,83,0.9647580780177465,1,0.0,11636
280120-07,fix_A_labels,84,0.7923743500866551,1,0.0,8470
280120-07,fix_A_labels,85,0.9774947941694698,1,0.0,12303
280120-07,fix_A_labels,86,0.0,0,0.0,5955
280120-07,fix_A_labels,87,0.3808549340609368,0,0.0,13120
280120-07,fix_A_labels,88,0.8711757269279393,1,0.017699115044247787,7682
280120-07,fix_A_labels,89,0.972972972972973,1,0.0,6509
280120-07,fix_A_labels,90,0.9610636277302944,1,0.0,10324
280120-07,fix_A_labels,91,0.9430364071658549,1,0.0,11571
280120-07,fix_A_labels,92,0.0,0,0.0,8368
280120-07,fix_A_labels,93,0.42923050139275765,0,0.0042643923240938165,10541
280120-07,fix_A_labels,94,0.5917467317687825,1,0.07179487179487179,7612
280120-07,fix_A_labels,95,0.0,0,0.0,7224
280120-07,fix_A_labels,96,0.0,0,0.0,10373
280120-07,fix_A_labels,97,0.0,0,0.0,17436
280120-07,fix_A_labels,98,0.9695404346277164,1,0.0,10994
280120-07,fix_A_labels,99,0.00013877966415321274,0,0.0,10215
280120-07,fix_A_labels,100,0.9676227515799708,1,0.0,10111
280120-07,fix_A_labels,101,0.0,0,0.0,8546
280120-07,fix_A_labels,102,0.9124028497409327,1,0.0,6111
280120-07,fix_A_labels,103,0.48462590912364084,0,0.0,13818
280120-07,fix_A_labels,104,0.9733650685707809,1,0.0,8664
280120-07,fix_A_labels,105,0.9258821543136924,1,0.0020242914979757085,11025
280120-07,fix_A_labels,106,0.9589315235360655,1,0.0,11109
280120-07,fix_A_labels,107,0.0,0,0.16666666666666666,11034
280120-07,fix_A_labels,108,0.0,0,0.0,10349
280120-07,fix_A_labels,109,0.0,0,0.0071090047393364926,8876
280120-07,fix_A_labels,110,0.9689506624400552,1,0.0,11961
280120-07,fix_A_labels,111,0.0,0,0.0,9277
280120-07,fix_A_labels,112,0.9617414248021108,1,0.0,9753
280120-07,fix_A_labels,113,0.0,0,0.0,8867
280120-07,fix_A_labels,114,0.9579006141820212,1,0.0,8672
280120-07,fix_A_labels,115,0.0,0,0.18640350877192982,9029
280120-07,fix_A_labels,116,0.9409400123685838,1,0.0,9506
280120-07,fix_A_labels,117,0.7023388279968931,1,0.0,11035
280120-07,fix_A_labels,118,0.6390677706225084,1,0.0,9647
280120-07,fix_A_labels,119,0.0,0,0.0,10361
280120-07,fix_A_labels,120,0.0,0,0.0,9310
280120-07,fix_A_labels,121,0.5426059041105451,1,0.10436893203883495,7837
280120-07,fix_A_labels,122,0.68270629806693,1,0.0,9412
280120-07,fix_A_labels,123,0.48406023860747116,0,0.0,9871
280120-07,fix_A_labels,124,0.8834785092103384,1,0.0,6875
280120-07,fix_A_labels,125,0.4899185730903451,0,0.0,10160
280120-07,fix_A_labels,126,0.11230577998756992,0,0.2358490566037736,6746
280120-07,fix_A_labels,127,0.5537682789651294,1,0.0,8766
280120-07,fix_A_labels,128,0.9573655414473005,1,0.0,9568
280120-07,fix_A_labels,129,0.31876758998666865,0,0.30116959064327486,4423
280120-07,fix_A_labels,130,0.0,0,0.24047619047619048,8697
280120-07,fix_A_labels,131,0.946733300828864,1,0.0,8058
280120-07,fix_A_labels,132,0.7083993660855784,1,0.10677083333333333,6376
280120-07,fix_A_labels,133,0.6620601783789082,1,0.0,9979
280120-07,fix_A_labels,134,0.8647051730375015,1,0.10022779043280182,8108
280120-07,fix_A_labels,135,0.7180670975684826,1,0.0,9563
280120-07,fix_A_labels,136,0.9125024885526578,1,0.23515981735159816,9288
280120-07,fix_A_labels,137,0.9451918835465373,1,0.0,8866
280120-07,fix_A_labels,138,0.850128896179986,1,0.0,8276
280120-07,fix_A_labels,139,0.7037961671194655,1,0.0,9688
280120-07,fix_A_labels,140,0.7248486409893082,1,0.002564102564102564,7704
280120-07,fix_A_labels,141,0.6122497998398719,1,0.01020408163265306,7722
280120-07,fix_A_labels,142,0.6612196390106218,1,0.22566371681415928,8982
280120-07,fix_A_labels,143,0.0,0,0.024336283185840708,9612
280120-07,fix_A_labels,144,0.8078449684800374,1,0.0022675736961451248,8373
280120-07,fix_A_labels,145,0.0,0,0.0,8534
280120-07,fix_A_labels,146,0.05985332387035723,0,0.005063291139240506,7562
280120-07,fix_A_labels,147,0.6516025641025641,1,0.0,9017
280120-07,fix_A_labels,148,0.0,0,0.0,6586
280120-07,fix_A_labels,149,0.9296663660955816,1,0.0,8391
280120-07,fix_A_labels,150,0.6478413351070262,1,0.22573363431151242,8090
280120-07,fix_A_labels,151,0.957081991063078,1,0.0,9312
280120-07,fix_A_labels,152,0.702730288338862,1,0.0,7730
280120-07,fix_A_labels,153,0.0,0,0.22838137472283815,7989
280120-07,fix_A_labels,154,0.0,0,0.20935960591133004,8050
280120-07,fix_A_labels,155,0.7564080509203509,1,0.021367521367521368,8907
280120-07,fix_A_labels,156,0.8869829683698297,1,0.12037037037037036,8082
280120-07,fix_A_labels,157,0.768075022688313,1,0.021645021645021644,9753
280120-07,fix_A_labels,158,0.7131284670247424,1,0.23557692307692307,8305
280120-07,fix_A_labels,159,0.9361566018423746,1,0.01715686274509804,7655
280120-07,fix_A_labels,160,0.7515756302521008,1,0.3601036269430052,7251
280120-07,fix_A_labels,161,0.9612562572858808,1,0.0,14210
280120-07,fix_A_labels,162,0.9698918146560522,1,0.0,9600
280120-07,fix_A_labels,163,0.0,0,0.2657894736842105,5913
280120-07,fix_A_labels,164,0.8096073272922147,1,0.0,8448
280120-07,fix_A_labels,165,0.0,0,0.15310077519379844,7460
280120-07,fix_A_labels,166,0.23914581591303788,0,0.07692307692307693,6665
280120-07,fix_A_labels,167,0.8092829250976216,1,0.0,10325
280120-07,fix_A_labels,168,0.0,0,0.1187214611872146,8859
280120-07,fix_A_labels,169,0.0,0,0.21861471861471862,10203
280120-07,fix_A_labels,170,0.6817269076305221,1,0.0,6877
280120-07,fix_A_labels,171,0.9274306528439339,1,0.0,10184
280120-07,fix_A_labels,172,0.0,0,0.03111111111111111,7123
280120-07,fix_A_labels,173,0.1615422500527686,0,0.10353535353535354,7793
280120-07,fix_A_labels,174,0.5126034729569926,1,0.11421911421911422,8319
280120-07,fix_A_labels,175,0.5740726155784831,1,0.0,7336
280120-07,fix_A_labels,176,0.0,0,0.0,4503
280120-07,fix_A_labels,177,0.25108350187806994,0,0.00784313725490196,9235
280120-07,fix_A_labels,178,0.6062213648420545,1,0.018083182640144666,8141
280120-07,fix_A_labels,179,0.14785757392878696,0,0.12564102564102564,6840
280120-07,fix_A_labels,180,0.42173615857826385,0,0.0662557781201849,6533
280120-07,fix_A_labels,181,0.032378166345322784,0,0.28534031413612565,5603
280120-07,fix_A_labels,182,0.7273474178403756,1,0.0,8361
280120-07,fix_A_labels,183,0.1383994361504453,0,0.0,5117
280120-07,fix_A_labels,184,0.9115813886070445,1,0.02643171806167401,6477
280120-07,fix_A_labels,185,0.8778313605143943,1,0.02242152466367713,6681
280120-07,fix_A_labels,186,0.0,0,0.0,7937
280120-07,fix_A_labels,187,0.22611431008743868,0,0.0,7013
280120-07,fix_A_labels,188,0.0,0,0.0,6729
280120-07,fix_A_labels,189,0.6080425703893304,1,0.0,9085
280120-07,fix_A_labels,190,0.0,0,0.0,7334
280120-07,fix_A_labels,191,0.0,0,0.024630541871921183,6457
280120-07,fix_A_labels,192,0.0,0,0.0,4095
280120-07,fix_B_labels_local_seeds,1,0.9767619776226452,1,0.0,10304
280120-07,fix_B_labels_local_seeds,2,0.9648086308759312,1,0.0,7677
280120-07,fix_B_labels_local_seeds,3,0.9751217995231678,1,0.0,9486
280120-07,fix_B_labels_local_seeds,4,0.5441337028638616,1,0.0,11715
280120-07,fix_B_labels_local_seeds,5,0.9590339061774269,1,0.0,10427
280120-07,fix_B_labels_local_seeds,6,0.9632118853908738,1,0.0,8415
280120-07,fix_B_labels_local_seeds,7,0.9650363990567005,1,0.0,9550
280120-07,fix_B_labels_local_seeds,8,0.9771487039563438,1,0.0,11550
280120-07,fix_B_labels_local_seeds,9,0.9673202614379085,1,0.0,8548
280120-07,fix_B_labels_local_seeds,10,0.8832366644480365,1,0.0,10517
280120-07,fix_B_labels_local_seeds,11,0.9731812577065352,1,0.0,9526
280120-07,fix_B_labels_local_seeds,12,0.9695411392405063,1,0.0,9939
280120-07,fix_B_labels_local_seeds,13,0.9752564238130486,1,0.0,9310
280120-07,fix_B_labels_local_seeds,14,0.9693711967545638,1,0.0,9630
280120-07,fix_B_labels_local_seeds,15,0.9740660137830975,1,0.0,10830
280120-07,fix_B_labels_local_seeds,16,0.0,0,0.0,10583
280120-07,fix_B_labels_local_seeds,17,0.8032951289398281,1,0.0,6713
280120-07,fix_B_labels_local_seeds,18,0.9777718024558573,1,0.0,11010
280120-07,fix_B_labels_local_seeds,19,0.0,0,0.0,10030
280120-07,fix_B_labels_local_seeds,20,0.9713610089332633,1,0.0,11236
280120-07,fix_B_labels_local_seeds,21,0.9699865410497981,1,0.0,7311
280120-07,fix_B_labels_local_seeds,22,0.9657404307554961,1,0.0,8771
280120-07,fix_B_labels_local_seeds,23,0.9647352647352647,1,0.0,9723
280120-07,fix_B_labels_local_seeds,24,0.9727017695295641,1,0.0,9143
280120-07,fix_B_labels_local_seeds,25,0.9680409518539015,1,0.0,7143
280120-07,fix_B_labels_local_seeds,26,0.9693738375697458,1,0.0,7893
280120-07,fix_B_labels_local_seeds,27,0.9731726725019894,1,0.0,8655
280120-07,fix_B_labels_local_seeds,28,0.0,0,0.0,4370
280120-07,fix_B_labels_local_seeds,29,0.9637267984956933,1,0.0,7988
280120-07,fix_B_labels_local_seeds,30,0.9658131299373468,1,0.0,7274
280120-07,fix_B_labels_local_seeds,31,0.5198218813779455,1,0.10628019323671498,8502
280120-07,fix_B_labels_local_seeds,32,0.9632709632709633,1,0.0,5705
280120-07,fix_B_labels_local_seeds,33,0.9682463314890546,1,0.0,8160
280120-07,fix_B_labels_local_seeds,34,0.0,0,0.0,5397
280120-07,fix_B_labels_local_seeds,35,0.9673564558437773,1,0.0,6706
280120-07,fix_B_labels_local_seeds,36,0.7854576807012502,1,0.0,6847
280120-07,fix_B_labels_local_seeds,37,0.9755126418475015,1,0.0,9899
280120-07,fix_B_labels_local_seeds,38,0.9522875816993464,1,0.0,7478
280120-07,fix_B_labels_local_seeds,39,0.9768405875461836,1,0.0,10941
280120-07,fix_B_labels_local_seeds,40,0.47860185247785814,0,0.052083333333333336,7146
280120-07,fix_B_labels_local_seeds,41,0.9632582695830191,1,0.0,8962
280120-07,fix_B_labels_local_seeds,42,0.966613924050633,1,0.0,12446
280120-07,fix_B_labels_local_seeds,43,0.9716409691629956,1,0.0,7134
280120-07,fix_B_labels_local_seeds,44,0.9645181993215366,1,0.0,10568
280120-07,fix_B_labels_local_seeds,45,0.9752300070771408,1,0.0,11125
280120-07,fix_B_labels_local_seeds,46,0.9756160164271047,1,0.0,11546
280120-07,fix_B_labels_local_seeds,47,0.9748673275257835,1,0.0,9788
280120-07,fix_B_labels_local_seeds,48,0.9762132212457012,1,0.0,10305
280120-07,fix_B_labels_local_seeds,49,0.9613714285714285,1,0.0,8472
280120-07,fix_B_labels_local_seeds,50,0.9757169459962756,1,0.0,13189
280120-07,fix_B_labels_local_seeds,51,0.9717032223124831,1,0.0,7301
280120-07,fix_B_labels_local_seeds,52,0.9250120948234156,1,0.0,9705
280120-07,fix_B_labels_local_seeds,53,0.9683122847301951,1,0.0,8556
280120-07,fix_B_labels_local_seeds,54,0.0,0,0.0,4865
280120-07,fix_B_labels_local_seeds,55,0.0,0,0.0,7854
280120-07,fix_B_labels_local_seeds,56,0.9661589308808737,1,0.0,13516
280120-07,fix_B_labels_local_seeds,57,0.9753959276018099,1,0.0,10431
280120-07,fix_B_labels_local_seeds,58,0.965207100591716,1,0.0,8320
280120-07,fix_B_labels_local_seeds,59,0.9685273159144893,1,0.0,8303
280120-07,fix_B_labels_local_seeds,60,0.9544196883646425,1,0.0,6711
280120-07,fix_B_labels_local_seeds,61,0.9635627530364372,1,0.0,6597
280120-07,fix_B_labels_local_seeds,62,0.9698885555079297,1,0.0,9177
280120-07,fix_B_labels_local_seeds,63,0.9565936739659368,1,0.0,9898
280120-07,fix_B_labels_local_seeds,64,0.9289078759995618,1,0.0,8973
280120-07,fix_B_labels_local_seeds,65,0.9687332690866259,1,0.0,9101
280120-07,fix_B_labels_local_seeds,66,0.9676496097137901,1,0.0,11240
280120-07,fix_B_labels_local_seeds,67,0.964876910016978,1,0.0,9223
280120-07,fix_B_labels_local_seeds,68,0.9650242886884108,1,0.0,7073
280120-07,fix_B_labels_local_seeds,69,0.7131590806669671,1,0.0,8611
280120-07,fix_B_labels_local_seeds,70,0.4983792544570502,0,0.050505050505050504,7464
280120-07,fix_B_labels_local_seeds,71,0.9673505128846634,1,0.0,7944
280120-07,fix_B_labels_local_seeds,72,0.9618380675112125,1,0.0,12345
280120-07,fix_B_labels_local_seeds,73,0.9715709261430246,1,0.0,10045
280120-07,fix_B_labels_local_seeds,74,0.9670833708067272,1,0.0,10932
280120-07,fix_B_labels_local_seeds,75,0.0,0,0.017316017316017316,10657
280120-07,fix_B_labels_local_seeds,76,0.967369589345172,1,0.0,8761
280120-07,fix_B_labels_local_seeds,77,0.0,0,0.0,4508
280120-07,fix_B_labels_local_seeds,78,0.6237632207437734,1,0.0,7371
280120-07,fix_B_labels_local_seeds,79,0.9416883376675335,1,0.08904109589041095,9461
280120-07,fix_B_labels_local_seeds,80,0.9705193699446573,1,0.0,9216
280120-07,fix_B_labels_local_seeds,81,0.9581120231772091,1,0.0,8088
280120-07,fix_B_labels_local_seeds,82,0.9715533881946561,1,0.0,9705
280120-07,fix_B_labels_local_seeds,83,0.9580251018202975,1,0.0,11636
280120-07,fix_B_labels_local_seeds,84,0.9623098201936376,1,0.0,8470
280120-07,fix_B_labels_local_seeds,85,0.9775748838699343,1,0.0,12303
280120-07,fix_B_labels_local_seeds,86,0.969721767594108,1,0.0,5955
280120-07,fix_B_labels_local_seeds,87,0.9709376167351513,1,0.0,13120
280120-07,fix_B_labels_local_seeds,88,0.0,0,0.017699115044247787,7682
280120-07,fix_B_labels_local_seeds,89,0.9731166464155528,1,0.0,6509
280120-07,fix_B_labels_local_seeds,90,0.931201827005424,1,0.0,10324
280120-07,fix_B_labels_local_seeds,91,0.9430364071658549,1,0.0,11571
280120-07,fix_B_labels_local_seeds,92,0.9653333333333334,1,0.0,8368
280120-07,fix_B_labels_local_seeds,93,0.0,0,0.0042643923240938165,10541
280120-07,fix_B_labels_local_seeds,94,0.5845207506034416,1,0.07179487179487179,7612
280120-07,fix_B_labels_local_seeds,95,0.0,0,0.0,7224
280120-07,fix_B_labels_local_seeds,96,0.9654814675091955,1,0.0,10373
280120-07,fix_B_labels_local_seeds,97,0.0,0,0.0,17436
280120-07,fix_B_labels_local_seeds,98,0.9696322023332443,1,0.0,10994
280120-07,fix_B_labels_local_seeds,99,0.9599735049205148,1,0.0,10215
280120-07,fix_B_labels_local_seeds,100,0.9667606181358732,1,0.0,10111
280120-07,fix_B_labels_local_seeds,101,0.7992807797861267,1,0.0,8546
280120-07,fix_B_labels_local_seeds,102,0.9156821492150834,1,0.0,6111
280120-07,fix_B_labels_local_seeds,103,0.974503642336809,1,0.0,13818
280120-07,fix_B_labels_local_seeds,104,0.9739199455720603,1,0.0,8664
280120-07,fix_B_labels_local_seeds,105,0.0,0,0.0020242914979757085,11025
280120-07,fix_B_labels_local_seeds,106,0.958768267223382,1,0.0,11109
280120-07,fix_B_labels_local_seeds,107,0.0,0,0.16666666666666666,11034
280120-07,fix_B_labels_local_seeds,108,0.0,0,0.0,10349
280120-07,fix_B_labels_local_seeds,109,0.0,0,0.0071090047393364926,8876
280120-07,fix_B_labels_local_seeds,110,0.9688693814516784,1,0.0,11961
280120-07,fix_B_labels_local_seeds,111,0.9665030936633241,1,0.0,9277
280120-07,fix_B_labels_local_seeds,112,0.9614330660712473,1,0.0,9753
280120-07,fix_B_labels_local_seeds,113,0.9466165413533835,1,0.0,8867
280120-07,fix_B_labels_local_seeds,114,0.9577889447236181,1,0.0,8672
280120-07,fix_B_labels_local_seeds,115,0.0,0,0.18640350877192982,9029
280120-07,fix_B_labels_local_seeds,116,0.9404430705821741,1,0.0,9506
280120-07,fix_B_labels_local_seeds,117,0.9333790619909115,1,0.0,11035
280120-07,fix_B_labels_local_seeds,118,0.5853010324031483,1,0.0,9647
280120-07,fix_B_labels_local_seeds,119,0.0,0,0.0,10361
280120-07,fix_B_labels_local_seeds,120,0.944710537276135,1,0.0,9310
280120-07,fix_B_labels_local_seeds,121,0.5430186309399204,1,0.10436893203883495,7837
280120-07,fix_B_labels_local_seeds,122,0.8720299345182414,1,0.0,9412
280120-07,fix_B_labels_local_seeds,123,0.9620115056536401,1,0.0,9871
280120-07,fix_B_labels_local_seeds,124,0.8820923252822638,1,0.0,6875
280120-07,fix_B_labels_local_seeds,125,0.692343735357511,1,0.0,10160
280120-07,fix_B_labels_local_seeds,126,0.407514450867052,0,0.2358490566037736,6746
280120-07,fix_B_labels_local_seeds,127,0.8161201927619768,1,0.0,8766
280120-07,fix_B_labels_local_seeds,128,0.9574687725818106,1,0.0,9568
280120-07,fix_B_labels_local_seeds,129,0.31958533876342093,0,0.30116959064327486,4423
280120-07,fix_B_labels_local_seeds,130,0.0,0,0.24047619047619048,8697
280120-07,fix_B_labels_local_seeds,131,0.9462195121951219,1,0.0,8058
280120-07,fix_B_labels_local_seeds,132,0.43549060542797496,0,0.10677083333333333,6376
280120-07,fix_B_labels_local_seeds,133,0.0,0,0.0,9979
280120-07,fix_B_labels_local_seeds,134,0.4372325249643367,0,0.10022779043280182,8108
280120-07,fix_B_labels_local_seeds,135,0.0,0,0.0,9563
280120-07,fix_B_labels_local_seeds,136,0.9646251319957762,1,0.23515981735159816,9288
280120-07,fix_B_labels_local_seeds,137,0.9443832599118943,1,0.0,8866
280120-07,fix_B_labels_local_seeds,138,0.0,0,0.0,8276
280120-07,fix_B_labels_local_seeds,139,0.8398317707876982,1,0.0,9688
280120-07,fix_B_labels_local_seeds,140,0.4857456140350877,0,0.002564102564102564,7704
280120-07,fix_B_labels_local_seeds,141,0.580987785448752,1,0.01020408163265306,7722
280120-07,fix_B_labels_local_seeds,142,0.6604837512984122,1,0.22566371681415928,8982
280120-07,fix_B_labels_local_seeds,143,0.0,0,0.024336283185840708,9612
280120-07,fix_B_labels_local_seeds,144,0.0,0,0.0022675736961451248,8373
280120-07,fix_B_labels_local_seeds,145,0.0,0,0.0,8534
280120-07,fix_B_labels_local_seeds,146,4.5945325063174825e-05,0,0.005063291139240506,7562
280120-07,fix_B_labels_local_seeds,147,0.9471950701232469,1,0.0,9017
280120-07,fix_B_labels_local_seeds,148,0.0,0,0.0,6586
280120-07,fix_B_labels_local_seeds,149,0.963557534567612,1,0.0,8391
280120-07,fix_B_labels_local_seeds,150,0.5658991382963695,1,0.22573363431151242,8090
280120-07,fix_B_labels_local_seeds,151,0.0,0,0.0,9312
280120-07,fix_B_labels_local_seeds,152,0.744322531257974,1,0.0,7730
280120-07,fix_B_labels_local_seeds,153,0.0,0,0.22838137472283815,7989
280120-07,fix_B_labels_local_seeds,154,0.0,0,0.20935960591133004,8050
280120-07,fix_B_labels_local_seeds,155,0.0,0,0.021367521367521368,8907
280120-07,fix_B_labels_local_seeds,156,0.0,0,0.12037037037037036,8082
280120-07,fix_B_labels_local_seeds,157,0.0,0,0.021645021645021644,9753
280120-07,fix_B_labels_local_seeds,158,0.5021812596006144,1,0.23557692307692307,8305
280120-07,fix_B_labels_local_seeds,159,0.4807704696257167,0,0.01715686274509804,7655
280120-07,fix_B_labels_local_seeds,160,0.3700944183955296,0,0.3601036269430052,7251
280120-07,fix_B_labels_local_seeds,161,0.9612562572858808,1,0.0,14210
280120-07,fix_B_labels_local_seeds,162,0.9700989896928258,1,0.0,9600
280120-07,fix_B_labels_local_seeds,163,0.3581751377832211,0,0.2657894736842105,5913
280120-07,fix_B_labels_local_seeds,164,0.8096073272922147,1,0.0,8448
280120-07,fix_B_labels_local_seeds,165,0.0,0,0.15310077519379844,7460
280120-07,fix_B_labels_local_seeds,166,0.24874501222808598,0,0.07692307692307693,6665
280120-07,fix_B_labels_local_seeds,167,0.0,0,0.0,10325
280120-07,fix_B_labels_local_seeds,168,0.0,0,0.1187214611872146,8859
280120-07,fix_B_labels_local_seeds,169,0.618008435723455,1,0.21861471861471862,10203
280120-07,fix_B_labels_local_seeds,170,0.0,0,0.0,6877
280120-07,fix_B_labels_local_seeds,171,0.9462754810440084,1,0.0,10184
280120-07,fix_B_labels_local_seeds,172,0.0,0,0.03111111111111111,7123
280120-07,fix_B_labels_local_seeds,173,0.5421476040573627,1,0.10353535353535354,7793
280120-07,fix_B_labels_local_seeds,174,0.5764681178693918,1,0.11421911421911422,8319
280120-07,fix_B_labels_local_seeds,175,0.0,0,0.0,7336
280120-07,fix_B_labels_local_seeds,176,0.0,0,0.0,4503
280120-07,fix_B_labels_local_seeds,177,0.29008426642040863,0,0.00784313725490196,9235
280120-07,fix_B_labels_local_seeds,178,0.0,0,0.018083182640144666,8141
280120-07,fix_B_labels_local_seeds,179,0.2117233834283411,0,0.12564102564102564,6840
280120-07,fix_B_labels_local_seeds,180,0.42147687683584945,0,0.0662557781201849,6533
280120-07,fix_B_labels_local_seeds,181,0.0006035812487425391,0,0.28534031413612565,5603
280120-07,fix_B_labels_local_seeds,182,0.0,0,0.0,8361
280120-07,fix_B_labels_local_seeds,183,0.0,0,0.0,5117
280120-07,fix_B_labels_local_seeds,184,0.46179207267931716,0,0.02643171806167401,6477
280120-07,fix_B_labels_local_seeds,185,0.48895619413459407,0,0.02242152466367713,6681
280120-07,fix_B_labels_local_seeds,186,0.0,0,0.0,7937
280120-07,fix_B_labels_local_seeds,187,0.08576838442249629,0,0.0,7013
280120-07,fix_B_labels_local_seeds,188,0.0,0,0.0,6729
280120-07,fix_B_labels_local_seeds,189,0.0,0,0.0,9085
280120-07,fix_B_labels_local_seeds,190,0.8626036783267219,1,0.0,7334
280120-07,fix_B_labels_local_seeds,191,0.0,0,0.024630541871921183,6457
280120-07,fix_B_labels_local_seeds,192,0.0,0,0.0,4095
280120-07,cellpose_sam,1,0.9546044098573282,1,0.0,10304
280120-07,cellpose_sam,2,0.967844030889986,1,0.0,7677
280120-07,cellpose_sam,3,0.9454799162762882,1,0.0,9486
280120-07,cellpose_sam,4,0.9607682206172029,1,0.0,11715
280120-07,cellpose_sam,5,0.9439311594202898,1,0.0,10427
280120-07,cellpose_sam,6,0.9563537167538076,1,0.0,8415
280120-07,cellpose_sam,7,0.9483614697120158,1,0.0,9550
280120-07,cellpose_sam,8,0.9484315979635408,1,0.0,11550
280120-07,cellpose_sam,9,0.9411634838282371,1,0.0,8548
280120-07,cellpose_sam,10,0.9684162062615101,1,0.0,10517
280120-07,cellpose_sam,11,0.9307278944797265,1,0.0,9526
280120-07,cellpose_sam,12,0.9533678756476683,1,0.0,9939
280120-07,cellpose_sam,13,0.9543823680164019,1,0.0,9310
280120-07,cellpose_sam,14,0.9297161614211238,1,0.0,9630
280120-07,cellpose_sam,15,0.9529256489221294,1,0.0,10830
280120-07,cellpose_sam,16,0.9425543284645529,1,0.0,10583
280120-07,cellpose_sam,17,0.9514342516330588,1,0.0,6713
280120-07,cellpose_sam,18,0.9548174486167722,1,0.0,11010
280120-07,cellpose_sam,19,0.9588477366255144,1,0.0,10030
280120-07,cellpose_sam,20,0.9441223426602806,1,0.0,11236
280120-07,cellpose_sam,21,0.9451842275371687,1,0.0,7311
280120-07,cellpose_sam,22,0.9309063893016345,1,0.0,8771
280120-07,cellpose_sam,23,0.9391480730223124,1,0.0,9723
280120-07,cellpose_sam,24,0.9452083117957201,1,0.0,9143
280120-07,cellpose_sam,25,0.9676239501490111,1,0.0,7143
280120-07,cellpose_sam,26,0.9396428571428571,1,0.0,7893
280120-07,cellpose_sam,27,0.9395353886235345,1,0.0,8655
280120-07,cellpose_sam,28,0.8592999313658202,1,0.0,4370
280120-07,cellpose_sam,29,0.9262523191094619,1,0.0,7988
280120-07,cellpose_sam,30,0.9632186960563006,1,0.0,7274
280120-07,cellpose_sam,31,0.9475563490292346,1,0.10628019323671498,8502
280120-07,cellpose_sam,32,0.9511133433785367,1,0.0,5705
280120-07,cellpose_sam,33,0.9415245388096067,1,0.0,8160
280120-07,cellpose_sam,34,0.8545488234204187,1,0.0,5397
280120-07,cellpose_sam,35,0.9319066147859922,1,0.0,6706
280120-07,cellpose_sam,36,0.9628326059411516,1,0.0,6847
280120-07,cellpose_sam,37,0.9557787003958675,1,0.0,9899
280120-07,cellpose_sam,38,0.9466019417475728,1,0.0,7478
280120-07,cellpose_sam,39,0.9480114374837536,1,0.0,10941
280120-07,cellpose_sam,40,0.953757225433526,1,0.052083333333333336,7146
280120-07,cellpose_sam,41,0.9271673908545417,1,0.0,8962
280120-07,cellpose_sam,42,0.9479764363858925,1,0.0,12446
280120-07,cellpose_sam,43,0.9414093428345209,1,0.0,7134
280120-07,cellpose_sam,44,0.9384601722759968,1,0.0,10568
280120-07,cellpose_sam,45,0.9482611660415956,1,0.0,11125
280120-07,cellpose_sam,46,0.9532694848084544,1,0.0,11546
280120-07,cellpose_sam,47,0.9468898132920577,1,0.0,9788
280120-07,cellpose_sam,48,0.961000186601978,1,0.0,10305
280120-07,cellpose_sam,49,0.923177508989866,1,0.0,8472
280120-07,cellpose_sam,50,0.9563356785377529,1,0.0,13189
280120-07,cellpose_sam,51,0.9479356011425604,1,0.0,7301
280120-07,cellpose_sam,52,0.9534335396404362,1,0.0,9705
280120-07,cellpose_sam,53,0.9434274371415968,1,0.0,8556
280120-07,cellpose_sam,54,0.9470198675496688,1,0.0,4865
280120-07,cellpose_sam,55,0.9585219625596476,1,0.0,7854
280120-07,cellpose_sam,56,0.948358125175414,1,0.0,13516
280120-07,cellpose_sam,57,0.9427022141888839,1,0.0,10431
280120-07,cellpose_sam,58,0.9503943307806606,1,0.0,8320
280120-07,cellpose_sam,59,0.9479392624728851,1,0.0,8303
280120-07,cellpose_sam,60,0.9555428897121687,1,0.0,6711
280120-07,cellpose_sam,61,0.9387900355871887,1,0.0,6597
280120-07,cellpose_sam,62,0.9411342426417804,1,0.0,9177
280120-07,cellpose_sam,63,0.9456334798394802,1,0.0,9898
280120-07,cellpose_sam,64,0.9387947269303202,1,0.0,8973
280120-07,cellpose_sam,65,0.93487416538264,1,0.0,9101
280120-07,cellpose_sam,66,0.9391711229946524,1,0.0,11240
280120-07,cellpose_sam,67,0.9439156688158837,1,0.0,9223
280120-07,cellpose_sam,68,0.9488865038905285,1,0.0,7073
280120-07,cellpose_sam,69,0.938815574217472,1,0.0,8611
280120-07,cellpose_sam,70,0.9462474645030426,1,0.050505050505050504,7464
280120-07,cellpose_sam,71,0.9583735521235521,1,0.0,7944
280120-07,cellpose_sam,72,0.9507817915735962,1,0.0,12345
280120-07,cellpose_sam,73,0.9484974484974485,1,0.0,10045
280120-07,cellpose_sam,74,0.9590099183709295,1,0.0,10932
280120-07,cellpose_sam,75,0.9424301379554297,1,0.017316017316017316,10657
280120-07,cellpose_sam,76,0.9368049615055604,1,0.0,8761
280120-07,cellpose_sam,77,0.9563003818413237,1,0.0,4508
280120-07,cellpose_sam,78,0.9299744897959183,1,0.0,7371
280120-07,cellpose_sam,79,0.9350662186202807,1,0.08904109589041095,9461
280120-07,cellpose_sam,80,0.9491088904913979,1,0.0,9216
280120-07,cellpose_sam,81,0.9486096444913763,1,0.0,8088
280120-07,cellpose_sam,82,0.9570019723865878,1,0.0,9705
280120-07,cellpose_sam,83,0.959195449674388,1,0.0,11636
280120-07,cellpose_sam,84,0.937776793622675,1,0.0,8470
280120-07,cellpose_sam,85,0.9482811777400956,1,0.0,12303
280120-07,cellpose_sam,86,0.9347041280803642,1,0.0,5955
280120-07,cellpose_sam,87,0.7499626921355022,1,0.0,13120
280120-07,cellpose_sam,88,0.9293238608525233,1,0.017699115044247787,7682
280120-07,cellpose_sam,89,0.951052016364699,1,0.0,6509
280120-07,cellpose_sam,90,0.95772161308307,1,0.0,10324
280120-07,cellpose_sam,91,0.947588240111375,1,0.0,11571
280120-07,cellpose_sam,92,0.9374859959668385,1,0.0,8368
280120-07,cellpose_sam,93,0.955800601476351,1,0.0042643923240938165,10541
280120-07,cellpose_sam,94,0.9526228883525975,1,0.07179487179487179,7612
280120-07,cellpose_sam,95,0.9509945988670795,1,0.0,7224
280120-07,cellpose_sam,96,0.95111437219114,1,0.0,10373
280120-07,cellpose_sam,97,0.6040117196303809,1,0.0,17436
280120-07,cellpose_sam,98,0.9441772586739952,1,0.0,10994
280120-07,cellpose_sam,99,0.9243507374898199,1,0.0,10215
280120-07,cellpose_sam,100,0.9534138061109015,1,0.0,10111
280120-07,cellpose_sam,101,0.9378841088674276,1,0.0,8546
280120-07,cellpose_sam,102,0.9259090909090909,1,0.0,6111
280120-07,cellpose_sam,103,0.9558477508650519,1,0.0,13818
280120-07,cellpose_sam,104,0.9438936703344591,1,0.0,8664
280120-07,cellpose_sam,105,0.8909748535997244,1,0.0020242914979757085,11025
280120-07,cellpose_sam,106,0.9442413939651508,1,0.0,11109
280120-07,cellpose_sam,107,0.9364014604738049,1,0.16666666666666666,11034
280120-07,cellpose_sam,108,0.851209080440862,1,0.0,10349
280120-07,cellpose_sam,109,0.9529588658575878,1,0.0071090047393364926,8876
280120-07,cellpose_sam,110,0.9417368711125108,1,0.0,11961
280120-07,cellpose_sam,111,0.9598961038961039,1,0.0,9277
280120-07,cellpose_sam,112,0.9550176401411211,1,0.0,9753
280120-07,cellpose_sam,113,0.942595939194217,1,0.0,8867
280120-07,cellpose_sam,114,0.9513079797757749,1,0.0,8672
280120-07,cellpose_sam,115,0.948928985966023,1,0.18640350877192982,9029
280120-07,cellpose_sam,116,0.9457765396477963,1,0.0,9506
280120-07,cellpose_sam,117,0.9455059549310256,1,0.0,11035
280120-07,cellpose_sam,118,0.9389721627408993,1,0.0,9647
280120-07,cellpose_sam,119,0.9362957499769522,1,0.0,10361
280120-07,cellpose_sam,120,0.9599628521308431,1,0.0,9310
280120-07,cellpose_sam,121,0.9138113740727658,1,0.10436893203883495,7837
280120-07,cellpose_sam,122,0.8997992159862319,1,0.0,9412
280120-07,cellpose_sam,123,0.9485626382078647,1,0.0,9871
280120-07,cellpose_sam,124,0.9516800888642044,1,0.0,6875
280120-07,cellpose_sam,125,0.9443824404761905,1,0.0,10160
280120-07,cellpose_sam,126,0.945816283335685,1,0.2358490566037736,6746
280120-07,cellpose_sam,127,0.894390795151017,1,0.0,8766
280120-07,cellpose_sam,128,0.9488302638128422,1,0.0,9568
280120-07,cellpose_sam,129,0.9521264751725673,1,0.30116959064327486,4423
280120-07,cellpose_sam,130,0.9423556181601473,1,0.24047619047619048,8697
280120-07,cellpose_sam,131,0.9616904106309111,1,0.0,8058
280120-07,cellpose_sam,132,0.9333918899136291,1,0.10677083333333333,6376
280120-07,cellpose_sam,133,0.9352389878163074,1,0.0,9979
280120-07,cellpose_sam,134,0.9585160602109755,1,0.10022779043280182,8108
280120-07,cellpose_sam,135,0.9474260679079957,1,0.0,9563
280120-07,cellpose_sam,136,0.9553009187570971,1,0.23515981735159816,9288
280120-07,cellpose_sam,137,0.934435025217298,1,0.0,8866
280120-07,cellpose_sam,138,0.8868178755894902,1,0.0,8276
280120-07,cellpose_sam,139,0.9390232061365181,1,0.0,9688
280120-07,cellpose_sam,140,0.9514370664023786,1,0.002564102564102564,7704
280120-07,cellpose_sam,141,0.9436080947680158,1,0.01020408163265306,7722
280120-07,cellpose_sam,142,0.9495291503544598,1,0.22566371681415928,8982
280120-07,cellpose_sam,143,0.9387635511280399,1,0.024336283185840708,9612
280120-07,cellpose_sam,144,0.8546048601184398,1,0.0022675736961451248,8373
280120-07,cellpose_sam,145,0.9421606648199446,1,0.0,8534
280120-07,cellpose_sam,146,0.9463591928813134,1,0.005063291139240506,7562
280120-07,cellpose_sam,147,0.9466666666666667,1,0.0,9017
280120-07,cellpose_sam,148,0.9281104607534144,1,0.0,6586
280120-07,cellpose_sam,149,0.9540583675330597,1,0.0,8391
280120-07,cellpose_sam,150,0.93885949441505,1,0.22573363431151242,8090
280120-07,cellpose_sam,151,0.957282552753474,1,0.0,9312
280120-07,cellpose_sam,152,0.9586848635235732,1,0.0,7730
280120-07,cellpose_sam,153,0.9413234944060938,1,0.22838137472283815,7989
280120-07,cellpose_sam,154,0.9574493444576877,1,0.20935960591133004,8050
280120-07,cellpose_sam,155,0.9421946789186879,1,0.021367521367521368,8907
280120-07,cellpose_sam,156,0.9152484683458135,1,0.12037037037037036,8082
280120-07,cellpose_sam,157,0.9378786421771325,1,0.021645021645021644,9753
280120-07,cellpose_sam,158,0.9584638589163476,1,0.23557692307692307,8305
280120-07,cellpose_sam,159,0.9452568428946382,1,0.01715686274509804,7655
280120-07,cellpose_sam,160,0.9401743264659271,1,0.3601036269430052,7251
280120-07,cellpose_sam,161,0.9492884345560233,1,0.0,14210
280120-07,cellpose_sam,162,0.9605936027273639,1,0.0,9600
280120-07,cellpose_sam,163,0.9552529182879378,1,0.2657894736842105,5913
280120-07,cellpose_sam,164,0.8635852336639738,1,0.0,8448
280120-07,cellpose_sam,165,0.925288084082563,1,0.15310077519379844,7460
280120-07,cellpose_sam,166,0.9613420860685631,1,0.07692307692307693,6665
280120-07,cellpose_sam,167,0.8744706081653396,1,0.0,10325
280120-07,cellpose_sam,168,0.9207772795216741,1,0.1187214611872146,8859
280120-07,cellpose_sam,169,0.9552364864864865,1,0.21861471861471862,10203
280120-07,cellpose_sam,170,0.6625240847784201,1,0.0,6877
280120-07,cellpose_sam,171,0.9376901096875288,1,0.0,10184
280120-07,cellpose_sam,172,0.935632486507832,1,0.03111111111111111,7123
280120-07,cellpose_sam,173,0.939397634434825,1,0.10353535353535354,7793
280120-07,cellpose_sam,174,0.8869026755462087,1,0.11421911421911422,8319
280120-07,cellpose_sam,175,0.7617875169272437,1,0.0,7336
280120-07,cellpose_sam,176,0.9066784608580274,1,0.0,4503
280120-07,cellpose_sam,177,0.9082144613871126,1,0.00784313725490196,9235
280120-07,cellpose_sam,178,0.8532842879663689,1,0.018083182640144666,8141
280120-07,cellpose_sam,179,0.7972027972027972,1,0.12564102564102564,6840
280120-07,cellpose_sam,180,0.9017708490994399,1,0.0662557781201849,6533
280120-07,cellpose_sam,181,0.9256666666666666,1,0.28534031413612565,5603
280120-07,cellpose_sam,182,0.9059492563429571,1,0.0,8361
280120-07,cellpose_sam,183,0.9238130981422406,1,0.0,5117
280120-07,cellpose_sam,184,0.8839529797703664,1,0.02643171806167401,6477
280120-07,cellpose_sam,185,0.9054775280898877,1,0.02242152466367713,6681
280120-07,cellpose_sam,186,0.23684053473382669,0,0.0,7937
280120-07,cellpose_sam,187,0.025180802103879026,0,0.0,7013
280120-07,cellpose_sam,188,0.2007937455239914,0,0.0,6729
280120-07,cellpose_sam,189,0.9274016897882549,1,0.0,9085
280120-07,cellpose_sam,190,0.9508260699882919,1,0.0,7334
280120-07,cellpose_sam,191,0.6444801930424291,1,0.024630541871921183,6457
280120-07,cellpose_sam,192,0.0,0,0.0,4095
280120-08,original,1,0.9697131658649564,1,0.0,11112
280120-08,original,2,0.9792854275391409,1,0.0,12372
280120-08,original,3,0.962087326943557,1,0.0,13804
280120-08,original,4,0.0,0,0.0,9992
280120-08,original,5,0.981394667447993,1,0.0,13503
280120-08,original,6,0.9566506113375324,1,0.0,5333
280120-08,original,7,0.9716390795316916,1,0.0,9791
280120-08,original,8,0.969075275305476,1,0.0,12931
280120-08,original,9,0.9667324499577108,1,0.0,10529
280120-08,original,10,0.0,0,0.0,11961
280120-08,original,11,0.0,0,0.0,17911
280120-08,original,12,0.9702558001189768,1,0.0,11639
280120-08,original,13,0.9662355698290079,1,0.0,11348
280120-08,original,14,0.968413320274241,1,0.0,12057
280120-08,original,15,0.9650868137024871,1,0.0,10518
280120-08,original,16,0.9568530532385954,1,0.0,9635
280120-08,original,17,0.9645216891697788,1,0.0,13598
280120-08,original,18,0.0,0,0.0,11557
280120-08,original,19,0.973701955495617,1,0.0,13193
280120-08,original,20,0.9575768803260467,1,0.0,10723
280120-08,original,21,0.9740634005763689,1,0.0,14330
280120-08,original,22,0.0,0,0.0,6317
280120-08,original,23,0.9551984877126654,1,0.0,10387
280120-08,original,24,0.0,0,0.0,9893
280120-08,original,25,0.9494453248811411,1,0.0,6266
280120-08,original,26,0.0,0,0.0,13638
280120-08,original,27,0.9700982175336486,1,0.0,13530
280120-08,original,28,0.0,0,0.0,10334
280120-08,original,29,0.9790351098762313,1,0.0,15766
280120-08,original,30,0.0,0,0.06321839080459771,12826
280120-08,original,31,0.0,0,0.0,9786
280120-08,original,32,0.9638812366085093,1,0.0,9704
280120-08,original,33,0.0,0,0.0,11799
280120-08,original,34,0.0,0,0.10208333333333333,10527
280120-08,original,35,0.0,0,0.0,17297
280120-08,original,36,0.9515662240381342,1,0.0,11386
280120-08,original,37,0.0,0,0.02044989775051125,11124
280120-08,original,38,0.9663952745849298,1,0.0,12397
280120-08,original,39,0.0,0,0.0,9747
280120-08,original,40,0.9628384356751017,1,0.0,11146
280120-08,original,41,0.9330571665285833,1,0.0,5887
280120-08,original,42,0.9633237822349571,1,0.0,13774
280120-08,original,43,0.9205582393988191,1,0.0,9090
280120-08,original,44,0.0,0,0.06666666666666667,10155
280120-08,original,45,0.0,0,0.02252252252252252,10090
280120-08,original,46,0.9536260483473114,1,0.0,7994
280120-08,original,47,0.9483977379830348,1,0.0,12426
280120-08,original,48,0.966189111747851,1,0.0,8636
280120-08,original,49,0.934640522875817,1,0.0,9950
280120-08,original,50,0.9760366586538461,1,0.0,13108
280120-08,original,51,0.9422518634758729,1,0.0,12267
280120-08,original,52,0.0,0,0.0,7776
280120-08,original,53,0.0,0,0.0,14043
280120-08,original,54,0.0,0,0.11032863849765258,8873
280120-08,original,55,0.0,0,0.0,19607
280120-08,original,56,0.0,0,0.0,11351
280120-08,original,57,0.0,0,0.12974051896207583,12342
280120-08,original,58,0.841562902533276,1,0.0,10139
280120-08,original,59,0.0,0,0.0,17523
280120-08,original,60,0.9561709550806803,1,0.0,13608
280120-08,original,61,0.9629470426409904,1,0.0,11584
280120-08,original,62,0.0,0,0.0,10951
280120-08,original,63,0.0,0,0.0,8759
280120-08,original,64,0.0,0,0.0,9407
280120-08,original,65,0.8837940617229779,1,0.0,12278
280120-08,original,66,0.0,0,0.0,22966
280120-08,original,67,0.0,0,0.1608910891089109,6942
280120-08,original,68,0.0,0,0.0,17668
280120-08,original,69,0.0,0,0.0,4520
280120-08,original,70,0.0,0,0.0,11660
280120-08,original,71,0.0,0,0.0,12628
280120-08,original,72,0.0,0,0.0,12861
280120-08,original,73,0.0,0,0.0,14484
280120-08,original,74,0.0,0,0.0,15106
280120-08,original,75,0.0,0,0.0,16525
280120-08,original,76,0.0,0,0.006557377049180328,13393
280120-08,original,77,0.0,0,0.08486238532110092,9084
280120-08,original,78,0.0,0,0.0,11740
280120-08,original,79,0.0,0,0.1672473867595819,13741
280120-08,original,80,0.0,0,0.0,11675
280120-08,original,81,0.0,0,0.2838427947598253,10184
280120-08,original,82,0.926647669822594,1,0.0,10758
280120-08,original,83,0.0,0,0.0,11699
280120-08,original,84,0.0,0,0.2349869451697128,6131
280120-08,original,85,0.9247052000773246,1,0.0,10276
280120-08,original,86,0.0,0,0.0,12754
280120-08,original,87,0.0,0,0.20408163265306123,11062
280120-08,original,88,0.0,0,0.0,7774
280120-08,original,89,0.0,0,0.0,13568
280120-08,original,90,0.0,0,0.04063604240282685,12410
280120-08,original,91,0.0,0,0.18248175182481752,12600
280120-08,original,92,0.0,0,0.0,9838
280120-08,original,93,0.0,0,0.017241379310344827,4644
280120-08,original,94,0.0,0,0.0,10617
280120-08,original,95,0.0,0,0.009174311926605505,8191
280120-08,original,96,0.0,0,0.28225806451612906,9361
280120-08,original,97,0.0,0,0.0,4893
280120-08,original,98,0.0,0,0.008097165991902834,9740
280120-08,original,99,0.0,0,0.0,19376
280120-08,original,100,0.0,0,0.0,4458
280120-08,original,101,0.0,0,0.2018348623853211,4115
280120-08,original,102,0.0,0,0.2564102564102564,12806
280120-08,original,103,0.0,0,0.1069364161849711,4213
280120-08,original,104,0.0,0,0.0,11282
280120-08,original,105,0.0,0,0.008350730688935281,10422
280120-08,original,106,0.0,0,0.0,12950
280120-08,original,107,0.0,0,0.2778993435448578,6539
280120-08,original,108,0.0,0,0.0,10065
280120-08,original,109,0.0,0,0.0,11617
280120-08,original,110,0.0,0,0.12573673870333987,10848
280120-08,original,111,0.0,0,0.045364891518737675,9923
280120-08,fix_A_labels,1,0.9697131658649564,1,0.0,11112
280120-08,fix_A_labels,2,0.9792854275391409,1,0.0,12372
280120-08,fix_A_labels,3,0.962087326943557,1,0.0,13804
280120-08,fix_A_labels,4,0.9621376454348255,1,0.0,9992
280120-08,fix_A_labels,5,0.981394667447993,1,0.0,13503
280120-08,fix_A_labels,6,0.9566506113375324,1,0.0,5333
280120-08,fix_A_labels,7,0.9716390795316916,1,0.0,9791
280120-08,fix_A_labels,8,0.969075275305476,1,0.0,12931
280120-08,fix_A_labels,9,0.9667324499577108,1,0.0,10529
280120-08,fix_A_labels,10,0.9715819909128459,1,0.0,11961
280120-08,fix_A_labels,11,0.5205281846426987,1,0.0,17911
280120-08,fix_A_labels,12,0.9702558001189768,1,0.0,11639
280120-08,fix_A_labels,13,0.9662355698290079,1,0.0,11348
280120-08,fix_A_labels,14,0.968413320274241,1,0.0,12057
280120-08,fix_A_labels,15,0.9650868137024871,1,0.0,10518
280120-08,fix_A_labels,16,0.9568530532385954,1,0.0,9635
280120-08,fix_A_labels,17,0.9645216891697788,1,0.0,13598
280120-08,fix_A_labels,18,0.9311817360597848,1,0.0,11557
280120-08,fix_A_labels,19,0.973701955495617,1,0.0,13193
280120-08,fix_A_labels,20,0.9575768803260467,1,0.0,10723
280120-08,fix_A_labels,21,0.9740634005763689,1,0.0,14330
280120-08,fix_A_labels,22,0.9619933764390475,1,0.0,6317
280120-08,fix_A_labels,23,0.9551984877126654,1,0.0,10387
280120-08,fix_A_labels,24,0.9473320158102767,1,0.0,9893
280120-08,fix_A_labels,25,0.9494453248811411,1,0.0,6266
280120-08,fix_A_labels,26,0.9272377814387699,1,0.0,13638
280120-08,fix_A_labels,27,0.9700982175336486,1,0.0,13530
280120-08,fix_A_labels,28,0.970816189838293,1,0.0,10334
280120-08,fix_A_labels,29,0.9790351098762313,1,0.0,15766
280120-08,fix_A_labels,30,0.12197983660698766,0,0.06321839080459771,12826
280120-08,fix_A_labels,31,0.9717571111559411,1,0.0,9786
280120-08,fix_A_labels,32,0.9638812366085093,1,0.0,9704
280120-08,fix_A_labels,33,0.9589629262653786,1,0.0,11799
280120-08,fix_A_labels,34,0.0,0,0.10208333333333333,10527
280120-08,fix_A_labels,35,0.0,0,0.0,17297
280120-08,fix_A_labels,36,0.9515662240381342,1,0.0,11386
280120-08,fix_A_labels,37,0.0,0,0.02044989775051125,11124
280120-08,fix_A_labels,38,0.9663952745849298,1,0.0,12397
280120-08,fix_A_labels,39,0.9471248523040567,1,0.0,9747
280120-08,fix_A_labels,40,0.9628384356751017,1,0.0,11146
280120-08,fix_A_labels,41,0.9330571665285833,1,0.0,5887
280120-08,fix_A_labels,42,0.9633237822349571,1,0.0,13774
280120-08,fix_A_labels,43,0.9205582393988191,1,0.0,9090
280120-08,fix_A_labels,44,0.7417607223476298,1,0.06666666666666667,10155
280120-08,fix_A_labels,45,0.0,0,0.02252252252252252,10090
280120-08,fix_A_labels,46,0.9536260483473114,1,0.0,7994
280120-08,fix_A_labels,47,0.5400126522220465,1,0.0,12426
280120-08,fix_A_labels,48,0.966189111747851,1,0.0,8636
280120-08,fix_A_labels,49,0.934640522875817,1,0.0,9950
280120-08,fix_A_labels,50,0.9760366586538461,1,0.0,13108
280120-08,fix_A_labels,51,0.9422518634758729,1,0.0,12267
280120-08,fix_A_labels,52,0.6535189481825213,1,0.0,7776
280120-08,fix_A_labels,53,0.522343594836147,1,0.0,14043
280120-08,fix_A_labels,54,0.0,0,0.11032863849765258,8873
280120-08,fix_A_labels,55,0.0,0,0.0,19607
280120-08,fix_A_labels,56,0.917166078318693,1,0.0,11351
280120-08,fix_A_labels,57,0.0,0,0.12974051896207583,12342
280120-08,fix_A_labels,58,0.841562902533276,1,0.0,10139
280120-08,fix_A_labels,59,0.0,0,0.0,17523
280120-08,fix_A_labels,60,0.9561709550806803,1,0.0,13608
280120-08,fix_A_labels,61,0.9629470426409904,1,0.0,11584
280120-08,fix_A_labels,62,0.0,0,0.0,10951
280120-08,fix_A_labels,63,0.9370920549178483,1,0.0,8759
280120-08,fix_A_labels,64,0.9449024313889178,1,0.0,9407
280120-08,fix_A_labels,65,0.8837940617229779,1,0.0,12278
280120-08,fix_A_labels,66,0.0,0,0.0,22966
280120-08,fix_A_labels,67,0.0,0,0.1608910891089109,6942
280120-08,fix_A_labels,68,0.0,0,0.0,17668
280120-08,fix_A_labels,69,0.0,0,0.0,4520
280120-08,fix_A_labels,70,0.00046589638464405515,0,0.0,11660
280120-08,fix_A_labels,71,0.0,0,0.0,12628
280120-08,fix_A_labels,72,0.954871872401542,1,0.0,12861
280120-08,fix_A_labels,73,0.0,0,0.0,14484
280120-08,fix_A_labels,74,0.0,0,0.0,15106
280120-08,fix_A_labels,75,0.7362975226157393,1,0.0,16525
280120-08,fix_A_labels,76,0.0,0,0.006557377049180328,13393
280120-08,fix_A_labels,77,0.0,0,0.08486238532110092,9084
280120-08,fix_A_labels,78,0.9138261521793483,1,0.0,11740
280120-08,fix_A_labels,79,0.0,0,0.1672473867595819,13741
280120-08,fix_A_labels,80,0.9375052218230429,1,0.0,11675
280120-08,fix_A_labels,81,0.591169926220869,1,0.2838427947598253,10184
280120-08,fix_A_labels,82,0.926647669822594,1,0.0,10758
280120-08,fix_A_labels,83,0.9474826751273274,1,0.0,11699
280120-08,fix_A_labels,84,0.0,0,0.2349869451697128,6131
280120-08,fix_A_labels,85,0.9247052000773246,1,0.0,10276
280120-08,fix_A_labels,86,0.8934864240323512,1,0.0,12754
280120-08,fix_A_labels,87,0.0,0,0.20408163265306123,11062
280120-08,fix_A_labels,88,0.9391514227642277,1,0.0,7774
280120-08,fix_A_labels,89,0.0,0,0.0,13568
280120-08,fix_A_labels,90,0.8745283018867924,1,0.04063604240282685,12410
280120-08,fix_A_labels,91,0.0,0,0.18248175182481752,12600
280120-08,fix_A_labels,92,0.4563953488372093,0,0.0,9838
280120-08,fix_A_labels,93,0.0,0,0.017241379310344827,4644
280120-08,fix_A_labels,94,0.9389270465936513,1,0.0,10617
280120-08,fix_A_labels,95,0.0,0,0.009174311926605505,8191
280120-08,fix_A_labels,96,0.0,0,0.28225806451612906,9361
280120-08,fix_A_labels,97,0.0,0,0.0,4893
280120-08,fix_A_labels,98,0.9284199899040888,1,0.008097165991902834,9740
280120-08,fix_A_labels,99,0.0,0,0.0,19376
280120-08,fix_A_labels,100,0.0,0,0.0,4458
280120-08,fix_A_labels,101,0.0,0,0.2018348623853211,4115
280120-08,fix_A_labels,102,0.0,0,0.2564102564102564,12806
280120-08,fix_A_labels,103,0.0,0,0.1069364161849711,4213
280120-08,fix_A_labels,104,0.792283794523517,1,0.0,11282
280120-08,fix_A_labels,105,0.0011639676113360325,0,0.008350730688935281,10422
280120-08,fix_A_labels,106,0.0,0,0.0,12950
280120-08,fix_A_labels,107,0.3794336635985226,0,0.2778993435448578,6539
280120-08,fix_A_labels,108,0.0,0,0.0,10065
280120-08,fix_A_labels,109,0.0001458718272877565,0,0.0,11617
280120-08,fix_A_labels,110,0.0,0,0.12573673870333987,10848
280120-08,fix_A_labels,111,0.04583127996057524,0,0.045364891518737675,9923
280120-08,fix_B_labels_local_seeds,1,0.9697131658649564,1,0.0,11112
280120-08,fix_B_labels_local_seeds,2,0.9373745483741469,1,0.0,12372
280120-08,fix_B_labels_local_seeds,3,0.9620109351700632,1,0.0,13804
280120-08,fix_B_labels_local_seeds,4,0.9602440464475497,1,0.0,9992
280120-08,fix_B_labels_local_seeds,5,0.9813933045198154,1,0.0,13503
280120-08,fix_B_labels_local_seeds,6,0.9566506113375324,1,0.0,5333
280120-08,fix_B_labels_local_seeds,7,0.9716390795316916,1,0.0,9791
280120-08,fix_B_labels_local_seeds,8,0.969075275305476,1,0.0,12931
280120-08,fix_B_labels_local_seeds,9,0.9667324499577108,1,0.0,10529
280120-08,fix_B_labels_local_seeds,10,0.9715819909128459,1,0.0,11961
280120-08,fix_B_labels_local_seeds,11,0.0,0,0.0,17911
280120-08,fix_B_labels_local_seeds,12,0.9702583276682529,1,0.0,11639
280120-08,fix_B_labels_local_seeds,13,0.9662355698290079,1,0.0,11348
280120-08,fix_B_labels_local_seeds,14,0.968413320274241,1,0.0,12057
280120-08,fix_B_labels_local_seeds,15,0.9650868137024871,1,0.0,10518
280120-08,fix_B_labels_local_seeds,16,0.9568530532385954,1,0.0,9635
280120-08,fix_B_labels_local_seeds,17,0.9645216891697788,1,0.0,13598
280120-08,fix_B_labels_local_seeds,18,0.9311817360597848,1,0.0,11557
280120-08,fix_B_labels_local_seeds,19,0.973701955495617,1,0.0,13193
280120-08,fix_B_labels_local_seeds,20,0.9576655859194071,1,0.0,10723
280120-08,fix_B_labels_local_seeds,21,0.9741320159187594,1,0.0,14330
280120-08,fix_B_labels_local_seeds,22,0.9619933764390475,1,0.0,6317
280120-08,fix_B_labels_local_seeds,23,0.9551984877126654,1,0.0,10387
280120-08,fix_B_labels_local_seeds,24,0.9473320158102767,1,0.0,9893
280120-08,fix_B_labels_local_seeds,25,0.9494453248811411,1,0.0,6266
280120-08,fix_B_labels_local_seeds,26,0.9270468739276645,1,0.0,13638
280120-08,fix_B_labels_local_seeds,27,0.9700982175336486,1,0.0,13530
280120-08,fix_B_labels_local_seeds,28,0.9706248205913309,1,0.0,10334
280120-08,fix_B_labels_local_seeds,29,0.9789719626168224,1,0.0,15766
280120-08,fix_B_labels_local_seeds,30,0.0,0,0.06321839080459771,12826
280120-08,fix_B_labels_local_seeds,31,0.9717485622036122,1,0.0,9786
280120-08,fix_B_labels_local_seeds,32,0.9631670237730844,1,0.0,9704
280120-08,fix_B_labels_local_seeds,33,0.9589629262653786,1,0.0,11799
280120-08,fix_B_labels_local_seeds,34,0.0,0,0.10208333333333333,10527
280120-08,fix_B_labels_local_seeds,35,0.0,0,0.0,17297
280120-08,fix_B_labels_local_seeds,36,0.9515662240381342,1,0.0,11386
280120-08,fix_B_labels_local_seeds,37,0.0,0,0.02044989775051125,11124
280120-08,fix_B_labels_local_seeds,38,0.9664724195737208,1,0.0,12397
280120-08,fix_B_labels_local_seeds,39,0.9471248523040567,1,0.0,9747
280120-08,fix_B_labels_local_seeds,40,0.9628384356751017,1,0.0,11146
280120-08,fix_B_labels_local_seeds,41,0.9330571665285833,1,0.0,5887
280120-08,fix_B_labels_local_seeds,42,0.9632547811761335,1,0.0,13774
280120-08,fix_B_labels_local_seeds,43,0.9205582393988191,1,0.0,9090
280120-08,fix_B_labels_local_seeds,44,0.0,0,0.06666666666666667,10155
280120-08,fix_B_labels_local_seeds,45,0.0,0,0.02252252252252252,10090
280120-08,fix_B_labels_local_seeds,46,0.9536260483473114,1,0.0,7994
280120-08,fix_B_labels_local_seeds,47,0.9484762802387685,1,0.0,12426
280120-08,fix_B_labels_local_seeds,48,0.9660744985673353,1,0.0,8636
280120-08,fix_B_labels_local_seeds,49,0.9390968508615567,1,0.0,9950
280120-08,fix_B_labels_local_seeds,50,0.9761868990384616,1,0.0,13108
280120-08,fix_B_labels_local_seeds,51,0.9425972396486826,1,0.0,12267
280120-08,fix_B_labels_local_seeds,52,0.0,0,0.0,7776
280120-08,fix_B_labels_local_seeds,53,0.9007824314550595,1,0.0,14043
280120-08,fix_B_labels_local_seeds,54,0.0,0,0.11032863849765258,8873
280120-08,fix_B_labels_local_seeds,55,0.0,0,0.0,19607
280120-08,fix_B_labels_local_seeds,56,0.9174673564917467,1,0.0,11351
280120-08,fix_B_labels_local_seeds,57,0.0,0,0.12974051896207583,12342
280120-08,fix_B_labels_local_seeds,58,0.841562902533276,1,0.0,10139
280120-08,fix_B_labels_local_seeds,59,0.0,0,0.0,17523
280120-08,fix_B_labels_local_seeds,60,0.9561046511627908,1,0.0,13608
280120-08,fix_B_labels_local_seeds,61,0.9629470426409904,1,0.0,11584
280120-08,fix_B_labels_local_seeds,62,0.0,0,0.0,10951
280120-08,fix_B_labels_local_seeds,63,0.9416955210543951,1,0.0,8759
280120-08,fix_B_labels_local_seeds,64,0.9448038397328882,1,0.0,9407
280120-08,fix_B_labels_local_seeds,65,0.8838671932133977,1,0.0,12278
280120-08,fix_B_labels_local_seeds,66,0.0,0,0.0,22966
280120-08,fix_B_labels_local_seeds,67,0.0,0,0.1608910891089109,6942
280120-08,fix_B_labels_local_seeds,68,0.0,0,0.0,17668
280120-08,fix_B_labels_local_seeds,69,0.0,0,0.0,4520
280120-08,fix_B_labels_local_seeds,70,0.00046589638464405515,0,0.0,11660
280120-08,fix_B_labels_local_seeds,71,0.0,0,0.0,12628
280120-08,fix_B_labels_local_seeds,72,0.9583773983985496,1,0.0,12861
280120-08,fix_B_labels_local_seeds,73,0.0,0,0.0,14484
280120-08,fix_B_labels_local_seeds,74,0.0,0,0.0,15106
280120-08,fix_B_labels_local_seeds,75,0.0,0,0.0,16525
280120-08,fix_B_labels_local_seeds,76,0.0,0,0.006557377049180328,13393
280120-08,fix_B_labels_local_seeds,77,0.0,0,0.08486238532110092,9084
280120-08,fix_B_labels_local_seeds,78,0.7919692795725853,1,0.0,11740
280120-08,fix_B_labels_local_seeds,79,0.0,0,0.1672473867595819,13741
280120-08,fix_B_labels_local_seeds,80,0.938985604285236,1,0.0,11675
280120-08,fix_B_labels_local_seeds,81,0.5911007025761124,1,0.2838427947598253,10184
280120-08,fix_B_labels_local_seeds,82,0.9267395900358489,1,0.0,10758
280120-08,fix_B_labels_local_seeds,83,0.9474826751273274,1,0.0,11699
280120-08,fix_B_labels_local_seeds,84,0.0,0,0.2349869451697128,6131
280120-08,fix_B_labels_local_seeds,85,0.9219062113573671,1,0.0,10276
280120-08,fix_B_labels_local_seeds,86,0.8940641247833622,1,0.0,12754
280120-08,fix_B_labels_local_seeds,87,0.0,0,0.20408163265306123,11062
280120-08,fix_B_labels_local_seeds,88,0.9391514227642277,1,0.0,7774
280120-08,fix_B_labels_local_seeds,89,0.0,0,0.0,13568
280120-08,fix_B_labels_local_seeds,90,0.0,0,0.04063604240282685,12410
280120-08,fix_B_labels_local_seeds,91,0.0,0,0.18248175182481752,12600
280120-08,fix_B_labels_local_seeds,92,0.7898244473342002,1,0.0,9838
280120-08,fix_B_labels_local_seeds,93,0.0,0,0.017241379310344827,4644
280120-08,fix_B_labels_local_seeds,94,0.9390198626322629,1,0.0,10617
280120-08,fix_B_labels_local_seeds,95,0.0,0,0.009174311926605505,8191
280120-08,fix_B_labels_local_seeds,96,0.0,0,0.28225806451612906,9361
280120-08,fix_B_labels_local_seeds,97,0.0,0,0.0,4893
280120-08,fix_B_labels_local_seeds,98,0.0,0,0.008097165991902834,9740
280120-08,fix_B_labels_local_seeds,99,0.0,0,0.0,19376
280120-08,fix_B_labels_local_seeds,100,0.0,0,0.0,4458
280120-08,fix_B_labels_local_seeds,101,0.0,0,0.2018348623853211,4115
280120-08,fix_B_labels_local_seeds,102,0.0,0,0.2564102564102564,12806
280120-08,fix_B_labels_local_seeds,103,0.0,0,0.1069364161849711,4213
280120-08,fix_B_labels_local_seeds,104,0.7961150974849605,1,0.0,11282
280120-08,fix_B_labels_local_seeds,105,0.0,0,0.008350730688935281,10422
280120-08,fix_B_labels_local_seeds,106,0.0,0,0.0,12950
280120-08,fix_B_labels_local_seeds,107,0.3793891787326338,0,0.2778993435448578,6539
280120-08,fix_B_labels_local_seeds,108,0.0,0,0.0,10065
280120-08,fix_B_labels_local_seeds,109,7.552584872172501e-05,0,0.0,11617
280120-08,fix_B_labels_local_seeds,110,0.0,0,0.12573673870333987,10848
280120-08,fix_B_labels_local_seeds,111,0.0,0,0.045364891518737675,9923
280120-08,cellpose_sam,1,0.9638272033310201,1,0.0,11112
280120-08,cellpose_sam,2,0.9519119796876202,1,0.0,12372
280120-08,cellpose_sam,3,0.9583651907972475,1,0.0,13804
280120-08,cellpose_sam,4,0.957081132981277,1,0.0,9992
280120-08,cellpose_sam,5,0.9507815800591466,1,0.0,13503
280120-08,cellpose_sam,6,0.8507406712919557,1,0.0,5333
280120-08,cellpose_sam,7,0.9573468988456271,1,0.0,9791
280120-08,cellpose_sam,8,0.9550221565731167,1,0.0,12931
280120-08,cellpose_sam,9,0.9576093877922314,1,0.0,10529
280120-08,cellpose_sam,10,0.9621395198968906,1,0.0,11961
280120-08,cellpose_sam,11,0.9439063098560718,1,0.0,17911
280120-08,cellpose_sam,12,0.9530520278574355,1,0.0,11639
280120-08,cellpose_sam,13,0.9666809055958991,1,0.0,11348
280120-08,cellpose_sam,14,0.9549956421836622,1,0.0,12057
280120-08,cellpose_sam,15,0.9612708295184033,1,0.0,10518
280120-08,cellpose_sam,16,0.954731687818527,1,0.0,9635
280120-08,cellpose_sam,17,0.960514233241506,1,0.0,13598
280120-08,cellpose_sam,18,0.9440341375348761,1,0.0,11557
280120-08,cellpose_sam,19,0.964672322995904,1,0.0,13193
280120-08,cellpose_sam,20,0.9594267801164353,1,0.0,10723
280120-08,cellpose_sam,21,0.9552666666666667,1,0.0,14330
280120-08,cellpose_sam,22,0.9620446893174166,1,0.0,6317
280120-08,cellpose_sam,23,0.9620654301426041,1,0.0,10387
280120-08,cellpose_sam,24,0.9611716621253406,1,0.0,9893
280120-08,cellpose_sam,25,0.8902010852218321,1,0.0,6266
280120-08,cellpose_sam,26,0.9301595962351658,1,0.0,13638
280120-08,cellpose_sam,27,0.9528135784210156,1,0.0,13530
280120-08,cellpose_sam,28,0.9571097730430755,1,0.0,10334
280120-08,cellpose_sam,29,0.9664071599337951,1,0.0,15766
280120-08,cellpose_sam,30,0.9686112387077017,1,0.06321839080459771,12826
280120-08,cellpose_sam,31,0.9576678098971093,1,0.0,9786
280120-08,cellpose_sam,32,0.9578396524486572,1,0.0,9704
280120-08,cellpose_sam,33,0.9375945236010507,1,0.0,11799
280120-08,cellpose_sam,34,0.9297006093791398,1,0.10208333333333333,10527
280120-08,cellpose_sam,35,0.9685189334528345,1,0.0,17297
280120-08,cellpose_sam,36,0.9495454924526728,1,0.0,11386
280120-08,cellpose_sam,37,0.9541623667010664,1,0.02044989775051125,11124
280120-08,cellpose_sam,38,0.9606641322057569,1,0.0,12397
280120-08,cellpose_sam,39,0.9462083697446354,1,0.0,9747
280120-08,cellpose_sam,40,0.9512549086563087,1,0.0,11146
280120-08,cellpose_sam,41,0.9344045055491138,1,0.0,5887
280120-08,cellpose_sam,42,0.9649196660352206,1,0.0,13774
280120-08,cellpose_sam,43,0.9343497199751089,1,0.0,9090
280120-08,cellpose_sam,44,0.9413239253551202,1,0.06666666666666667,10155
280120-08,cellpose_sam,45,0.9460853258321613,1,0.02252252252252252,10090
280120-08,cellpose_sam,46,0.9380281690140845,1,0.0,7994
280120-08,cellpose_sam,47,0.506636814329122,1,0.0,12426
280120-08,cellpose_sam,48,0.9598930481283422,1,0.0,8636
280120-08,cellpose_sam,49,0.9463893923495182,1,0.0,9950
280120-08,cellpose_sam,50,0.9596396132434808,1,0.0,13108
280120-08,cellpose_sam,51,0.9505081064308433,1,0.0,12267
280120-08,cellpose_sam,52,0.9578138773454224,1,0.0,7776
280120-08,cellpose_sam,53,0.9538785491101752,1,0.0,14043
280120-08,cellpose_sam,54,0.9238474795346834,1,0.11032863849765258,8873
280120-08,cellpose_sam,55,0.5694458312531203,1,0.0,19607
280120-08,cellpose_sam,56,0.9115733676009959,1,0.0,11351
280120-08,cellpose_sam,57,0.9532732261858095,1,0.12974051896207583,12342
280120-08,cellpose_sam,58,0.9679376083188909,1,0.0,10139
280120-08,cellpose_sam,59,0.7025612472160356,1,0.0,17523
280120-08,cellpose_sam,60,0.9407554390192049,1,0.0,13608
280120-08,cellpose_sam,61,0.9614936793080505,1,0.0,11584
280120-08,cellpose_sam,62,0.9295161703216998,1,0.0,10951
280120-08,cellpose_sam,63,0.9174350377200335,1,0.0,8759
280120-08,cellpose_sam,64,0.9335653903530582,1,0.0,9407
280120-08,cellpose_sam,65,0.9512327492634517,1,0.0,12278
280120-08,cellpose_sam,66,0.6259200401472064,1,0.0,22966
280120-08,cellpose_sam,67,0.9406504065040651,1,0.1608910891089109,6942
280120-08,cellpose_sam,68,0.9528637687412361,1,0.0,17668
280120-08,cellpose_sam,69,0.0,0,0.0,4520
280120-08,cellpose_sam,70,0.926482276267684,1,0.0,11660
280120-08,cellpose_sam,71,0.9428528573571321,1,0.0,12628
280120-08,cellpose_sam,72,0.9646210470968226,1,0.0,12861
280120-08,cellpose_sam,73,0.9411917603483008,1,0.0,14484
280120-08,cellpose_sam,74,0.9626550709809438,1,0.0,15106
280120-08,cellpose_sam,75,0.9313454709430133,1,0.0,16525
280120-08,cellpose_sam,76,0.9243638898570931,1,0.006557377049180328,13393
280120-08,cellpose_sam,77,0.9177611638714892,1,0.08486238532110092,9084
280120-08,cellpose_sam,78,0.9579742263810227,1,0.0,11740
280120-08,cellpose_sam,79,0.857365695389031,1,0.1672473867595819,13741
280120-08,cellpose_sam,80,0.9575238722423444,1,0.0,11675
280120-08,cellpose_sam,81,0.5764093275979172,1,0.2838427947598253,10184
280120-08,cellpose_sam,82,0.960676188754294,1,0.0,10758
280120-08,cellpose_sam,83,0.9575514217815291,1,0.0,11699
280120-08,cellpose_sam,84,0.05781257459302048,0,0.2349869451697128,6131
280120-08,cellpose_sam,85,0.9580353782461423,1,0.0,10276
280120-08,cellpose_sam,86,0.9187378430948779,1,0.0,12754
280120-08,cellpose_sam,87,0.9278757346767422,1,0.20408163265306123,11062
280120-08,cellpose_sam,88,0.9671496377716713,1,0.0,7774
280120-08,cellpose_sam,89,0.0025830551581624544,0,0.0,13568
280120-08,cellpose_sam,90,0.9438515081206497,1,0.04063604240282685,12410
280120-08,cellpose_sam,91,0.8963362068965517,1,0.18248175182481752,12600
280120-08,cellpose_sam,92,0.7716504549733292,1,0.0,9838
280120-08,cellpose_sam,93,0.8969093988145639,1,0.017241379310344827,4644
280120-08,cellpose_sam,94,0.9502193571492524,1,0.0,10617
280120-08,cellpose_sam,95,0.8889492556774965,1,0.009174311926605505,8191
280120-08,cellpose_sam,96,0.8687599887186237,1,0.28225806451612906,9361
280120-08,cellpose_sam,97,0.915529695024077,1,0.0,4893
280120-08,cellpose_sam,98,0.9303549220319526,1,0.008097165991902834,9740
280120-08,cellpose_sam,99,0.9253367727142447,1,0.0,19376
280120-08,cellpose_sam,100,0.0,0,0.0,4458
280120-08,cellpose_sam,101,0.2134364478114478,0,0.2018348623853211,4115
280120-08,cellpose_sam,102,0.9052541527054966,1,0.2564102564102564,12806
280120-08,cellpose_sam,103,0.006634327293479811,0,0.1069364161849711,4213
280120-08,cellpose_sam,104,0.8117308384310903,1,0.0,11282
280120-08,cellpose_sam,105,0.9274337866857552,1,0.008350730688935281,10422
280120-08,cellpose_sam,106,0.8630182642314358,1,0.0,12950
280120-08,cellpose_sam,107,0.37010414308354084,0,0.2778993435448578,6539
280120-08,cellpose_sam,108,0.910399853264857,1,0.0,10065
280120-08,cellpose_sam,109,0.7624204239679727,1,0.0,11617
280120-08,cellpose_sam,110,0.5709616195698017,1,0.12573673870333987,10848
280120-08,cellpose_sam,111,0.8846856725146199,1,0.045364891518737675,9923
280120-09,original,1,0.9832444782939832,1,0.0,13013
280120-09,original,2,0.9765138653084323,1,0.0,10469
280120-09,original,3,0.977399036680252,1,0.0,10670
280120-09,original,4,0.0,0,0.03018867924528302,13596
280120-09,original,5,0.9614727153188691,1,0.0,7537
280120-09,original,6,0.9666278207437229,1,0.0,9365
280120-09,original,7,0.975682382133995,1,0.0,12007
280120-09,original,8,0.0,0,0.0,4647
280120-09,original,9,0.970362655051605,1,0.0,10455
280120-09,original,10,0.0,0,0.0,9835
280120-09,original,11,0.9778310365488316,1,0.0,9932
280120-09,original,12,0.9731785818784746,1,0.0,10045
280120-09,original,13,0.9777912529371636,1,0.0,13048
280120-09,original,14,0.9687981114646412,1,0.0,9648
280120-09,original,15,0.9663951120162932,1,0.0,8777
280120-09,original,16,0.9655507035419699,1,0.0,10211
280120-09,original,17,0.9769935997232313,1,0.0,11411
280120-09,original,18,0.611406476558724,1,0.0,12309
280120-09,original,19,0.9641748268449964,1,0.0,8282
280120-09,original,20,0.9728285898498664,1,0.0,10725
280120-09,original,21,0.9740328098956049,1,0.0,11233
280120-09,original,22,0.9759036144578314,1,0.0,9994
280120-09,original,23,0.9669157779830381,1,0.0,11580
280120-09,original,24,0.9774938658092901,1,0.0,11724
280120-09,original,25,0.9726845924029023,1,0.0,9288
280120-09,original,26,0.0,0,0.0,10506
280120-09,original,27,0.9660144181256437,1,0.0,7689
280120-09,original,28,0.9738283062645011,1,0.0,10693
280120-09,original,29,0.9748770743700061,1,0.0,12815
280120-09,original,30,0.9616770062037222,1,0.0,9930
280120-09,original,31,0.962953038118845,1,0.0,14614
280120-09,original,32,0.9726183685111238,1,0.0,8686
280120-09,original,33,0.0,0,0.0,15075
280120-09,original,34,0.0,0,0.030107526881720432,10265
280120-09,original,35,0.9673353063685192,1,0.0,8989
280120-09,original,36,0.9767421827892153,1,0.0,11468
280120-09,original,37,0.0,0,0.0,4137
280120-09,original,38,0.9489237504560379,1,0.0,10668
280120-09,original,39,0.9503149055283415,1,0.0,11062
280120-09,original,40,0.0,0,0.00646551724137931,10693
280120-09,original,41,0.6802615394574998,1,0.22033898305084745,10609
280120-09,original,42,0.9759466769706336,1,0.0,10208
280120-09,original,43,0.9681363798643342,1,0.0,11027
280120-09,original,44,0.0,0,0.0,11101
280120-09,original,45,0.9762803618491346,1,0.0,13779
280120-09,original,46,0.967520750631541,1,0.0,10978
280120-09,original,47,0.9692723451105996,1,0.0,9856
280120-09,original,48,0.0,0,0.0,12095
280120-09,original,49,0.9745582385049496,1,0.0,10658
280120-09,original,50,0.0,0,0.0,5273
280120-09,original,51,0.0,0,0.010040160642570281,11614
280120-09,original,52,0.978405315614618,1,0.0,9538
280120-09,original,53,0.967076058005327,1,0.0,13234
280120-09,original,54,0.9784020785969471,1,0.0,12212
280120-09,original,55,0.0,0,0.0,9945
280120-09,original,56,0.9403726708074535,1,0.0,9271
280120-09,original,57,0.0,0,0.0,7899
280120-09,original,58,0.9690721649484536,1,0.0,9508
280120-09,original,59,0.0,0,0.006060606060606061,11117
280120-09,original,60,0.9648451096414897,1,0.0,8550
280120-09,original,61,0.9390139883998635,1,0.0,11162
280120-09,original,62,0.0,0,0.0,12187
280120-09,original,63,0.9395204349092321,1,0.004347826086956522,10137
280120-09,original,64,0.0,0,0.0,11448
280120-09,original,65,0.9767182386194585,1,0.0,13329
280120-09,original,66,0.0,0,0.008368200836820083,10473
280120-09,original,67,0.9546301547435794,1,0.004056795131845842,12003
280120-09,original,68,0.9657007687758723,1,0.0,8344
280120-09,original,69,0.9689278716058598,1,0.0,10657
280120-09,original,70,0.9539619727825499,1,0.0,10288
280120-09,original,71,0.9677448914139101,1,0.0,10828
280120-09,original,72,0.9217366868062385,1,0.06866197183098592,13352
280120-09,original,73,0.9536830785774637,1,0.0,12557
280120-09,original,74,0.0,0,0.15500945179584122,12028
280120-09,original,75,0.0,0,0.0,12304
280120-09,original,76,0.9685807150595883,1,0.0,9148
280120-09,original,77,0.5957291328353361,1,0.04871794871794872,7558
280120-09,original,78,0.0,0,0.01744186046511628,11425
280120-09,original,79,0.0,0,0.17841409691629956,10213
280120-09,original,80,0.9625294785570793,1,0.0,11377
280120-09,original,81,0.0,0,0.0,18316
280120-09,original,82,0.7299759187519631,1,0.0,9481
280120-09,original,83,0.0,0,0.0,10385
280120-09,original,84,0.9455182547756301,1,0.0,8716
280120-09,original,85,0.0,0,0.0,12011
280120-09,original,86,0.7697122571001495,1,0.0,10543
280120-09,original,87,0.958362738179252,1,0.0,11144
280120-09,original,88,0.968813254366894,1,0.0,13239
280120-09,original,89,0.0,0,0.008849557522123894,9133
280120-09,original,90,0.5295093296475466,1,0.17560975609756097,7825
280120-09,original,91,0.0,0,0.0,4729
280120-09,original,92,0.0,0,0.0,8719
280120-09,original,93,0.0,0,0.06190476190476191,8446
280120-09,original,94,0.0,0,0.15217391304347827,6191
280120-09,original,95,0.0,0,0.04609929078014184,13567
280120-09,original,96,0.0,0,0.15151515151515152,10412
280120-09,original,97,0.7537043954675632,1,0.0,7991
280120-09,original,98,0.42369962108163967,0,0.18592964824120603,6358
280120-09,original,99,0.9396822376557892,1,0.0,10014
280120-09,original,100,0.0,0,0.0,13641
280120-09,original,101,0.904413500118008,1,0.0,12594
280120-09,original,102,0.0,0,0.0,4057
280120-09,original,103,0.3006780755569906,0,0.2613065326633166,4795
280120-09,original,104,0.0,0,0.010224948875255624,8778
280120-09,original,105,0.8948945845390658,1,0.0,9628
280120-09,original,106,0.0,0,0.0,9607
280120-09,original,107,0.0,0,0.0,10253
280120-09,original,108,0.0,0,0.015544041450777202,9904
280120-09,original,109,0.0,0,0.0171990171990172,5506
280120-09,original,110,0.9717245581962218,1,0.0,8065
280120-09,original,111,0.9542635658914729,1,0.0,11519
280120-09,original,112,0.0,0,0.18040089086859687,6886
280120-09,original,113,0.0,0,0.0,7459
280120-09,original,114,0.0,0,0.0,9797
280120-09,original,115,0.0,0,0.0,24828
280120-09,original,116,0.0,0,0.0,5655
280120-09,original,117,0.0,0,0.6532951289398281,4506
280120-09,original,118,0.0,0,0.0,5191
280120-09,original,119,0.0,0,0.0,4194
280120-09,original,120,0.03641551407292775,0,0.08716323296354993,7429
280120-09,original,121,0.0,0,0.0,4755
280120-09,original,122,0.0,0,0.13004484304932734,21124
280120-09,original,123,0.0,0,0.0,19067
280120-09,original,124,0.0,0,0.0,6608
280120-09,original,125,0.0,0,0.0,4870
280120-09,original,126,0.0,0,0.0,6576
280120-09,original,127,0.0,0,0.0,4980
280120-09,original,128,0.0,0,0.0,4951
280120-09,original,129,0.0,0,0.0,5001
280120-09,original,130,0.0,0,0.0,4205
280120-09,fix_A_labels,1,0.9832444782939832,1,0.0,13013
280120-09,fix_A_labels,2,0.9765138653084323,1,0.0,10469
280120-09,fix_A_labels,3,0.7117510450534138,1,0.0,10670
280120-09,fix_A_labels,4,0.9271650734769582,1,0.03018867924528302,13596
280120-09,fix_A_labels,5,0.9614727153188691,1,0.0,7537
280120-09,fix_A_labels,6,0.9666278207437229,1,0.0,9365
280120-09,fix_A_labels,7,0.5711567102432566,1,0.0,12007
280120-09,fix_A_labels,8,0.0,0,0.0,4647
280120-09,fix_A_labels,9,0.970362655051605,1,0.0,10455
280120-09,fix_A_labels,10,0.9720300751879699,1,0.0,9835
280120-09,fix_A_labels,11,0.9778310365488316,1,0.0,9932
280120-09,fix_A_labels,12,0.9731785818784746,1,0.0,10045
280120-09,fix_A_labels,13,0.9777912529371636,1,0.0,13048
280120-09,fix_A_labels,14,0.9687981114646412,1,0.0,9648
280120-09,fix_A_labels,15,0.9663951120162932,1,0.0,8777
280120-09,fix_A_labels,16,0.9655507035419699,1,0.0,10211
280120-09,fix_A_labels,17,0.7905346945838381,1,0.0,11411
280120-09,fix_A_labels,18,0.611406476558724,1,0.0,12309
280120-09,fix_A_labels,19,0.9641748268449964,1,0.0,8282
280120-09,fix_A_labels,20,0.9728285898498664,1,0.0,10725
280120-09,fix_A_labels,21,0.9740328098956049,1,0.0,11233
280120-09,fix_A_labels,22,0.9759036144578314,1,0.0,9994
280120-09,fix_A_labels,23,0.9669157779830381,1,0.0,11580
280120-09,fix_A_labels,24,0.9774938658092901,1,0.0,11724
280120-09,fix_A_labels,25,0.9726845924029023,1,0.0,9288
280120-09,fix_A_labels,26,0.9591298615688859,1,0.0,10506
280120-09,fix_A_labels,27,0.9660144181256437,1,0.0,7689
280120-09,fix_A_labels,28,0.7989594946116685,1,0.0,10693
280120-09,fix_A_labels,29,0.9748770743700061,1,0.0,12815
280120-09,fix_A_labels,30,0.9616770062037222,1,0.0,9930
280120-09,fix_A_labels,31,0.962953038118845,1,0.0,14614
280120-09,fix_A_labels,32,0.9726183685111238,1,0.0,8686
280120-09,fix_A_labels,33,0.9558067831449126,1,0.0,15075
280120-09,fix_A_labels,34,0.9680594422464537,1,0.030107526881720432,10265
280120-09,fix_A_labels,35,0.9673353063685192,1,0.0,8989
280120-09,fix_A_labels,36,0.4670258058910418,0,0.0,11468
280120-09,fix_A_labels,37,0.0,0,0.0,4137
280120-09,fix_A_labels,38,0.9489237504560379,1,0.0,10668
280120-09,fix_A_labels,39,0.9503149055283415,1,0.0,11062
280120-09,fix_A_labels,40,0.0,0,0.00646551724137931,10693
280120-09,fix_A_labels,41,0.6802615394574998,1,0.22033898305084745,10609
280120-09,fix_A_labels,42,0.6644628099173554,1,0.0,10208
280120-09,fix_A_labels,43,0.9681363798643342,1,0.0,11027
280120-09,fix_A_labels,44,0.9165412276300384,1,0.0,11101
280120-09,fix_A_labels,45,0.9762803618491346,1,0.0,13779
280120-09,fix_A_labels,46,0.967520750631541,1,0.0,10978
280120-09,fix_A_labels,47,0.6718577313372852,1,0.0,9856
280120-09,fix_A_labels,48,0.873519520397719,1,0.0,12095
280120-09,fix_A_labels,49,0.9745582385049496,1,0.0,10658
280120-09,fix_A_labels,50,0.0,0,0.0,5273
280120-09,fix_A_labels,51,0.9711538461538461,1,0.010040160642570281,11614
280120-09,fix_A_labels,52,0.0,0,0.0,9538
280120-09,fix_A_labels,53,0.6714189743972531,1,0.0,13234
280120-09,fix_A_labels,54,0.9784020785969471,1,0.0,12212
280120-09,fix_A_labels,55,0.0,0,0.0,9945
280120-09,fix_A_labels,56,0.9403726708074535,1,0.0,9271
280120-09,fix_A_labels,57,0.0,0,0.0,7899
280120-09,fix_A_labels,58,0.9690721649484536,1,0.0,9508
280120-09,fix_A_labels,59,0.0,0,0.006060606060606061,11117
280120-09,fix_A_labels,60,0.0,0,0.0,8550
280120-09,fix_A_labels,61,0.9390139883998635,1,0.0,11162
280120-09,fix_A_labels,62,0.7803931084688183,1,0.0,12187
280120-09,fix_A_labels,63,0.5675223763155306,1,0.004347826086956522,10137
280120-09,fix_A_labels,64,0.9167352311996051,1,0.0,11448
280120-09,fix_A_labels,65,0.9767182386194585,1,0.0,13329
280120-09,fix_A_labels,66,0.5447873541588257,1,0.008368200836820083,10473
280120-09,fix_A_labels,67,0.9546301547435794,1,0.004056795131845842,12003
280120-09,fix_A_labels,68,0.9657007687758723,1,0.0,8344
280120-09,fix_A_labels,69,0.7979845105906503,1,0.0,10657
280120-09,fix_A_labels,70,0.9539619727825499,1,0.0,10288
280120-09,fix_A_labels,71,0.9677448914139101,1,0.0,10828
280120-09,fix_A_labels,72,0.3215018030120908,0,0.06866197183098592,13352
280120-09,fix_A_labels,73,0.9536830785774637,1,0.0,12557
280120-09,fix_A_labels,74,0.0,0,0.15500945179584122,12028
280120-09,fix_A_labels,75,0.0,0,0.0,12304
280120-09,fix_A_labels,76,0.9685807150595883,1,0.0,9148
280120-09,fix_A_labels,77,0.3237681397064852,0,0.04871794871794872,7558
280120-09,fix_A_labels,78,0.0,0,0.01744186046511628,11425
280120-09,fix_A_labels,79,0.0,0,0.17841409691629956,10213
280120-09,fix_A_labels,80,0.9625294785570793,1,0.0,11377
280120-09,fix_A_labels,81,0.6547651297610663,1,0.0,18316
280120-09,fix_A_labels,82,0.7299759187519631,1,0.0,9481
280120-09,fix_A_labels,83,0.4708802749665839,0,0.0,10385
280120-09,fix_A_labels,84,0.6476771787046457,1,0.0,8716
280120-09,fix_A_labels,85,0.9598348044376063,1,0.0,12011
280120-09,fix_A_labels,86,0.7697122571001495,1,0.0,10543
280120-09,fix_A_labels,87,0.958362738179252,1,0.0,11144
280120-09,fix_A_labels,88,0.968813254366894,1,0.0,13239
280120-09,fix_A_labels,89,0.9352525684931506,1,0.008849557522123894,9133
280120-09,fix_A_labels,90,0.5295093296475466,1,0.17560975609756097,7825
280120-09,fix_A_labels,91,0.0,0,0.0,4729
280120-09,fix_A_labels,92,0.0,0,0.0,8719
280120-09,fix_A_labels,93,0.0,0,0.06190476190476191,8446
280120-09,fix_A_labels,94,0.0,0,0.15217391304347827,6191
280120-09,fix_A_labels,95,0.0,0,0.04609929078014184,13567
280120-09,fix_A_labels,96,0.0,0,0.15151515151515152,10412
280120-09,fix_A_labels,97,0.0,0,0.0,7991
280120-09,fix_A_labels,98,0.42369962108163967,0,0.18592964824120603,6358
280120-09,fix_A_labels,99,0.7766221374045802,1,0.0,10014
280120-09,fix_A_labels,100,0.0,0,0.0,13641
280120-09,fix_A_labels,101,0.0,0,0.0,12594
280120-09,fix_A_labels,102,0.29027962716378164,0,0.0,4057
280120-09,fix_A_labels,103,0.3006780755569906,0,0.2613065326633166,4795
280120-09,fix_A_labels,104,0.7082922013820335,1,0.010224948875255624,8778
280120-09,fix_A_labels,105,0.8948945845390658,1,0.0,9628
280120-09,fix_A_labels,106,0.5820144767513189,1,0.0,9607
280120-09,fix_A_labels,107,0.8377068360354337,1,0.0,10253
280120-09,fix_A_labels,108,0.0,0,0.015544041450777202,9904
280120-09,fix_A_labels,109,0.0,0,0.0171990171990172,5506
280120-09,fix_A_labels,110,0.9717245581962218,1,0.0,8065
280120-09,fix_A_labels,111,0.9542635658914729,1,0.0,11519
280120-09,fix_A_labels,112,0.0,0,0.18040089086859687,6886
280120-09,fix_A_labels,113,0.0,0,0.0,7459
280120-09,fix_A_labels,114,0.0,0,0.0,9797
280120-09,fix_A_labels,115,0.0,0,0.0,24828
280120-09,fix_A_labels,116,0.0,0,0.0,5655
280120-09,fix_A_labels,117,0.0,0,0.6532951289398281,4506
280120-09,fix_A_labels,118,0.0,0,0.0,5191
280120-09,fix_A_labels,119,0.0,0,0.0,4194
280120-09,fix_A_labels,120,0.05950207468879668,0,0.08716323296354993,7429
280120-09,fix_A_labels,121,0.0,0,0.0,4755
280120-09,fix_A_labels,122,0.37336864006052584,0,0.13004484304932734,21124
280120-09,fix_A_labels,123,0.7700462505846282,1,0.0,19067
280120-09,fix_A_labels,124,0.0,0,0.0,6608
280120-09,fix_A_labels,125,0.0,0,0.0,4870
280120-09,fix_A_labels,126,0.9246676514032496,1,0.0,6576
280120-09,fix_A_labels,127,0.0,0,0.0,4980
280120-09,fix_A_labels,128,0.0,0,0.0,4951
280120-09,fix_A_labels,129,0.3593079994085465,0,0.0,5001
280120-09,fix_A_labels,130,0.0,0,0.0,4205
280120-09,fix_B_labels_local_seeds,1,0.9834691856479013,1,0.0,13013
280120-09,fix_B_labels_local_seeds,2,0.9765138653084323,1,0.0,10469
280120-09,fix_B_labels_local_seeds,3,0.9772243310804555,1,0.0,10670
280120-09,fix_B_labels_local_seeds,4,0.9271650734769582,1,0.03018867924528302,13596
280120-09,fix_B_labels_local_seeds,5,0.9614727153188691,1,0.0,7537
280120-09,fix_B_labels_local_seeds,6,0.9666278207437229,1,0.0,9365
280120-09,fix_B_labels_local_seeds,7,0.9758478081058726,1,0.0,12007
280120-09,fix_B_labels_local_seeds,8,0.0,0,0.0,4647
280120-09,fix_B_labels_local_seeds,9,0.970362655051605,1,0.0,10455
280120-09,fix_B_labels_local_seeds,10,0.9721275315821135,1,0.0,9835
280120-09,fix_B_labels_local_seeds,11,0.9778288225307101,1,0.0,9932
280120-09,fix_B_labels_local_seeds,12,0.9731785818784746,1,0.0,10045
280120-09,fix_B_labels_local_seeds,13,0.9777912529371636,1,0.0,13048
280120-09,fix_B_labels_local_seeds,14,0.9687981114646412,1,0.0,9648
280120-09,fix_B_labels_local_seeds,15,0.9661688164743154,1,0.0,8777
280120-09,fix_B_labels_local_seeds,16,0.9655507035419699,1,0.0,10211
280120-09,fix_B_labels_local_seeds,17,0.9767482064136918,1,0.0,11411
280120-09,fix_B_labels_local_seeds,18,0.6529706167258638,1,0.0,12309
280120-09,fix_B_labels_local_seeds,19,0.9641748268449964,1,0.0,8282
280120-09,fix_B_labels_local_seeds,20,0.9730103168754606,1,0.0,10725
280120-09,fix_B_labels_local_seeds,21,0.9740328098956049,1,0.0,11233
280120-09,fix_B_labels_local_seeds,22,0.9759036144578314,1,0.0,9994
280120-09,fix_B_labels_local_seeds,23,0.9665911189456896,1,0.0,11580
280120-09,fix_B_labels_local_seeds,24,0.9771573604060914,1,0.0,11724
280120-09,fix_B_labels_local_seeds,25,0.9738555116849856,1,0.0,9288
280120-09,fix_B_labels_local_seeds,26,0.9594951017332328,1,0.0,10506
280120-09,fix_B_labels_local_seeds,27,0.966396292004635,1,0.0,7689
280120-09,fix_B_labels_local_seeds,28,0.9742162864032647,1,0.0,10693
280120-09,fix_B_labels_local_seeds,29,0.9748770743700061,1,0.0,12815
280120-09,fix_B_labels_local_seeds,30,0.9616770062037222,1,0.0,9930
280120-09,fix_B_labels_local_seeds,31,0.962953038118845,1,0.0,14614
280120-09,fix_B_labels_local_seeds,32,0.9727386791376754,1,0.0,8686
280120-09,fix_B_labels_local_seeds,33,0.9558067831449126,1,0.0,15075
280120-09,fix_B_labels_local_seeds,34,0.9682524365531217,1,0.030107526881720432,10265
280120-09,fix_B_labels_local_seeds,35,0.9673353063685192,1,0.0,8989
280120-09,fix_B_labels_local_seeds,36,0.977170916609235,1,0.0,11468
280120-09,fix_B_labels_local_seeds,37,0.0,0,0.0,4137
280120-09,fix_B_labels_local_seeds,38,0.9489237504560379,1,0.0,10668
280120-09,fix_B_labels_local_seeds,39,0.9503149055283415,1,0.0,11062
280120-09,fix_B_labels_local_seeds,40,0.0013221430213842262,0,0.00646551724137931,10693
280120-09,fix_B_labels_local_seeds,41,0.6806347150259068,1,0.22033898305084745,10609
280120-09,fix_B_labels_local_seeds,42,0.9761398763523956,1,0.0,10208
280120-09,fix_B_labels_local_seeds,43,0.9681363798643342,1,0.0,11027
280120-09,fix_B_labels_local_seeds,44,0.9168687797942627,1,0.0,11101
280120-09,fix_B_labels_local_seeds,45,0.8550249465431219,1,0.0,13779
280120-09,fix_B_labels_local_seeds,46,0.9673403103572717,1,0.0,10978
280120-09,fix_B_labels_local_seeds,47,0.9692723451105996,1,0.0,9856
280120-09,fix_B_labels_local_seeds,48,0.8736749762409532,1,0.0,12095
280120-09,fix_B_labels_local_seeds,49,0.9748357849939865,1,0.0,10658
280120-09,fix_B_labels_local_seeds,50,0.0,0,0.0,5273
280120-09,fix_B_labels_local_seeds,51,0.0,0,0.010040160642570281,11614
280120-09,fix_B_labels_local_seeds,52,0.9780893042575286,1,0.0,9538
280120-09,fix_B_labels_local_seeds,53,0.9678899082568807,1,0.0,13234
280120-09,fix_B_labels_local_seeds,54,0.9778445057620516,1,0.0,12212
280120-09,fix_B_labels_local_seeds,55,0.6368188512518409,1,0.0,9945
280120-09,fix_B_labels_local_seeds,56,0.9403726708074535,1,0.0,9271
280120-09,fix_B_labels_local_seeds,57,0.0,0,0.0,7899
280120-09,fix_B_labels_local_seeds,58,0.9691762990732062,1,0.0,9508
280120-09,fix_B_labels_local_seeds,59,0.0,0,0.006060606060606061,11117
280120-09,fix_B_labels_local_seeds,60,0.9650933549808651,1,0.0,8550
280120-09,fix_B_labels_local_seeds,61,0.9578040716895772,1,0.0,11162
280120-09,fix_B_labels_local_seeds,62,0.7961659791312788,1,0.0,12187
280120-09,fix_B_labels_local_seeds,63,0.0,0,0.004347826086956522,10137
280120-09,fix_B_labels_local_seeds,64,0.9593755390719337,1,0.0,11448
280120-09,fix_B_labels_local_seeds,65,0.5836129128457467,1,0.0,13329
280120-09,fix_B_labels_local_seeds,66,0.7836306205871423,1,0.008368200836820083,10473
280120-09,fix_B_labels_local_seeds,67,0.0,0,0.004056795131845842,12003
280120-09,fix_B_labels_local_seeds,68,0.9666390630545368,1,0.0,8344
280120-09,fix_B_labels_local_seeds,69,0.9690240716551596,1,0.0,10657
280120-09,fix_B_labels_local_seeds,70,0.9556027410481613,1,0.0,10288
280120-09,fix_B_labels_local_seeds,71,0.9672807258729722,1,0.0,10828
280120-09,fix_B_labels_local_seeds,72,0.9218826835265191,1,0.06866197183098592,13352
280120-09,fix_B_labels_local_seeds,73,0.9536830785774637,1,0.0,12557
280120-09,fix_B_labels_local_seeds,74,0.0,0,0.15500945179584122,12028
280120-09,fix_B_labels_local_seeds,75,0.9751497490691274,1,0.0,12304
280120-09,fix_B_labels_local_seeds,76,0.9686788772081933,1,0.0,9148
280120-09,fix_B_labels_local_seeds,77,0.5964555727176652,1,0.04871794871794872,7558
280120-09,fix_B_labels_local_seeds,78,0.0,0,0.01744186046511628,11425
280120-09,fix_B_labels_local_seeds,79,0.0,0,0.17841409691629956,10213
280120-09,fix_B_labels_local_seeds,80,0.9625294785570793,1,0.0,11377
280120-09,fix_B_labels_local_seeds,81,0.0,0,0.0,18316
280120-09,fix_B_labels_local_seeds,82,0.5584687991609858,1,0.0,9481
280120-09,fix_B_labels_local_seeds,83,0.9443932128365916,1,0.0,10385
280120-09,fix_B_labels_local_seeds,84,0.9455182547756301,1,0.0,8716
280120-09,fix_B_labels_local_seeds,85,0.959915782654466,1,0.0,12011
280120-09,fix_B_labels_local_seeds,86,0.8350296076980015,1,0.0,10543
280120-09,fix_B_labels_local_seeds,87,0.957833450952717,1,0.0,11144
280120-09,fix_B_labels_local_seeds,88,0.968813254366894,1,0.0,13239
280120-09,fix_B_labels_local_seeds,89,0.940068493150685,1,0.008849557522123894,9133
280120-09,fix_B_labels_local_seeds,90,0.3430482224568814,0,0.17560975609756097,7825
280120-09,fix_B_labels_local_seeds,91,0.0,0,0.0,4729
280120-09,fix_B_labels_local_seeds,92,0.9692028985507246,1,0.0,8719
280120-09,fix_B_labels_local_seeds,93,0.0,0,0.06190476190476191,8446
280120-09,fix_B_labels_local_seeds,94,0.0,0,0.15217391304347827,6191
280120-09,fix_B_labels_local_seeds,95,0.0,0,0.04609929078014184,13567
280120-09,fix_B_labels_local_seeds,96,0.0,0,0.15151515151515152,10412
280120-09,fix_B_labels_local_seeds,97,0.7301468757779438,1,0.0,7991
280120-09,fix_B_labels_local_seeds,98,0.536468330134357,1,0.18592964824120603,6358
280120-09,fix_B_labels_local_seeds,99,0.9395092257941792,1,0.0,10014
280120-09,fix_B_labels_local_seeds,100,0.5899101993137184,1,0.0,13641
280120-09,fix_B_labels_local_seeds,101,0.9013054419628814,1,0.0,12594
280120-09,fix_B_labels_local_seeds,102,0.0,0,0.0,4057
280120-09,fix_B_labels_local_seeds,103,0.30037458021183155,0,0.2613065326633166,4795
280120-09,fix_B_labels_local_seeds,104,0.0,0,0.010224948875255624,8778
280120-09,fix_B_labels_local_seeds,105,0.8788755684167011,1,0.0,9628
280120-09,fix_B_labels_local_seeds,106,0.5975563673006676,1,0.0,9607
280120-09,fix_B_labels_local_seeds,107,0.8377068360354337,1,0.0,10253
280120-09,fix_B_labels_local_seeds,108,0.0,0,0.015544041450777202,9904
280120-09,fix_B_labels_local_seeds,109,0.0,0,0.0171990171990172,5506
280120-09,fix_B_labels_local_seeds,110,0.9703550079297304,1,0.0,8065
280120-09,fix_B_labels_local_seeds,111,0.7510133678309616,1,0.0,11519
280120-09,fix_B_labels_local_seeds,112,0.0,0,0.18040089086859687,6886
280120-09,fix_B_labels_local_seeds,113,0.0,0,0.0,7459
280120-09,fix_B_labels_local_seeds,114,0.8804347826086957,1,0.0,9797
280120-09,fix_B_labels_local_seeds,115,0.0,0,0.0,24828
280120-09,fix_B_labels_local_seeds,116,0.0,0,0.0,5655
280120-09,fix_B_labels_local_seeds,117,0.0,0,0.6532951289398281,4506
280120-09,fix_B_labels_local_seeds,118,0.0,0,0.0,5191
280120-09,fix_B_labels_local_seeds,119,0.0,0,0.0,4194
280120-09,fix_B_labels_local_seeds,120,0.0364084711343197,0,0.08716323296354993,7429
280120-09,fix_B_labels_local_seeds,121,0.0,0,0.0,4755
280120-09,fix_B_labels_local_seeds,122,0.37336864006052584,0,0.13004484304932734,21124
280120-09,fix_B_labels_local_seeds,123,0.7014883061658398,1,0.0,19067
280120-09,fix_B_labels_local_seeds,124,0.0,0,0.0,6608
280120-09,fix_B_labels_local_seeds,125,0.0,0,0.0,4870
280120-09,fix_B_labels_local_seeds,126,0.0,0,0.0,6576
280120-09,fix_B_labels_local_seeds,127,0.0,0,0.0,4980
280120-09,fix_B_labels_local_seeds,128,0.0,0,0.0,4951
280120-09,fix_B_labels_local_seeds,129,0.0,0,0.0,5001
280120-09,fix_B_labels_local_seeds,130,0.0,0,0.0,4205
280120-09,cellpose_sam,1,0.9656375241205284,1,0.0,13013
280120-09,cellpose_sam,2,0.9507764962310417,1,0.0,10469
280120-09,cellpose_sam,3,0.9489505514051939,1,0.0,10670
280120-09,cellpose_sam,4,0.9667807242657542,1,0.03018867924528302,13596
280120-09,cellpose_sam,5,0.9603720693170235,1,0.0,7537
280120-09,cellpose_sam,6,0.9678220382824625,1,0.0,9365
280120-09,cellpose_sam,7,0.9675937122128174,1,0.0,12007
280120-09,cellpose_sam,8,0.7785668173014848,1,0.0,4647
280120-09,cellpose_sam,9,0.9629663749424229,1,0.0,10455
280120-09,cellpose_sam,10,0.9548192771084337,1,0.0,9835
280120-09,cellpose_sam,11,0.9573012048192772,1,0.0,9932
280120-09,cellpose_sam,12,0.9587509637625289,1,0.0,10045
280120-09,cellpose_sam,13,0.9571596244131455,1,0.0,13048
280120-09,cellpose_sam,14,0.9452432538900926,1,0.0,9648
280120-09,cellpose_sam,15,0.9543329346526042,1,0.0,8777
280120-09,cellpose_sam,16,0.9589478628464068,1,0.0,10211
280120-09,cellpose_sam,17,0.9509959163263605,1,0.0,11411
280120-09,cellpose_sam,18,0.9521009053625319,1,0.0,12309
280120-09,cellpose_sam,19,0.9664523670368206,1,0.0,8282
280120-09,cellpose_sam,20,0.949031059198301,1,0.0,10725
280120-09,cellpose_sam,21,0.9453795657296752,1,0.0,11233
280120-09,cellpose_sam,22,0.9567847882454624,1,0.0,9994
280120-09,cellpose_sam,23,0.927290198590647,1,0.0,11580
280120-09,cellpose_sam,24,0.9686028257456829,1,0.0,11724
280120-09,cellpose_sam,25,0.9464030976156511,1,0.0,9288
280120-09,cellpose_sam,26,0.9635813228144207,1,0.0,10506
280120-09,cellpose_sam,27,0.9500805152979066,1,0.0,7689
280120-09,cellpose_sam,28,0.9547321428571428,1,0.0,10693
280120-09,cellpose_sam,29,0.9472084229257803,1,0.0,12815
280120-09,cellpose_sam,30,0.9640910860256909,1,0.0,9930
280120-09,cellpose_sam,31,0.9553302812295618,1,0.0,14614
280120-09,cellpose_sam,32,0.9420824295010846,1,0.0,8686
280120-09,cellpose_sam,33,0.9623123602682849,1,0.0,15075
280120-09,cellpose_sam,34,0.9565663155932519,1,0.030107526881720432,10265
280120-09,cellpose_sam,35,0.9464925215925848,1,0.0,8989
280120-09,cellpose_sam,36,0.9512276045122761,1,0.0,11468
280120-09,cellpose_sam,37,0.0,0,0.0,4137
280120-09,cellpose_sam,38,0.9676980310316668,1,0.0,10668
280120-09,cellpose_sam,39,0.9603969013839324,1,0.0,11062
280120-09,cellpose_sam,40,0.9618265499503655,1,0.00646551724137931,10693
280120-09,cellpose_sam,41,0.9337264566097518,1,0.22033898305084745,10609
280120-09,cellpose_sam,42,0.9502885868553342,1,0.0,10208
280120-09,cellpose_sam,43,0.9639884342416543,1,0.0,11027
280120-09,cellpose_sam,44,0.9488006977758395,1,0.0,11101
280120-09,cellpose_sam,45,0.952127291594604,1,0.0,13779
280120-09,cellpose_sam,46,0.9492346276917755,1,0.0,10978
280120-09,cellpose_sam,47,0.9556826997672614,1,0.0,9856
280120-09,cellpose_sam,48,0.9660054391297392,1,0.0,12095
280120-09,cellpose_sam,49,0.9513523163438364,1,0.0,10658
280120-09,cellpose_sam,50,0.9716591591591591,1,0.0,5273
280120-09,cellpose_sam,51,0.9622203811101906,1,0.010040160642570281,11614
280120-09,cellpose_sam,52,0.9561904761904761,1,0.0,9538
280120-09,cellpose_sam,53,0.9520172910662824,1,0.0,13234
280120-09,cellpose_sam,54,0.9649940734887397,1,0.0,12212
280120-09,cellpose_sam,55,0.9381463040980468,1,0.0,9945
280120-09,cellpose_sam,56,0.9637952559300874,1,0.0,9271
280120-09,cellpose_sam,57,0.9432768091712443,1,0.0,7899
280120-09,cellpose_sam,58,0.9503602882305845,1,0.0,9508
280120-09,cellpose_sam,59,0.9595924710758073,1,0.006060606060606061,11117
280120-09,cellpose_sam,60,0.9594882729211087,1,0.0,8550
280120-09,cellpose_sam,61,0.9625603864734299,1,0.0,11162
280120-09,cellpose_sam,62,0.9172152856602346,1,0.0,12187
280120-09,cellpose_sam,63,0.9663328564616118,1,0.004347826086956522,10137
280120-09,cellpose_sam,64,0.9667714795614855,1,0.0,11448
280120-09,cellpose_sam,65,0.9594730780305212,1,0.0,13329
280120-09,cellpose_sam,66,0.9544997715851987,1,0.008368200836820083,10473
280120-09,cellpose_sam,67,0.9573478714022288,1,0.004056795131845842,12003
280120-09,cellpose_sam,68,0.9548003204027921,1,0.0,8344
280120-09,cellpose_sam,69,0.9781988777481373,1,0.0,10657
280120-09,cellpose_sam,70,0.968250968534442,1,0.0,10288
280120-09,cellpose_sam,71,0.9492416936968529,1,0.0,10828
280120-09,cellpose_sam,72,0.933700876448968,1,0.06866197183098592,13352
280120-09,cellpose_sam,73,0.9543968989891313,1,0.0,12557
280120-09,cellpose_sam,74,0.9522335951757518,1,0.15500945179584122,12028
280120-09,cellpose_sam,75,0.9599719101123596,1,0.0,12304
280120-09,cellpose_sam,76,0.9540098028991553,1,0.0,9148
280120-09,cellpose_sam,77,0.9679005953921822,1,0.04871794871794872,7558
280120-09,cellpose_sam,78,0.9296708903818351,1,0.01744186046511628,11425
280120-09,cellpose_sam,79,0.932075110174363,1,0.17841409691629956,10213
280120-09,cellpose_sam,80,0.945644891122278,1,0.0,11377
280120-09,cellpose_sam,81,0.5567004805125467,1,0.0,18316
280120-09,cellpose_sam,82,0.9566368078175895,1,0.0,9481
280120-09,cellpose_sam,83,0.9520007427351221,1,0.0,10385
280120-09,cellpose_sam,84,0.953322960657924,1,0.0,8716
280120-09,cellpose_sam,85,0.9473103013093548,1,0.0,12011
280120-09,cellpose_sam,86,0.9261243851018974,1,0.0,10543
280120-09,cellpose_sam,87,0.9361905589846127,1,0.0,11144
280120-09,cellpose_sam,88,0.9552604993505557,1,0.0,13239
280120-09,cellpose_sam,89,0.9456487916191266,1,0.008849557522123894,9133
280120-09,cellpose_sam,90,0.9548085211180889,1,0.17560975609756097,7825
280120-09,cellpose_sam,91,0.809050539226052,1,0.0,4729
280120-09,cellpose_sam,92,0.9431043807463494,1,0.0,8719
280120-09,cellpose_sam,93,0.9573863636363636,1,0.06190476190476191,8446
280120-09,cellpose_sam,94,0.3542572671091783,0,0.15217391304347827,6191
280120-09,cellpose_sam,95,0.9452510801048233,1,0.04609929078014184,13567
280120-09,cellpose_sam,96,0.5930538101222438,1,0.15151515151515152,10412
280120-09,cellpose_sam,97,0.9603317706455102,1,0.0,7991
280120-09,cellpose_sam,98,0.9536474164133738,1,0.18592964824120603,6358
280120-09,cellpose_sam,99,0.9461400359066428,1,0.0,10014
280120-09,cellpose_sam,100,0.0,0,0.0,13641
280120-09,cellpose_sam,101,0.7599287760315863,1,0.0,12594
280120-09,cellpose_sam,102,0.0746485611246044,0,0.0,4057
280120-09,cellpose_sam,103,0.9137327568457896,1,0.2613065326633166,4795
280120-09,cellpose_sam,104,0.9257300275482093,1,0.010224948875255624,8778
280120-09,cellpose_sam,105,0.8432904884318766,1,0.0,9628
280120-09,cellpose_sam,106,0.9209691375829248,1,0.0,9607
280120-09,cellpose_sam,107,0.9653838898321071,1,0.0,10253
280120-09,cellpose_sam,108,0.8737198244330651,1,0.015544041450777202,9904
280120-09,cellpose_sam,109,0.943295415374009,1,0.0171990171990172,5506
280120-09,cellpose_sam,110,0.9343141797961075,1,0.0,8065
280120-09,cellpose_sam,111,0.9470119180313813,1,0.0,11519
280120-09,cellpose_sam,112,0.8550516272382696,1,0.18040089086859687,6886
280120-09,cellpose_sam,113,0.9160847880299252,1,0.0,7459
280120-09,cellpose_sam,114,0.934876989869754,1,0.0,9797
280120-09,cellpose_sam,115,0.7376577287066246,1,0.0,24828
280120-09,cellpose_sam,116,0.0,0,0.0,5655
280120-09,cellpose_sam,117,0.3560270654080695,0,0.6532951289398281,4506
280120-09,cellpose_sam,118,0.0,0,0.0,5191
280120-09,cellpose_sam,119,0.0,0,0.0,4194
280120-09,cellpose_sam,120,0.01357102326461131,0,0.08716323296354993,7429
280120-09,cellpose_sam,121,0.0,0,0.0,4755
280120-09,cellpose_sam,122,0.27240684793554887,0,0.13004484304932734,21124
280120-09,cellpose_sam,123,0.9580633641140758,1,0.0,19067
280120-09,cellpose_sam,124,0.0,0,0.0,6608
280120-09,cellpose_sam,125,0.0,0,0.0,4870
280120-09,cellpose_sam,126,0.12099801280635902,0,0.0,6576
280120-09,cellpose_sam,127,0.0,0,0.0,4980
280120-09,cellpose_sam,128,0.0,0,0.0,4951
280120-09,cellpose_sam,129,0.09201810554206226,0,0.0,5001
280120-09,cellpose_sam,130,0.0,0,0.0,4205
280120-10,original,1,0.9689491525423729,1,0.0,7290
280120-10,original,2,0.9543995946630637,1,0.0,5895
280120-10,original,3,0.9667038394137327,1,0.0,6238
280120-10,original,4,0.0,0,0.010245901639344262,11649
280120-10,original,5,0.0,0,0.0,16883
280120-10,original,6,0.0,0,0.0,9304
280120-10,original,7,0.9708088567555355,1,0.0,10966
280120-10,original,8,0.9785746709033136,1,0.0,10951
280120-10,original,9,0.8028098344204716,1,0.0,13010
280120-10,original,10,0.7759478189971464,1,0.0,12265
280120-10,original,11,0.9496735582154516,1,0.0,7312
280120-10,original,12,0.0,0,0.0,11690
280120-10,original,13,0.0,0,0.0,17055
280120-10,original,14,0.9583560364287382,1,0.0,12596
280120-10,original,15,0.8818572512008089,1,0.0,11863
280120-10,original,16,0.9638958259008206,1,0.0,13681
280120-10,original,17,0.0,0,0.0,11109
280120-10,original,18,0.7886590618639655,1,0.0,20970
280120-10,original,19,0.0,0,0.0,10082
280120-10,original,20,0.9609161065471745,1,0.0,7952
280120-10,original,21,0.974947996744144,1,0.0,10941
280120-10,original,22,0.0,0,0.014583333333333334,10981
280120-10,original,23,0.9757731958762886,1,0.0,9612
280120-10,original,24,0.9664126446514254,1,0.0,10490
280120-10,original,25,0.0,0,0.0,11491
280120-10,original,26,0.6147878658177732,1,0.0,18452
280120-10,original,27,0.0,0,0.0,8344
280120-10,original,28,0.0,0,0.0,8407
280120-10,original,29,0.783958971436712,1,0.0,13960
280120-10,original,30,0.9385411976587122,1,0.0,8533
280120-10,original,31,0.9682830131137542,1,0.0,9693
280120-10,original,32,0.0,0,0.021052631578947368,6634
280120-10,original,33,0.0,0,0.0,9471
280120-10,original,34,0.9643191511494851,1,0.0,9489
280120-10,original,35,0.9556199304750869,1,0.0,8564
280120-10,original,36,0.0,0,0.0,17262
280120-10,original,37,0.9528441530979065,1,0.0,9239
280120-10,original,38,0.9552324744494026,1,0.0,6930
280120-10,original,39,0.0,0,0.0,17230
280120-10,original,40,0.9577416002771043,1,0.0,8605
280120-10,original,41,0.8748614497894037,1,0.0,8895
280120-10,original,42,0.9696367538351482,1,0.0,12449
280120-10,original,43,0.0,0,0.04405286343612335,8345
280120-10,original,44,0.9544208361891706,1,0.0,8631
280120-10,original,45,0.7812643151626203,1,0.0,8510
280120-10,original,46,0.0,0,0.17088607594936708,9607
280120-10,original,47,0.7361450430757361,1,0.0,7671
280120-10,original,48,0.0,0,0.1403118040089087,9544
280120-10,original,49,0.0,0,0.0,9085
280120-10,original,50,0.0,0,0.08426966292134831,12155
280120-10,original,51,0.49114300491336954,0,0.22384428223844283,7791
280120-10,original,52,0.0,0,0.04040404040404041,7066
280120-10,original,53,0.9535869686488899,1,0.0,8805
280120-10,original,54,0.8980539861895794,1,0.0,7595
280120-10,original,55,0.0,0,0.0,8912
280120-10,original,56,0.7583597578552898,1,0.0,13703
280120-10,original,57,0.9392343528458578,1,0.0,9508
280120-10,original,58,0.0,0,0.0,4139
280120-10,original,59,0.9353517364203028,1,0.0,5478
280120-10,original,60,0.0,0,0.16869918699186992,11876
280120-10,original,61,0.4842451188865262,0,0.19279661016949154,7760
280120-10,original,62,0.0,0,0.0,11307
280120-10,original,63,0.9596076913150083,1,0.0,7717
280120-10,original,64,0.7598932067635716,1,0.0,16000
280120-10,original,65,0.0,0,0.20892018779342722,7346
280120-10,original,66,0.9501696352841391,1,0.0,9373
280120-10,original,67,0.9641165205120451,1,0.0,9866
280120-10,original,68,0.0,0,0.06827309236947791,11685
280120-10,original,69,0.8987854251012146,1,0.0,9060
280120-10,original,70,0.926103766525318,1,0.0,15230
280120-10,original,71,0.787707523843165,1,0.0,8456
280120-10,original,72,0.9059858747250202,1,0.0,8288
280120-10,original,73,0.6429746025945551,1,0.0,7295
280120-10,original,74,0.0,0,0.08211678832116788,9962
280120-10,original,75,0.9499650593990216,1,0.0,7091
280120-10,original,76,0.9746465708610819,1,0.0,8474
280120-10,original,77,0.0,0,0.0,12258
280120-10,original,78,0.0,0,0.027160493827160494,6825
280120-10,original,79,0.0,0,0.17162471395881007,9120
280120-10,original,80,0.0,0,0.0,7329
280120-10,original,81,0.5938766321476813,1,0.0,10971
280120-10,original,82,0.9560275545350172,1,0.0,8613
280120-10,original,83,0.9234775061478374,1,0.0,6904
280120-10,original,84,0.0,0,0.17592592592592593,8582
280120-10,original,85,0.5618541482137585,1,0.0,9484
280120-10,original,86,0.0,0,0.0,9207
280120-10,original,87,0.0,0,0.0,5181
280120-10,original,88,0.8421943785980359,1,0.0,8618
280120-10,original,89,0.7505870720553701,1,0.0047169811320754715,8052
280120-10,original,90,0.9243131156039399,1,0.0,7572
280120-10,original,91,0.0,0,0.009708737864077669,14432
280120-10,original,92,0.0,0,0.19181034482758622,8628
280120-10,original,93,0.9436604429005645,1,0.0,9123
280120-10,original,94,0.9498872217318819,1,0.0,10095
280120-10,original,95,0.0,0,0.1276595744680851,7577
280120-10,original,96,0.9044840806801133,1,0.0,5986
280120-10,original,97,0.0,0,0.0821917808219178,8286
280120-10,original,98,0.38538184201901016,0,0.13157894736842105,7252
280120-10,original,99,0.0,0,0.15639810426540285,7501
280120-10,original,100,0.0,0,0.027906976744186046,7902
280120-10,original,101,0.5000356760613628,1,0.13681592039800994,7141
280120-10,original,102,0.7020469025349058,1,0.0,7356
280120-10,original,103,0.0,0,0.20647773279352227,9275
280120-10,original,104,0.0,0,0.0,10241
280120-10,original,105,0.5937529668660401,1,0.0,10125
280120-10,original,106,0.0,0,0.03723404255319149,14025
280120-10,original,107,0.0,0,0.0,9228
280120-10,original,108,0.0,0,0.0,7747
280120-10,original,109,0.8854625550660793,1,0.0,7657
280120-10,original,110,0.0,0,0.024096385542168676,7691
280120-10,original,111,0.0,0,0.0,6274
280120-10,original,112,0.6245719535621815,1,0.22131147540983606,7737
280120-10,original,113,0.5814383008195775,1,0.0,6919
280120-10,original,114,0.0,0,0.1402439024390244,5699
280120-10,original,115,0.9435040203131613,1,0.0,9347
280120-10,original,116,0.0,0,0.22633744855967078,8776
280120-10,original,117,0.8368713259307642,1,0.0,6099
280120-10,original,118,0.0,0,0.020833333333333332,6945
280120-10,original,119,0.0,0,0.0,16329
280120-10,original,120,0.0,0,0.0,15387
280120-10,original,121,0.0,0,0.09297520661157024,7615
280120-10,original,122,0.9664781906300485,1,0.0,9797
280120-10,original,123,0.4616261143508278,0,0.06622516556291391,7226
280120-10,original,124,0.0,0,0.13924050632911392,15149
280120-10,original,125,0.9180378129790495,1,0.0,9742
280120-10,original,126,0.0,0,0.0,12696
280120-10,original,127,0.0,0,0.08847736625514403,9856
280120-10,original,128,0.5021694915254238,1,0.0684931506849315,7577
280120-10,original,129,0.0,0,0.09090909090909091,7233
280120-10,original,130,0.0,0,0.13170731707317074,8035
280120-10,original,131,0.0,0,0.0,13197
280120-10,original,132,0.0,0,0.028761061946902654,9480
280120-10,original,133,0.0,0,0.0,7902
280120-10,original,134,0.9517653284947456,1,0.0,12840
280120-10,original,135,0.0,0,0.051587301587301584,7817
280120-10,original,136,0.0,0,0.0,6819
280120-10,original,137,0.0,0,0.02077922077922078,6298
280120-10,original,138,0.0,0,0.20161290322580644,9822
280120-10,original,139,0.0,0,0.0,6920
280120-10,original,140,0.0,0,0.13793103448275862,11856
280120-10,original,141,0.0,0,0.025714285714285714,4157
280120-10,original,142,0.0,0,0.128698224852071,18696
280120-10,original,143,0.0,0,0.2523364485981308,6297
280120-10,original,144,0.0,0,0.014778325123152709,7178
280120-10,original,145,0.0,0,0.20423892100192678,7205
280120-10,original,146,0.0,0,0.32489451476793246,9759
280120-10,original,147,0.0,0,0.017964071856287425,18186
280120-10,original,148,0.32285082174462704,0,0.27411167512690354,5028
280120-10,original,149,0.0,0,0.08279220779220779,15321
280120-10,original,150,0.0,0,0.0,4041
280120-10,original,151,0.0,0,0.18275862068965518,14248
280120-10,original,152,0.0,0,0.0,4141
280120-10,original,153,0.0,0,0.2229038854805726,5389
280120-10,original,154,0.16117292294894459,0,0.0,4386
280120-10,fix_A_labels,1,0.9689491525423729,1,0.0,7290
280120-10,fix_A_labels,2,0.9543995946630637,1,0.0,5895
280120-10,fix_A_labels,3,0.9667038394137327,1,0.0,6238
280120-10,fix_A_labels,4,0.0,0,0.010245901639344262,11649
280120-10,fix_A_labels,5,0.0,0,0.0,16883
280120-10,fix_A_labels,6,0.879748856017878,1,0.0,9304
280120-10,fix_A_labels,7,0.9708088567555355,1,0.0,10966
280120-10,fix_A_labels,8,0.6452287819521514,1,0.0,10951
280120-10,fix_A_labels,9,0.9718320552729481,1,0.0,13010
280120-10,fix_A_labels,10,0.7759478189971464,1,0.0,12265
280120-10,fix_A_labels,11,0.9496735582154516,1,0.0,7312
280120-10,fix_A_labels,12,0.9704856681126137,1,0.0,11690
280120-10,fix_A_labels,13,0.0,0,0.0,17055
280120-10,fix_A_labels,14,0.9583560364287382,1,0.0,12596
280120-10,fix_A_labels,15,0.8818572512008089,1,0.0,11863
280120-10,fix_A_labels,16,0.9638958259008206,1,0.0,13681
280120-10,fix_A_labels,17,0.9648482691109727,1,0.0,11109
280120-10,fix_A_labels,18,0.7886590618639655,1,0.0,20970
280120-10,fix_A_labels,19,0.9707728520988623,1,0.0,10082
280120-10,fix_A_labels,20,0.9609161065471745,1,0.0,7952
280120-10,fix_A_labels,21,0.974947996744144,1,0.0,10941
280120-10,fix_A_labels,22,0.0,0,0.014583333333333334,10981
280120-10,fix_A_labels,23,0.9757731958762886,1,0.0,9612
280120-10,fix_A_labels,24,0.9664126446514254,1,0.0,10490
280120-10,fix_A_labels,25,0.0,0,0.0,11491
280120-10,fix_A_labels,26,0.6147878658177732,1,0.0,18452
280120-10,fix_A_labels,27,0.0,0,0.0,8344
280120-10,fix_A_labels,28,0.9614035087719298,1,0.0,8407
280120-10,fix_A_labels,29,0.783958971436712,1,0.0,13960
280120-10,fix_A_labels,30,0.9385411976587122,1,0.0,8533
280120-10,fix_A_labels,31,0.9682830131137542,1,0.0,9693
280120-10,fix_A_labels,32,0.41959406713505076,0,0.021052631578947368,6634
280120-10,fix_A_labels,33,0.7552586980360881,1,0.0,9471
280120-10,fix_A_labels,34,0.9643191511494851,1,0.0,9489
280120-10,fix_A_labels,35,0.9556199304750869,1,0.0,8564
280120-10,fix_A_labels,36,0.0,0,0.0,17262
280120-10,fix_A_labels,37,0.9528441530979065,1,0.0,9239
280120-10,fix_A_labels,38,0.9552324744494026,1,0.0,6930
280120-10,fix_A_labels,39,0.31440081706763506,0,0.0,17230
280120-10,fix_A_labels,40,0.9577416002771043,1,0.0,8605
280120-10,fix_A_labels,41,0.8748614497894037,1,0.0,8895
280120-10,fix_A_labels,42,0.9696367538351482,1,0.0,12449
280120-10,fix_A_labels,43,0.9384850623382733,1,0.04405286343612335,8345
280120-10,fix_A_labels,44,0.0,0,0.0,8631
280120-10,fix_A_labels,45,0.7812643151626203,1,0.0,8510
280120-10,fix_A_labels,46,0.0,0,0.17088607594936708,9607
280120-10,fix_A_labels,47,0.7361450430757361,1,0.0,7671
280120-10,fix_A_labels,48,0.9509240246406571,1,0.1403118040089087,9544
280120-10,fix_A_labels,49,0.0,0,0.0,9085
280120-10,fix_A_labels,50,0.0,0,0.08426966292134831,12155
280120-10,fix_A_labels,51,0.49114300491336954,0,0.22384428223844283,7791
280120-10,fix_A_labels,52,0.9483189774937483,1,0.04040404040404041,7066
280120-10,fix_A_labels,53,0.9535869686488899,1,0.0,8805
280120-10,fix_A_labels,54,0.8980539861895794,1,0.0,7595
280120-10,fix_A_labels,55,0.0,0,0.0,8912
280120-10,fix_A_labels,56,0.7583597578552898,1,0.0,13703
280120-10,fix_A_labels,57,0.9392343528458578,1,0.0,9508
280120-10,fix_A_labels,58,0.0,0,0.0,4139
280120-10,fix_A_labels,59,0.9353517364203028,1,0.0,5478
280120-10,fix_A_labels,60,0.0,0,0.16869918699186992,11876
280120-10,fix_A_labels,61,0.4842451188865262,0,0.19279661016949154,7760
280120-10,fix_A_labels,62,0.8684118060435699,1,0.0,11307
280120-10,fix_A_labels,63,0.9596076913150083,1,0.0,7717
280120-10,fix_A_labels,64,0.7598932067635716,1,0.0,16000
280120-10,fix_A_labels,65,0.0,0,0.20892018779342722,7346
280120-10,fix_A_labels,66,0.9501696352841391,1,0.0,9373
280120-10,fix_A_labels,67,0.9641165205120451,1,0.0,9866
280120-10,fix_A_labels,68,0.734610472541507,1,0.06827309236947791,11685
280120-10,fix_A_labels,69,0.8987854251012146,1,0.0,9060
280120-10,fix_A_labels,70,0.926103766525318,1,0.0,15230
280120-10,fix_A_labels,71,0.787707523843165,1,0.0,8456
280120-10,fix_A_labels,72,0.9059858747250202,1,0.0,8288
280120-10,fix_A_labels,73,0.6429746025945551,1,0.0,7295
280120-10,fix_A_labels,74,0.0,0,0.08211678832116788,9962
280120-10,fix_A_labels,75,0.9499650593990216,1,0.0,7091
280120-10,fix_A_labels,76,0.9746465708610819,1,0.0,8474
280120-10,fix_A_labels,77,0.8938647559337215,1,0.0,12258
280120-10,fix_A_labels,78,0.927149512918255,1,0.027160493827160494,6825
280120-10,fix_A_labels,79,0.9526755671333984,1,0.17162471395881007,9120
280120-10,fix_A_labels,80,0.8658221302998966,1,0.0,7329
280120-10,fix_A_labels,81,0.5938766321476813,1,0.0,10971
280120-10,fix_A_labels,82,0.9560275545350172,1,0.0,8613
280120-10,fix_A_labels,83,0.9234775061478374,1,0.0,6904
280120-10,fix_A_labels,84,0.6110951008645533,1,0.17592592592592593,8582
280120-10,fix_A_labels,85,0.5618541482137585,1,0.0,9484
280120-10,fix_A_labels,86,0.9174088210347753,1,0.0,9207
280120-10,fix_A_labels,87,0.0,0,0.0,5181
280120-10,fix_A_labels,88,0.8421943785980359,1,0.0,8618
280120-10,fix_A_labels,89,0.7505870720553701,1,0.0047169811320754715,8052
280120-10,fix_A_labels,90,0.9243131156039399,1,0.0,7572
280120-10,fix_A_labels,91,0.8786917863582665,1,0.009708737864077669,14432
280120-10,fix_A_labels,92,0.7473238180196253,1,0.19181034482758622,8628
280120-10,fix_A_labels,93,0.9436604429005645,1,0.0,9123
280120-10,fix_A_labels,94,0.9498872217318819,1,0.0,10095
280120-10,fix_A_labels,95,0.47950409918016396,0,0.1276595744680851,7577
280120-10,fix_A_labels,96,0.9044840806801133,1,0.0,5986
280120-10,fix_A_labels,97,0.0008723973479120623,0,0.0821917808219178,8286
280120-10,fix_A_labels,98,0.7914600550964187,1,0.13157894736842105,7252
280120-10,fix_A_labels,99,0.49224230976794386,0,0.15639810426540285,7501
280120-10,fix_A_labels,100,0.0,0,0.027906976744186046,7902
280120-10,fix_A_labels,101,0.853073645769933,1,0.13681592039800994,7141
280120-10,fix_A_labels,102,0.7020469025349058,1,0.0,7356
280120-10,fix_A_labels,103,0.36439154423160375,0,0.20647773279352227,9275
280120-10,fix_A_labels,104,0.8934598193925021,1,0.0,10241
280120-10,fix_A_labels,105,0.5937529668660401,1,0.0,10125
280120-10,fix_A_labels,106,0.935680526063429,1,0.03723404255319149,14025
280120-10,fix_A_labels,107,0.8203529536087921,1,0.0,9228
280120-10,fix_A_labels,108,0.8775461584276355,1,0.0,7747
280120-10,fix_A_labels,109,0.8854625550660793,1,0.0,7657
280120-10,fix_A_labels,110,0.33829968723343756,0,0.024096385542168676,7691
280120-10,fix_A_labels,111,0.4009433962264151,0,0.0,6274
280120-10,fix_A_labels,112,0.6245719535621815,1,0.22131147540983606,7737
280120-10,fix_A_labels,113,0.5814383008195775,1,0.0,6919
280120-10,fix_A_labels,114,0.0,0,0.1402439024390244,5699
280120-10,fix_A_labels,115,0.9435040203131613,1,0.0,9347
280120-10,fix_A_labels,116,0.001361933946203609,0,0.22633744855967078,8776
280120-10,fix_A_labels,117,0.8368713259307642,1,0.0,6099
280120-10,fix_A_labels,118,0.8770083890231765,1,0.020833333333333332,6945
280120-10,fix_A_labels,119,0.9254316652033948,1,0.0,16329
280120-10,fix_A_labels,120,0.7823324943066043,1,0.0,15387
280120-10,fix_A_labels,121,0.31159050293592033,0,0.09297520661157024,7615
280120-10,fix_A_labels,122,0.9664781906300485,1,0.0,9797
280120-10,fix_A_labels,123,0.8306597515378121,1,0.06622516556291391,7226
280120-10,fix_A_labels,124,0.0,0,0.13924050632911392,15149
280120-10,fix_A_labels,125,0.9180378129790495,1,0.0,9742
280120-10,fix_A_labels,126,0.8022156801983266,1,0.0,12696
280120-10,fix_A_labels,127,0.5066437495868314,1,0.08847736625514403,9856
280120-10,fix_A_labels,128,0.8514473684210526,1,0.0684931506849315,7577
280120-10,fix_A_labels,129,0.7108870967741936,1,0.09090909090909091,7233
280120-10,fix_A_labels,130,0.4941493022964771,0,0.13170731707317074,8035
280120-10,fix_A_labels,131,0.0,0,0.0,13197
280120-10,fix_A_labels,132,0.7991005963437287,1,0.028761061946902654,9480
280120-10,fix_A_labels,133,0.3207061188591532,0,0.0,7902
280120-10,fix_A_labels,134,0.9517653284947456,1,0.0,12840
280120-10,fix_A_labels,135,0.7258501354198014,1,0.051587301587301584,7817
280120-10,fix_A_labels,136,0.9113300492610837,1,0.0,6819
280120-10,fix_A_labels,137,0.4022973502153766,0,0.02077922077922078,6298
280120-10,fix_A_labels,138,0.4295854987957916,0,0.20161290322580644,9822
280120-10,fix_A_labels,139,0.0,0,0.0,6920
280120-10,fix_A_labels,140,0.0,0,0.13793103448275862,11856
280120-10,fix_A_labels,141,0.28366325864694364,0,0.025714285714285714,4157
280120-10,fix_A_labels,142,0.009927408279380028,0,0.128698224852071,18696
280120-10,fix_A_labels,143,0.0,0,0.2523364485981308,6297
280120-10,fix_A_labels,144,0.0014392882065596651,0,0.014778325123152709,7178
280120-10,fix_A_labels,145,0.0,0,0.20423892100192678,7205
280120-10,fix_A_labels,146,0.0,0,0.32489451476793246,9759
280120-10,fix_A_labels,147,0.00019171779141104295,0,0.017964071856287425,18186
280120-10,fix_A_labels,148,0.32285082174462704,0,0.27411167512690354,5028
280120-10,fix_A_labels,149,0.0006190928226505428,0,0.08279220779220779,15321
280120-10,fix_A_labels,150,0.007502176970996048,0,0.0,4041
280120-10,fix_A_labels,151,0.0012555743170108672,0,0.18275862068965518,14248
280120-10,fix_A_labels,152,0.0,0,0.0,4141
280120-10,fix_A_labels,153,0.35911798071469087,0,0.2229038854805726,5389
280120-10,fix_A_labels,154,0.16117292294894459,0,0.0,4386
280120-10,fix_B_labels_local_seeds,1,0.9689491525423729,1,0.0,7290
280120-10,fix_B_labels_local_seeds,2,0.9543995946630637,1,0.0,5895
280120-10,fix_B_labels_local_seeds,3,0.9667038394137327,1,0.0,6238
280120-10,fix_B_labels_local_seeds,4,0.0,0,0.010245901639344262,11649
280120-10,fix_B_labels_local_seeds,5,0.7458229027187518,1,0.0,16883
280120-10,fix_B_labels_local_seeds,6,0.8973813072173727,1,0.0,9304
280120-10,fix_B_labels_local_seeds,7,0.9708088567555355,1,0.0,10966
280120-10,fix_B_labels_local_seeds,8,0.978302315024966,1,0.0,10951
280120-10,fix_B_labels_local_seeds,9,0.9718320552729481,1,0.0,13010
280120-10,fix_B_labels_local_seeds,10,0.7823889115368936,1,0.0,12265
280120-10,fix_B_labels_local_seeds,11,0.9499387838389335,1,0.0,7312
280120-10,fix_B_labels_local_seeds,12,0.9707408352470869,1,0.0,11690
280120-10,fix_B_labels_local_seeds,13,0.7834534447967714,1,0.0,17055
280120-10,fix_B_labels_local_seeds,14,0.9574964969640355,1,0.0,12596
280120-10,fix_B_labels_local_seeds,15,0.8839639335973709,1,0.0,11863
280120-10,fix_B_labels_local_seeds,16,0.9733939000648929,1,0.0,13681
280120-10,fix_B_labels_local_seeds,17,0.9651152442822818,1,0.0,11109
280120-10,fix_B_labels_local_seeds,18,0.7610950599156917,1,0.0,20970
280120-10,fix_B_labels_local_seeds,19,0.7692987625220978,1,0.0,10082
280120-10,fix_B_labels_local_seeds,20,0.9607916355489171,1,0.0,7952
280120-10,fix_B_labels_local_seeds,21,0.9749434644957033,1,0.0,10941
280120-10,fix_B_labels_local_seeds,22,0.0,0,0.014583333333333334,10981
280120-10,fix_B_labels_local_seeds,23,0.9758738014228271,1,0.0,9612
280120-10,fix_B_labels_local_seeds,24,0.9664126446514254,1,0.0,10490
280120-10,fix_B_labels_local_seeds,25,0.9728471683475562,1,0.0,11491
280120-10,fix_B_labels_local_seeds,26,0.6708576320154085,1,0.0,18452
280120-10,fix_B_labels_local_seeds,27,0.0,0,0.0,8344
280120-10,fix_B_labels_local_seeds,28,0.9620786516853933,1,0.0,8407
280120-10,fix_B_labels_local_seeds,29,0.9194306049822064,1,0.0,13960
280120-10,fix_B_labels_local_seeds,30,0.7561567811307666,1,0.0,8533
280120-10,fix_B_labels_local_seeds,31,0.9714461160577218,1,0.0,9693
280120-10,fix_B_labels_local_seeds,32,0.4196486662329213,0,0.021052631578947368,6634
280120-10,fix_B_labels_local_seeds,33,0.9020803096274794,1,0.0,9471
280120-10,fix_B_labels_local_seeds,34,0.9634755463059314,1,0.0,9489
280120-10,fix_B_labels_local_seeds,35,0.956667825280964,1,0.0,8564
280120-10,fix_B_labels_local_seeds,36,0.8771576524741082,1,0.0,17262
280120-10,fix_B_labels_local_seeds,37,0.9522047160833246,1,0.0,9239
280120-10,fix_B_labels_local_seeds,38,0.9552324744494026,1,0.0,6930
280120-10,fix_B_labels_local_seeds,39,0.721735221398067,1,0.0,17230
280120-10,fix_B_labels_local_seeds,40,0.9577416002771043,1,0.0,8605
280120-10,fix_B_labels_local_seeds,41,0.8747506096209267,1,0.0,8895
280120-10,fix_B_labels_local_seeds,42,0.9696367538351482,1,0.0,12449
280120-10,fix_B_labels_local_seeds,43,0.9414868667917449,1,0.04405286343612335,8345
280120-10,fix_B_labels_local_seeds,44,0.9544208361891706,1,0.0,8631
280120-10,fix_B_labels_local_seeds,45,0.781403870376732,1,0.0,8510
280120-10,fix_B_labels_local_seeds,46,0.0,0,0.17088607594936708,9607
280120-10,fix_B_labels_local_seeds,47,0.776006172045776,1,0.0,7671
280120-10,fix_B_labels_local_seeds,48,0.7749352667011911,1,0.1403118040089087,9544
280120-10,fix_B_labels_local_seeds,49,0.6430365920262152,1,0.0,9085
280120-10,fix_B_labels_local_seeds,50,0.0,0,0.08426966292134831,12155
280120-10,fix_B_labels_local_seeds,51,0.491206517522307,0,0.22384428223844283,7791
280120-10,fix_B_labels_local_seeds,52,0.9518948398825339,1,0.04040404040404041,7066
280120-10,fix_B_labels_local_seeds,53,0.9529175499274797,1,0.0,8805
280120-10,fix_B_labels_local_seeds,54,0.8979284369114877,1,0.0,7595
280120-10,fix_B_labels_local_seeds,55,0.9418679896462467,1,0.0,8912
280120-10,fix_B_labels_local_seeds,56,0.759152493513981,1,0.0,13703
280120-10,fix_B_labels_local_seeds,57,0.9392343528458578,1,0.0,9508
280120-10,fix_B_labels_local_seeds,58,0.0,0,0.0,4139
280120-10,fix_B_labels_local_seeds,59,0.9351736420302761,1,0.0,5478
280120-10,fix_B_labels_local_seeds,60,0.0,0,0.16869918699186992,11876
280120-10,fix_B_labels_local_seeds,61,0.48411624460338937,0,0.19279661016949154,7760
280120-10,fix_B_labels_local_seeds,62,0.8722768798313423,1,0.0,11307
280120-10,fix_B_labels_local_seeds,63,0.9596076913150083,1,0.0,7717
280120-10,fix_B_labels_local_seeds,64,0.7696190361735369,1,0.0,16000
280120-10,fix_B_labels_local_seeds,65,0.0,0,0.20892018779342722,7346
280120-10,fix_B_labels_local_seeds,66,0.9501696352841391,1,0.0,9373
280120-10,fix_B_labels_local_seeds,67,0.9632093538957767,1,0.0,9866
280120-10,fix_B_labels_local_seeds,68,0.0,0,0.06827309236947791,11685
280120-10,fix_B_labels_local_seeds,69,0.9613385315139701,1,0.0,9060
280120-10,fix_B_labels_local_seeds,70,0.927433959907575,1,0.0,15230
280120-10,fix_B_labels_local_seeds,71,0.7917795312684018,1,0.0,8456
280120-10,fix_B_labels_local_seeds,72,0.9372079089275015,1,0.0,8288
280120-10,fix_B_labels_local_seeds,73,0.6405752252662237,1,0.0,7295
280120-10,fix_B_labels_local_seeds,74,0.0,0,0.08211678832116788,9962
280120-10,fix_B_labels_local_seeds,75,0.9499650593990216,1,0.0,7091
280120-10,fix_B_labels_local_seeds,76,0.9745327102803738,1,0.0,8474
280120-10,fix_B_labels_local_seeds,77,0.894214259051885,1,0.0,12258
280120-10,fix_B_labels_local_seeds,78,0.0,0,0.027160493827160494,6825
280120-10,fix_B_labels_local_seeds,79,0.8869808306709265,1,0.17162471395881007,9120
280120-10,fix_B_labels_local_seeds,80,0.8658221302998966,1,0.0,7329
280120-10,fix_B_labels_local_seeds,81,0.6380772005772006,1,0.0,10971
280120-10,fix_B_labels_local_seeds,82,0.9559127439724454,1,0.0,8613
280120-10,fix_B_labels_local_seeds,83,0.9299971073184843,1,0.0,6904
280120-10,fix_B_labels_local_seeds,84,0.0,0,0.17592592592592593,8582
280120-10,fix_B_labels_local_seeds,85,0.6837497540822349,1,0.0,9484
280120-10,fix_B_labels_local_seeds,86,0.9174088210347753,1,0.0,9207
280120-10,fix_B_labels_local_seeds,87,0.0,0,0.0,5181
280120-10,fix_B_labels_local_seeds,88,0.8445648493057907,1,0.0,8618
280120-10,fix_B_labels_local_seeds,89,0.7522879050210239,1,0.0047169811320754715,8052
280120-10,fix_B_labels_local_seeds,90,0.927159209157128,1,0.0,7572
280120-10,fix_B_labels_local_seeds,91,0.8785825303077401,1,0.009708737864077669,14432
280120-10,fix_B_labels_local_seeds,92,0.722926626480981,1,0.19181034482758622,8628
280120-10,fix_B_labels_local_seeds,93,0.9436604429005645,1,0.0,9123
280120-10,fix_B_labels_local_seeds,94,0.9400059107477096,1,0.0,10095
280120-10,fix_B_labels_local_seeds,95,0.48117043258015063,0,0.1276595744680851,7577
280120-10,fix_B_labels_local_seeds,96,0.9044840806801133,1,0.0,5986
280120-10,fix_B_labels_local_seeds,97,0.0008724480893386843,0,0.0821917808219178,8286
280120-10,fix_B_labels_local_seeds,98,0.39154375614552606,0,0.13157894736842105,7252
280120-10,fix_B_labels_local_seeds,99,0.49151400862068967,0,0.15639810426540285,7501
280120-10,fix_B_labels_local_seeds,100,0.0,0,0.027906976744186046,7902
280120-10,fix_B_labels_local_seeds,101,0.4967042313416968,0,0.13681592039800994,7141
280120-10,fix_B_labels_local_seeds,102,0.714111427409516,1,0.0,7356
280120-10,fix_B_labels_local_seeds,103,0.5368762917035724,1,0.20647773279352227,9275
280120-10,fix_B_labels_local_seeds,104,0.8934403795274154,1,0.0,10241
280120-10,fix_B_labels_local_seeds,105,0.5938420602489785,1,0.0,10125
280120-10,fix_B_labels_local_seeds,106,0.9543257443082311,1,0.03723404255319149,14025
280120-10,fix_B_labels_local_seeds,107,0.8108021732182806,1,0.0,9228
280120-10,fix_B_labels_local_seeds,108,0.8775461584276355,1,0.0,7747
280120-10,fix_B_labels_local_seeds,109,0.8854625550660793,1,0.0,7657
280120-10,fix_B_labels_local_seeds,110,0.0,0,0.024096385542168676,7691
280120-10,fix_B_labels_local_seeds,111,0.400812102953697,0,0.0,6274
280120-10,fix_B_labels_local_seeds,112,0.6761404779145547,1,0.22131147540983606,7737
280120-10,fix_B_labels_local_seeds,113,0.6924344363586434,1,0.0,6919
280120-10,fix_B_labels_local_seeds,114,0.0,0,0.1402439024390244,5699
280120-10,fix_B_labels_local_seeds,115,0.9519129148171633,1,0.0,9347
280120-10,fix_B_labels_local_seeds,116,0.5692091341324583,1,0.22633744855967078,8776
280120-10,fix_B_labels_local_seeds,117,0.8476485956890921,1,0.0,6099
280120-10,fix_B_labels_local_seeds,118,0.3744526825850896,0,0.020833333333333332,6945
280120-10,fix_B_labels_local_seeds,119,0.0,0,0.0,16329
280120-10,fix_B_labels_local_seeds,120,0.0,0,0.0,15387
280120-10,fix_B_labels_local_seeds,121,0.4262044353810859,0,0.09297520661157024,7615
280120-10,fix_B_labels_local_seeds,122,0.8835685948888273,1,0.0,9797
280120-10,fix_B_labels_local_seeds,123,0.460827022317539,0,0.06622516556291391,7226
280120-10,fix_B_labels_local_seeds,124,0.0,0,0.13924050632911392,15149
280120-10,fix_B_labels_local_seeds,125,0.9172456068655497,1,0.0,9742
280120-10,fix_B_labels_local_seeds,126,0.7765726681127982,1,0.0,12696
280120-10,fix_B_labels_local_seeds,127,0.4532522724589777,0,0.08847736625514403,9856
280120-10,fix_B_labels_local_seeds,128,0.5026799647194518,1,0.0684931506849315,7577
280120-10,fix_B_labels_local_seeds,129,0.0,0,0.09090909090909091,7233
280120-10,fix_B_labels_local_seeds,130,0.0,0,0.13170731707317074,8035
280120-10,fix_B_labels_local_seeds,131,0.0,0,0.0,13197
280120-10,fix_B_labels_local_seeds,132,0.7991787250684396,1,0.028761061946902654,9480
280120-10,fix_B_labels_local_seeds,133,0.31122203512148183,0,0.0,7902
280120-10,fix_B_labels_local_seeds,134,0.9520677402283209,1,0.0,12840
280120-10,fix_B_labels_local_seeds,135,0.4598780196125329,0,0.051587301587301584,7817
280120-10,fix_B_labels_local_seeds,136,0.0,0,0.0,6819
280120-10,fix_B_labels_local_seeds,137,0.40234986945169715,0,0.02077922077922078,6298
280120-10,fix_B_labels_local_seeds,138,0.38140042626189113,0,0.20161290322580644,9822
280120-10,fix_B_labels_local_seeds,139,0.005482975698910174,0,0.0,6920
280120-10,fix_B_labels_local_seeds,140,0.29908373756675977,0,0.13793103448275862,11856
280120-10,fix_B_labels_local_seeds,141,0.0,0,0.025714285714285714,4157
280120-10,fix_B_labels_local_seeds,142,0.033952892786465405,0,0.128698224852071,18696
280120-10,fix_B_labels_local_seeds,143,0.0,0,0.2523364485981308,6297
280120-10,fix_B_labels_local_seeds,144,0.8180943214629451,1,0.014778325123152709,7178
280120-10,fix_B_labels_local_seeds,145,0.0,0,0.20423892100192678,7205
280120-10,fix_B_labels_local_seeds,146,0.0,0,0.32489451476793246,9759
280120-10,fix_B_labels_local_seeds,147,0.00015976482617586913,0,0.017964071856287425,18186
280120-10,fix_B_labels_local_seeds,148,0.2505141591520329,0,0.27411167512690354,5028
280120-10,fix_B_labels_local_seeds,149,0.0006191183754333828,0,0.08279220779220779,15321
280120-10,fix_B_labels_local_seeds,150,0.0,0,0.0,4041
280120-10,fix_B_labels_local_seeds,151,0.0012555743170108672,0,0.18275862068965518,14248
280120-10,fix_B_labels_local_seeds,152,0.0,0,0.0,4141
280120-10,fix_B_labels_local_seeds,153,0.0,0,0.2229038854805726,5389
280120-10,fix_B_labels_local_seeds,154,0.020635747785304845,0,0.0,4386
280120-10,cellpose_sam,1,0.9303215926493109,1,0.0,7290
280120-10,cellpose_sam,2,0.9630663164806303,1,0.0,5895
280120-10,cellpose_sam,3,0.9452947416275194,1,0.0,6238
280120-10,cellpose_sam,4,0.9456733897202342,1,0.010245901639344262,11649
280120-10,cellpose_sam,5,0.9303978838311474,1,0.0,16883
280120-10,cellpose_sam,6,0.9325177980547478,1,0.0,9304
280120-10,cellpose_sam,7,0.9600770443004728,1,0.0,10966
280120-10,cellpose_sam,8,0.9540029619304817,1,0.0,10951
280120-10,cellpose_sam,9,0.9711725168035847,1,0.0,13010
280120-10,cellpose_sam,10,0.9532100108813928,1,0.0,12265
280120-10,cellpose_sam,11,0.926795051651575,1,0.0,7312
280120-10,cellpose_sam,12,0.9590595198947715,1,0.0,11690
280120-10,cellpose_sam,13,0.9493987975951904,1,0.0,17055
280120-10,cellpose_sam,14,0.9560230897766976,1,0.0,12596
280120-10,cellpose_sam,15,0.9451083492670491,1,0.0,11863
280120-10,cellpose_sam,16,0.9703998861534083,1,0.0,13681
280120-10,cellpose_sam,17,0.9647109952194698,1,0.0,11109
280120-10,cellpose_sam,18,0.9682979804981746,1,0.0,20970
280120-10,cellpose_sam,19,0.94303619867178,1,0.0,10082
280120-10,cellpose_sam,20,0.9356394869984704,1,0.0,7952
280120-10,cellpose_sam,21,0.9394641937145801,1,0.0,10941
280120-10,cellpose_sam,22,0.9497404844290658,1,0.014583333333333334,10981
280120-10,cellpose_sam,23,0.9489584361733636,1,0.0,9612
280120-10,cellpose_sam,24,0.9517241379310345,1,0.0,10490
280120-10,cellpose_sam,25,0.9500620090946672,1,0.0,11491
280120-10,cellpose_sam,26,0.9676334594367382,1,0.0,18452
280120-10,cellpose_sam,27,0.9630616025937935,1,0.0,8344
280120-10,cellpose_sam,28,0.9619745733592945,1,0.0,8407
280120-10,cellpose_sam,29,0.9500272331154684,1,0.0,13960
280120-10,cellpose_sam,30,0.9461137598403371,1,0.0,8533
280120-10,cellpose_sam,31,0.9381173736199884,1,0.0,9693
280120-10,cellpose_sam,32,0.9377746279234586,1,0.021052631578947368,6634
280120-10,cellpose_sam,33,0.9433154014743973,1,0.0,9471
280120-10,cellpose_sam,34,0.9647621957429473,1,0.0,9489
280120-10,cellpose_sam,35,0.9407880255337883,1,0.0,8564
280120-10,cellpose_sam,36,0.9644616073427357,1,0.0,17262
280120-10,cellpose_sam,37,0.9693716450899905,1,0.0,9239
280120-10,cellpose_sam,38,0.9620464340330878,1,0.0,6930
280120-10,cellpose_sam,39,0.9359552392851322,1,0.0,17230
280120-10,cellpose_sam,40,0.9671799482971788,1,0.0,8605
280120-10,cellpose_sam,41,0.9478908188585607,1,0.0,8895
280120-10,cellpose_sam,42,0.9291685326168084,1,0.0,12449
280120-10,cellpose_sam,43,0.9547291835084882,1,0.04405286343612335,8345
280120-10,cellpose_sam,44,0.9366028708133971,1,0.0,8631
280120-10,cellpose_sam,45,0.9342408606872324,1,0.0,8510
280120-10,cellpose_sam,46,0.9412921624545186,1,0.17088607594936708,9607
280120-10,cellpose_sam,47,0.9340002439917043,1,0.0,7671
280120-10,cellpose_sam,48,0.95606715592641,1,0.1403118040089087,9544
280120-10,cellpose_sam,49,0.9405735583393726,1,0.0,9085
280120-10,cellpose_sam,50,0.9454602038434606,1,0.08426966292134831,12155
280120-10,cellpose_sam,51,0.9431596884128529,1,0.22384428223844283,7791
280120-10,cellpose_sam,52,0.9211315343501499,1,0.04040404040404041,7066
280120-10,cellpose_sam,53,0.9515672616456248,1,0.0,8805
280120-10,cellpose_sam,54,0.9523749527529293,1,0.0,7595
280120-10,cellpose_sam,55,0.9418604651162791,1,0.0,8912
280120-10,cellpose_sam,56,0.9412694051380684,1,0.0,13703
280120-10,cellpose_sam,57,0.9539480284940303,1,0.0,9508
280120-10,cellpose_sam,58,0.7933365523901497,1,0.0,4139
280120-10,cellpose_sam,59,0.9182031511900771,1,0.0,5478
280120-10,cellpose_sam,60,0.9445020333306754,1,0.16869918699186992,11876
280120-10,cellpose_sam,61,0.9356561855044312,1,0.19279661016949154,7760
280120-10,cellpose_sam,62,0.9221923171030095,1,0.0,11307
280120-10,cellpose_sam,63,0.9449957123606517,1,0.0,7717
280120-10,cellpose_sam,64,0.9533225477859668,1,0.0,16000
280120-10,cellpose_sam,65,0.9419081815850218,1,0.20892018779342722,7346
280120-10,cellpose_sam,66,0.9445452712240371,1,0.0,9373
280120-10,cellpose_sam,67,0.9363843524496772,1,0.0,9866
280120-10,cellpose_sam,68,0.9438610662358643,1,0.06827309236947791,11685
280120-10,cellpose_sam,69,0.9461578672242551,1,0.0,9060
280120-10,cellpose_sam,70,0.5201303680981595,1,0.0,15230
280120-10,cellpose_sam,71,0.9355053930835094,1,0.0,8456
280120-10,cellpose_sam,72,0.92931369190362,1,0.0,8288
280120-10,cellpose_sam,73,0.8590272052761748,1,0.0,7295
280120-10,cellpose_sam,74,0.9037900874635568,1,0.08211678832116788,9962
280120-10,cellpose_sam,75,0.9474247491638796,1,0.0,7091
280120-10,cellpose_sam,76,0.9528789923526766,1,0.0,8474
280120-10,cellpose_sam,77,0.9564266749960956,1,0.0,12258
280120-10,cellpose_sam,78,0.9152360515021459,1,0.027160493827160494,6825
280120-10,cellpose_sam,79,0.9460020768431984,1,0.17162471395881007,9120
280120-10,cellpose_sam,80,0.9605507016150384,1,0.0,7329
280120-10,cellpose_sam,81,0.9247412183947056,1,0.0,10971
280120-10,cellpose_sam,82,0.9132768058387893,1,0.0,8613
280120-10,cellpose_sam,83,0.9420923245015024,1,0.0,6904
280120-10,cellpose_sam,84,0.9227956989247312,1,0.17592592592592593,8582
280120-10,cellpose_sam,85,0.9300774737667942,1,0.0,9484
280120-10,cellpose_sam,86,0.8946702976074694,1,0.0,9207
280120-10,cellpose_sam,87,0.9661463231145383,1,0.0,5181
280120-10,cellpose_sam,88,0.9176608436301662,1,0.0,8618
280120-10,cellpose_sam,89,0.935656836461126,1,0.0047169811320754715,8052
280120-10,cellpose_sam,90,0.9639395114385421,1,0.0,7572
280120-10,cellpose_sam,91,0.939990868175592,1,0.009708737864077669,14432
280120-10,cellpose_sam,92,0.931867417677643,1,0.19181034482758622,8628
280120-10,cellpose_sam,93,0.9048719025619487,1,0.0,9123
280120-10,cellpose_sam,94,0.9453065859197578,1,0.0,10095
280120-10,cellpose_sam,95,0.9219840478564307,1,0.1276595744680851,7577
280120-10,cellpose_sam,96,0.936525974025974,1,0.0,5986
280120-10,cellpose_sam,97,0.9249944109099039,1,0.0821917808219178,8286
280120-10,cellpose_sam,98,0.9528837270687607,1,0.13157894736842105,7252
280120-10,cellpose_sam,99,0.9182274452197331,1,0.15639810426540285,7501
280120-10,cellpose_sam,100,0.9262429643527205,1,0.027906976744186046,7902
280120-10,cellpose_sam,101,0.9482274247491639,1,0.13681592039800994,7141
280120-10,cellpose_sam,102,0.9359317284422367,1,0.0,7356
280120-10,cellpose_sam,103,0.9600539531023033,1,0.20647773279352227,9275
280120-10,cellpose_sam,104,0.9520969245107176,1,0.0,10241
280120-10,cellpose_sam,105,0.941822582146514,1,0.0,10125
280120-10,cellpose_sam,106,0.5821242428511058,1,0.03723404255319149,14025
280120-10,cellpose_sam,107,0.9492280592684695,1,0.0,9228
280120-10,cellpose_sam,108,0.9247851002865329,1,0.0,7747
280120-10,cellpose_sam,109,0.0,0,0.0,7657
280120-10,cellpose_sam,110,0.942899517982944,1,0.024096385542168676,7691
280120-10,cellpose_sam,111,0.9010554089709762,1,0.0,6274
280120-10,cellpose_sam,112,0.8967884570630672,1,0.22131147540983606,7737
280120-10,cellpose_sam,113,0.9272139102304893,1,0.0,6919
280120-10,cellpose_sam,114,0.9325041459369817,1,0.1402439024390244,5699
280120-10,cellpose_sam,115,0.9434058118268644,1,0.0,9347
280120-10,cellpose_sam,116,0.9275007972786223,1,0.22633744855967078,8776
280120-10,cellpose_sam,117,0.9333539031163222,1,0.0,6099
280120-10,cellpose_sam,118,0.9194436794271551,1,0.020833333333333332,6945
280120-10,cellpose_sam,119,0.8979164369970235,1,0.0,16329
280120-10,cellpose_sam,120,0.8685859441151567,1,0.0,15387
280120-10,cellpose_sam,121,0.9102645234780408,1,0.09297520661157024,7615
280120-10,cellpose_sam,122,0.965840655543489,1,0.0,9797
280120-10,cellpose_sam,123,0.8882186384340761,1,0.06622516556291391,7226
280120-10,cellpose_sam,124,0.5529170143123034,1,0.13924050632911392,15149
280120-10,cellpose_sam,125,0.9146166363549344,1,0.0,9742
280120-10,cellpose_sam,126,0.958301395063621,1,0.0,12696
280120-10,cellpose_sam,127,0.9211633779107827,1,0.08847736625514403,9856
280120-10,cellpose_sam,128,0.9168123907069697,1,0.0684931506849315,7577
280120-10,cellpose_sam,129,0.9244276795005203,1,0.09090909090909091,7233
280120-10,cellpose_sam,130,0.9070871481858257,1,0.13170731707317074,8035
280120-10,cellpose_sam,131,0.0,0,0.0,13197
280120-10,cellpose_sam,132,0.9361066878980892,1,0.028761061946902654,9480
280120-10,cellpose_sam,133,0.8892390814948221,1,0.0,7902
280120-10,cellpose_sam,134,0.9603715634129897,1,0.0,12840
280120-10,cellpose_sam,135,0.734811320754717,1,0.051587301587301584,7817
280120-10,cellpose_sam,136,0.9239425162689805,1,0.0,6819
280120-10,cellpose_sam,137,0.6670198114207013,1,0.02077922077922078,6298
280120-10,cellpose_sam,138,0.9467305248753788,1,0.20161290322580644,9822
280120-10,cellpose_sam,139,0.9077290202837067,1,0.0,6920
280120-10,cellpose_sam,140,0.015316867700555237,0,0.13793103448275862,11856
280120-10,cellpose_sam,141,0.912736386420597,1,0.025714285714285714,4157
280120-10,cellpose_sam,142,0.5688097489232062,1,0.128698224852071,18696
280120-10,cellpose_sam,143,0.9320575582257825,1,0.2523364485981308,6297
280120-10,cellpose_sam,144,0.8834325396825397,1,0.014778325123152709,7178
280120-10,cellpose_sam,145,0.8550035654860946,1,0.20423892100192678,7205
280120-10,cellpose_sam,146,0.953527883270038,1,0.32489451476793246,9759
280120-10,cellpose_sam,147,0.5416734450409414,1,0.017964071856287425,18186
280120-10,cellpose_sam,148,0.02480585086330393,0,0.27411167512690354,5028
280120-10,cellpose_sam,149,0.6298226657344436,1,0.08279220779220779,15321
280120-10,cellpose_sam,150,0.32566242605947654,0,0.0,4041
280120-10,cellpose_sam,151,0.8983373858184924,1,0.18275862068965518,14248
280120-10,cellpose_sam,152,0.0,0,0.0,4141
280120-10,cellpose_sam,153,0.8938053097345132,1,0.2229038854805726,5389
280120-10,cellpose_sam,154,0.0017881471389645776,0,0.0,4386
280120-11,original,1,0.9715938525297876,1,0.0,11349
280120-11,original,2,0.9784684516008239,1,0.0,10600
280120-11,original,3,0.9768816269772292,1,0.0,11315
280120-11,original,4,0.9745090974599171,1,0.0,10852
280120-11,original,5,0.9802664529700491,1,0.0,9862
280120-11,original,6,0.9720050046918987,1,0.0,12586
280120-11,original,7,0.9763203953464429,1,0.0,9602
280120-11,original,8,0.9793294940353764,1,0.0,9594
280120-11,original,9,0.971290962319388,1,0.0,10425
280120-11,original,10,0.9462699822380106,1,0.0,10889
280120-11,original,11,0.9700374531835206,1,0.0,13550
280120-11,original,12,0.9702672186676703,1,0.0,10515
280120-11,original,13,0.9734077789344184,1,0.0,10384
280120-11,original,14,0.9778173895820955,1,0.0,9990
280120-11,original,15,0.9726489321843387,1,0.0,10561
280120-11,original,16,0.9647524387999263,1,0.0,10590
280120-11,original,17,0.9742883379247016,1,0.0,8573
280120-11,original,18,0.9694533762057878,1,0.0,11641
280120-11,original,19,0.9689069138663576,1,0.0,10108
280120-11,original,20,0.9721797323135756,1,0.0,10296
280120-11,original,21,0.9779172099087353,1,0.0,12059
280120-11,original,22,0.9808736526460815,1,0.0,12162
280120-11,original,23,0.9581989058774022,1,0.0,7074
280120-11,original,24,0.8372885204950608,1,0.0,8632
280120-11,original,25,0.0,0,0.0,7942
280120-11,original,26,0.9750055957621429,1,0.0,13108
280120-11,original,27,0.9664939305742883,1,0.0,13687
280120-11,original,28,0.9753072990318721,1,0.0,9055
280120-11,original,29,0.9701216124452127,1,0.0,15828
280120-11,original,30,0.9536100762817101,1,0.0,10937
280120-11,original,31,0.9642237222757956,1,0.0,10119
280120-11,original,32,0.9555399555399555,1,0.0,8423
280120-11,original,33,0.9758010804410567,1,0.0,13257
280120-11,original,34,0.0,0,0.10779816513761468,9059
280120-11,original,35,0.0,0,0.0,13160
280120-11,original,36,0.9767909509844994,1,0.0,11809
280120-11,original,37,0.9730902777777778,1,0.0,12389
280120-11,original,38,0.9690916736753574,1,0.0,9418
280120-11,original,39,0.9734736538600158,1,0.0,13570
280120-11,original,40,0.967848941056392,1,0.0,11632
280120-11,original,41,0.0,0,0.0,12828
280120-11,original,42,0.9715648854961833,1,0.0,10303
280120-11,original,43,0.9614564290067033,1,0.0,6519
280120-11,original,44,0.5688009957129028,1,0.0,8459
280120-11,original,45,0.9739794328451231,1,0.0,12641
280120-11,original,46,0.0,0,0.00411522633744856,10905
280120-11,original,47,0.975599711726552,1,0.0,9615
280120-11,original,48,0.9014468085106383,1,0.0,10742
280120-11,original,49,0.9687895402783636,1,0.0,9267
280120-11,original,50,0.9722695862873553,1,0.0,10961
280120-11,original,51,0.0,0,0.0,4620
280120-11,original,52,0.96494031393928,1,0.0,10310
280120-11,original,53,0.9696398659966499,1,0.0,9360
280120-11,original,54,0.9557918298824846,1,0.0,7002
280120-11,original,55,0.9343524416135881,1,0.0,11089
280120-11,original,56,0.0,0,0.0,12664
280120-11,original,57,0.954076425898628,1,0.0,8639
280120-11,original,58,0.9430060816681147,1,0.0,10911
280120-11,original,59,0.0,0,0.0,10699
280120-11,original,60,0.9426687807727614,1,0.0,11431
280120-11,original,61,0.9129293893129771,1,0.0,7953
280120-11,original,62,0.9431134190959518,1,0.0,8127
280120-11,original,63,0.40264506301066333,0,0.0,6028
280120-11,original,64,0.957372737118985,1,0.0,12506
280120-11,original,65,0.9026942774437764,1,0.0,8298
280120-11,original,66,0.9672337024774518,1,0.0,8633
280120-11,original,67,0.9691351292398298,1,0.0,9054
280120-11,original,68,0.9691343699234161,1,0.0,8470
280120-11,original,69,0.0,0,0.016129032258064516,9235
280120-11,original,70,0.0,0,0.03076923076923077,12841
280120-11,original,71,0.9635490559860308,1,0.0,8958
280120-11,original,72,0.0,0,0.008547008547008548,10606
280120-11,original,73,0.0,0,0.0,10991
280120-11,original,74,0.9671178126987011,1,0.0,10777
280120-11,original,75,0.0,0,0.0,20213
280120-11,original,76,0.9661705006765899,1,0.0,9353
280120-11,original,77,0.9685580050596314,1,0.0,8136
280120-11,original,78,0.9713123763464497,1,0.0,8930
280120-11,original,79,0.0,0,0.0,7215
280120-11,original,80,0.0,0,0.0,9540
280120-11,original,81,0.0,0,0.0,10333
280120-11,original,82,0.960689079456629,1,0.0,12700
280120-11,original,83,0.9401072705601907,1,0.0,6485
280120-11,original,84,0.0,0,0.014462809917355372,11237
280120-11,original,85,0.0,0,0.10629067245119306,9577
280120-11,original,86,0.9625294785570793,1,0.0,11119
280120-11,original,87,0.0,0,0.0,9886
280120-11,original,88,0.7124696830308606,1,0.0,8669
280120-11,original,89,0.0,0,0.0,11206
280120-11,original,90,0.9721889055472264,1,0.0,13213
280120-11,original,91,0.6742532892685664,1,0.0,15828
280120-11,original,92,0.0,0,0.0,17076
280120-11,original,93,0.9775731667214732,1,0.0,15009
280120-11,original,94,0.9630794107078692,1,0.0,10755
280120-11,original,95,0.0,0,0.0,8837
280120-11,original,96,0.0,0,0.0,18099
280120-11,original,97,0.9487757731958762,1,0.0,8987
280120-11,original,98,0.9564904340670644,1,0.0,9418
280120-11,original,99,0.0,0,0.03524229074889868,10086
280120-11,original,100,0.0,0,0.10040983606557377,11477
280120-11,original,101,0.9470682848369645,1,0.0,6662
280120-11,original,102,0.0,0,0.07488986784140969,10104
280120-11,original,103,0.9444761795955673,1,0.0,8508
280120-11,original,104,0.0,0,0.02023121387283237,5683
280120-11,original,105,0.9119548768743981,1,0.0,6996
280120-11,original,106,0.0,0,0.19078947368421054,9811
280120-11,original,107,0.9422119703775647,1,0.0,8011
280120-11,original,108,0.9756531011196019,1,0.0,16606
280120-11,original,109,0.0,0,0.0,13966
280120-11,original,110,0.0,0,0.0,17261
280120-11,original,111,0.0,0,0.015350877192982455,10309
280120-11,original,112,0.9397300794971344,1,0.0,5381
280120-11,original,113,0.0,0,0.01715686274509804,7584
280120-11,original,114,0.8246973365617434,1,0.0,10138
280120-11,original,115,0.0,0,0.0,16960
280120-11,original,116,0.0,0,0.0064794816414686825,9362
280120-11,original,117,0.0,0,0.05434782608695652,10153
280120-11,original,118,0.0,0,0.0,13150
280120-11,original,119,0.0,0,0.04038461538461539,12311
280120-11,original,120,0.9479405034324943,1,0.0,6868
280120-11,original,121,0.0,0,0.1782178217821782,10037
280120-11,original,122,0.9269686266361936,1,0.0,9109
280120-11,original,123,0.8866571018651362,1,0.0,8820
280120-11,original,124,0.0,0,0.04789272030651341,12492
280120-11,original,125,0.0,0,0.00980392156862745,7097
280120-11,original,126,0.0,0,0.1858974358974359,9023
280120-11,original,127,0.0,0,0.04794520547945205,9212
280120-11,original,128,0.0,0,0.0,11565
280120-11,original,129,0.0,0,0.0,9899
280120-11,original,130,0.9499257793171697,1,0.0,9949
280120-11,original,131,0.0,0,0.10675381263616558,7782
280120-11,original,132,0.0,0,0.10311284046692606,11625
280120-11,original,133,0.8203071281228512,1,0.0,17207
280120-11,original,134,0.0,0,0.23234200743494424,14066
280120-11,original,135,0.0,0,0.16988416988416988,12218
280120-11,original,136,0.9474954044117647,1,0.0,8548
280120-11,original,137,0.0,0,0.2311111111111111,7806
280120-11,original,138,0.0,0,0.0,8679
280120-11,original,139,0.0,0,0.07578947368421053,10212
280120-11,original,140,0.0,0,0.0,9412
280120-11,original,141,0.0,0,0.0,5606
280120-11,original,142,0.5009148369926814,1,0.0,24048
280120-11,original,143,0.0,0,0.0,10279
280120-11,original,144,0.0,0,0.0,10389
280120-11,original,145,0.0,0,0.0,7804
280120-11,original,146,0.0,0,0.04861111111111111,8122
280120-11,original,147,0.0,0,0.011538461538461539,11846
280120-11,original,148,0.0,0,0.03409090909090909,5440
280120-11,original,149,0.0,0,0.0,11719
280120-11,original,150,0.0,0,0.08559498956158663,9778
280120-11,original,151,0.0,0,0.0,7729
280120-11,original,152,0.0,0,0.0,9004
280120-11,original,153,0.0,0,0.0,6268
280120-11,original,154,0.0,0,0.0,5097
280120-11,original,155,0.0,0,0.0,5139
280120-11,original,156,0.0,0,0.00530035335689046,14763
280120-11,original,157,0.0,0,0.0,8142
280120-11,original,158,0.0,0,0.1337448559670782,11524
280120-11,original,159,0.0,0,0.25120772946859904,6149
280120-11,original,160,0.0,0,0.18468468468468469,7951
280120-11,original,161,0.0,0,0.22535211267605634,8503
280120-11,original,162,0.8568791708078943,1,0.0,6414
280120-11,original,163,0.0,0,0.0,5264
280120-11,original,164,0.0,0,0.049281314168377825,10943
280120-11,original,165,0.0,0,0.11557788944723618,5834
280120-11,original,166,0.0,0,0.3016627078384798,5333
280120-11,original,167,0.0,0,0.08370044052863436,8091
280120-11,original,168,0.0,0,0.08604206500956023,9266
280120-11,fix_A_labels,1,0.5932512144344205,1,0.0,11349
280120-11,fix_A_labels,2,0.9784684516008239,1,0.0,10600
280120-11,fix_A_labels,3,0.9768816269772292,1,0.0,11315
280120-11,fix_A_labels,4,0.9745090974599171,1,0.0,10852
280120-11,fix_A_labels,5,0.9802664529700491,1,0.0,9862
280120-11,fix_A_labels,6,0.9720050046918987,1,0.0,12586
280120-11,fix_A_labels,7,0.9763203953464429,1,0.0,9602
280120-11,fix_A_labels,8,0.9793294940353764,1,0.0,9594
280120-11,fix_A_labels,9,0.971290962319388,1,0.0,10425
280120-11,fix_A_labels,10,0.9462699822380106,1,0.0,10889
280120-11,fix_A_labels,11,0.9700374531835206,1,0.0,13550
280120-11,fix_A_labels,12,0.9702672186676703,1,0.0,10515
280120-11,fix_A_labels,13,0.9734077789344184,1,0.0,10384
280120-11,fix_A_labels,14,0.9778173895820955,1,0.0,9990
280120-11,fix_A_labels,15,0.9726489321843387,1,0.0,10561
280120-11,fix_A_labels,16,0.9647524387999263,1,0.0,10590
280120-11,fix_A_labels,17,0.9742883379247016,1,0.0,8573
280120-11,fix_A_labels,18,0.9694533762057878,1,0.0,11641
280120-11,fix_A_labels,19,0.9689069138663576,1,0.0,10108
280120-11,fix_A_labels,20,0.9721797323135756,1,0.0,10296
280120-11,fix_A_labels,21,0.9779172099087353,1,0.0,12059
280120-11,fix_A_labels,22,0.9808736526460815,1,0.0,12162
280120-11,fix_A_labels,23,0.9581989058774022,1,0.0,7074
280120-11,fix_A_labels,24,0.8372885204950608,1,0.0,8632
280120-11,fix_A_labels,25,0.9407251577775028,1,0.0,7942
280120-11,fix_A_labels,26,0.9750055957621429,1,0.0,13108
280120-11,fix_A_labels,27,0.7632811936855763,1,0.0,13687
280120-11,fix_A_labels,28,0.9753072990318721,1,0.0,9055
280120-11,fix_A_labels,29,0.9701216124452127,1,0.0,15828
280120-11,fix_A_labels,30,0.9536100762817101,1,0.0,10937
280120-11,fix_A_labels,31,0.9642237222757956,1,0.0,10119
280120-11,fix_A_labels,32,0.9555399555399555,1,0.0,8423
280120-11,fix_A_labels,33,0.9758010804410567,1,0.0,13257
280120-11,fix_A_labels,34,0.0,0,0.10779816513761468,9059
280120-11,fix_A_labels,35,0.9257260526876375,1,0.0,13160
280120-11,fix_A_labels,36,0.9767909509844994,1,0.0,11809
280120-11,fix_A_labels,37,0.9730902777777778,1,0.0,12389
280120-11,fix_A_labels,38,0.9690916736753574,1,0.0,9418
280120-11,fix_A_labels,39,0.9734736538600158,1,0.0,13570
280120-11,fix_A_labels,40,0.967848941056392,1,0.0,11632
280120-11,fix_A_labels,41,0.9514055023923444,1,0.0,12828
280120-11,fix_A_labels,42,0.9715648854961833,1,0.0,10303
280120-11,fix_A_labels,43,0.9614564290067033,1,0.0,6519
280120-11,fix_A_labels,44,0.956780055917987,1,0.0,8459
280120-11,fix_A_labels,45,0.9739794328451231,1,0.0,12641
280120-11,fix_A_labels,46,0.9634223630602082,1,0.00411522633744856,10905
280120-11,fix_A_labels,47,0.975599711726552,1,0.0,9615
280120-11,fix_A_labels,48,0.9014468085106383,1,0.0,10742
280120-11,fix_A_labels,49,0.9687895402783636,1,0.0,9267
280120-11,fix_A_labels,50,0.7741674167416742,1,0.0,10961
280120-11,fix_A_labels,51,0.0,0,0.0,4620
280120-11,fix_A_labels,52,0.96494031393928,1,0.0,10310
280120-11,fix_A_labels,53,0.9696398659966499,1,0.0,9360
280120-11,fix_A_labels,54,0.9557918298824846,1,0.0,7002
280120-11,fix_A_labels,55,0.9343524416135881,1,0.0,11089
280120-11,fix_A_labels,56,0.7094282414091828,1,0.0,12664
280120-11,fix_A_labels,57,0.954076425898628,1,0.0,8639
280120-11,fix_A_labels,58,0.9430060816681147,1,0.0,10911
280120-11,fix_A_labels,59,0.9278714575792355,1,0.0,10699
280120-11,fix_A_labels,60,0.9426687807727614,1,0.0,11431
280120-11,fix_A_labels,61,0.9129293893129771,1,0.0,7953
280120-11,fix_A_labels,62,0.9431134190959518,1,0.0,8127
280120-11,fix_A_labels,63,0.9498689384010485,1,0.0,6028
280120-11,fix_A_labels,64,0.957372737118985,1,0.0,12506
280120-11,fix_A_labels,65,0.9026942774437764,1,0.0,8298
280120-11,fix_A_labels,66,0.9672337024774518,1,0.0,8633
280120-11,fix_A_labels,67,0.9691351292398298,1,0.0,9054
280120-11,fix_A_labels,68,0.9691343699234161,1,0.0,8470
280120-11,fix_A_labels,69,0.9625775254914328,1,0.016129032258064516,9235
280120-11,fix_A_labels,70,0.9596204933586338,1,0.03076923076923077,12841
280120-11,fix_A_labels,71,0.9635490559860308,1,0.0,8958
280120-11,fix_A_labels,72,0.9450599346167817,1,0.008547008547008548,10606
280120-11,fix_A_labels,73,0.9337960491190603,1,0.0,10991
280120-11,fix_A_labels,74,0.9671178126987011,1,0.0,10777
280120-11,fix_A_labels,75,0.7462006079027356,1,0.0,20213
280120-11,fix_A_labels,76,0.9661705006765899,1,0.0,9353
280120-11,fix_A_labels,77,0.0,0,0.0,8136
280120-11,fix_A_labels,78,0.9713123763464497,1,0.0,8930
280120-11,fix_A_labels,79,0.8922952803549818,1,0.0,7215
280120-11,fix_A_labels,80,0.9164375490966221,1,0.0,9540
280120-11,fix_A_labels,81,0.9574068861994559,1,0.0,10333
280120-11,fix_A_labels,82,0.960689079456629,1,0.0,12700
280120-11,fix_A_labels,83,0.9401072705601907,1,0.0,6485
280120-11,fix_A_labels,84,0.9041602200446965,1,0.014462809917355372,11237
280120-11,fix_A_labels,85,0.0,0,0.10629067245119306,9577
280120-11,fix_A_labels,86,0.9625294785570793,1,0.0,11119
280120-11,fix_A_labels,87,0.9262894534257121,1,0.0,9886
280120-11,fix_A_labels,88,0.7124696830308606,1,0.0,8669
280120-11,fix_A_labels,89,0.9373151981076286,1,0.0,11206
280120-11,fix_A_labels,90,0.9721889055472264,1,0.0,13213
280120-11,fix_A_labels,91,0.6742532892685664,1,0.0,15828
280120-11,fix_A_labels,92,0.0,0,0.0,17076
280120-11,fix_A_labels,93,0.9775731667214732,1,0.0,15009
280120-11,fix_A_labels,94,0.6397098821396192,1,0.0,10755
280120-11,fix_A_labels,95,0.952286282306163,1,0.0,8837
280120-11,fix_A_labels,96,0.0,0,0.0,18099
280120-11,fix_A_labels,97,0.9487757731958762,1,0.0,8987
280120-11,fix_A_labels,98,0.9564904340670644,1,0.0,9418
280120-11,fix_A_labels,99,0.9610402355250245,1,0.03524229074889868,10086
280120-11,fix_A_labels,100,0.9306166486845381,1,0.10040983606557377,11477
280120-11,fix_A_labels,101,0.9470682848369645,1,0.0,6662
280120-11,fix_A_labels,102,0.0,0,0.07488986784140969,10104
280120-11,fix_A_labels,103,0.9444761795955673,1,0.0,8508
280120-11,fix_A_labels,104,0.0,0,0.02023121387283237,5683
280120-11,fix_A_labels,105,0.9119548768743981,1,0.0,6996
280120-11,fix_A_labels,106,0.0,0,0.19078947368421054,9811
280120-11,fix_A_labels,107,0.9422119703775647,1,0.0,8011
280120-11,fix_A_labels,108,0.9756531011196019,1,0.0,16606
280120-11,fix_A_labels,109,0.9410237135242261,1,0.0,13966
280120-11,fix_A_labels,110,0.0,0,0.0,17261
280120-11,fix_A_labels,111,0.9470566456867827,1,0.015350877192982455,10309
280120-11,fix_A_labels,112,0.9397300794971344,1,0.0,5381
280120-11,fix_A_labels,113,0.8809710258418167,1,0.01715686274509804,7584
280120-11,fix_A_labels,114,0.8246973365617434,1,0.0,10138
280120-11,fix_A_labels,115,0.0,0,0.0,16960
280120-11,fix_A_labels,116,0.9534715774270092,1,0.0064794816414686825,9362
280120-11,fix_A_labels,117,0.0,0,0.05434782608695652,10153
280120-11,fix_A_labels,118,0.889146283300402,1,0.0,13150
280120-11,fix_A_labels,119,0.0,0,0.04038461538461539,12311
280120-11,fix_A_labels,120,0.9479405034324943,1,0.0,6868
280120-11,fix_A_labels,121,0.47917677895349964,0,0.1782178217821782,10037
280120-11,fix_A_labels,122,0.9269686266361936,1,0.0,9109
280120-11,fix_A_labels,123,0.8866571018651362,1,0.0,8820
280120-11,fix_A_labels,124,0.0,0,0.04789272030651341,12492
280120-11,fix_A_labels,125,0.8564872757613684,1,0.00980392156862745,7097
280120-11,fix_A_labels,126,0.0,0,0.1858974358974359,9023
280120-11,fix_A_labels,127,0.0,0,0.04794520547945205,9212
280120-11,fix_A_labels,128,0.8754103366669211,1,0.0,11565
280120-11,fix_A_labels,129,0.80146484375,1,0.0,9899
280120-11,fix_A_labels,130,0.9499257793171697,1,0.0,9949
280120-11,fix_A_labels,131,0.8769425142135187,1,0.10675381263616558,7782
280120-11,fix_A_labels,132,0.9300321108669934,1,0.10311284046692606,11625
280120-11,fix_A_labels,133,0.8203071281228512,1,0.0,17207
280120-11,fix_A_labels,134,0.0,0,0.23234200743494424,14066
280120-11,fix_A_labels,135,0.953762320698774,1,0.16988416988416988,12218
280120-11,fix_A_labels,136,0.9474954044117647,1,0.0,8548
280120-11,fix_A_labels,137,0.5416403564161931,1,0.2311111111111111,7806
280120-11,fix_A_labels,138,0.9431880860452289,1,0.0,8679
280120-11,fix_A_labels,139,0.8262379764873531,1,0.07578947368421053,10212
280120-11,fix_A_labels,140,0.004124633503950703,0,0.0,9412
280120-11,fix_A_labels,141,0.864447660395562,1,0.0,5606
280120-11,fix_A_labels,142,0.5009148369926814,1,0.0,24048
280120-11,fix_A_labels,143,0.9000361206429475,1,0.0,10279
280120-11,fix_A_labels,144,0.0,0,0.0,10389
280120-11,fix_A_labels,145,0.0,0,0.0,7804
280120-11,fix_A_labels,146,0.0,0,0.04861111111111111,8122
280120-11,fix_A_labels,147,0.00017681120983070327,0,0.011538461538461539,11846
280120-11,fix_A_labels,148,0.0004351610095735422,0,0.03409090909090909,5440
280120-11,fix_A_labels,149,0.4579336106630444,0,0.0,11719
280120-11,fix_A_labels,150,0.0,0,0.08559498956158663,9778
280120-11,fix_A_labels,151,0.5022553441851343,1,0.0,7729
280120-11,fix_A_labels,152,0.8173306407196622,1,0.0,9004
280120-11,fix_A_labels,153,0.0,0,0.0,6268
280120-11,fix_A_labels,154,0.3135582097388109,0,0.0,5097
280120-11,fix_A_labels,155,0.4414525041663012,0,0.0,5139
280120-11,fix_A_labels,156,0.9639717062206651,1,0.00530035335689046,14763
280120-11,fix_A_labels,157,0.0,0,0.0,8142
280120-11,fix_A_labels,158,0.0016298123513346842,0,0.1337448559670782,11524
280120-11,fix_A_labels,159,0.42889295259530175,0,0.25120772946859904,6149
280120-11,fix_A_labels,160,0.0,0,0.18468468468468469,7951
280120-11,fix_A_labels,161,0.0,0,0.22535211267605634,8503
280120-11,fix_A_labels,162,0.8568791708078943,1,0.0,6414
280120-11,fix_A_labels,163,0.0,0,0.0,5264
280120-11,fix_A_labels,164,0.502815768302494,1,0.049281314168377825,10943
280120-11,fix_A_labels,165,0.0,0,0.11557788944723618,5834
280120-11,fix_A_labels,166,0.0,0,0.3016627078384798,5333
280120-11,fix_A_labels,167,0.6546643337323879,1,0.08370044052863436,8091
280120-11,fix_A_labels,168,0.0,0,0.08604206500956023,9266
280120-11,fix_B_labels_local_seeds,1,0.9718480138169258,1,0.0,11349
280120-11,fix_B_labels_local_seeds,2,0.9771385739717043,1,0.0,10600
280120-11,fix_B_labels_local_seeds,3,0.9772964509394572,1,0.0,11315
280120-11,fix_B_labels_local_seeds,4,0.9745113933171214,1,0.0,10852
280120-11,fix_B_labels_local_seeds,5,0.9802704056084126,1,0.0,9862
280120-11,fix_B_labels_local_seeds,6,0.9721614013137316,1,0.0,12586
280120-11,fix_B_labels_local_seeds,7,0.9766292597549676,1,0.0,9602
280120-11,fix_B_labels_local_seeds,8,0.979428101213742,1,0.0,9594
280120-11,fix_B_labels_local_seeds,9,0.9711938043067624,1,0.0,10425
280120-11,fix_B_labels_local_seeds,10,0.9462699822380106,1,0.0,10889
280120-11,fix_B_labels_local_seeds,11,0.9698278965939368,1,0.0,13550
280120-11,fix_B_labels_local_seeds,12,0.9704498400150574,1,0.0,10515
280120-11,fix_B_labels_local_seeds,13,0.9734077789344184,1,0.0,10384
280120-11,fix_B_labels_local_seeds,14,0.9778173895820955,1,0.0,9990
280120-11,fix_B_labels_local_seeds,15,0.9726489321843387,1,0.0,10561
280120-11,fix_B_labels_local_seeds,16,0.9649268157967412,1,0.0,10590
280120-11,fix_B_labels_local_seeds,17,0.9742883379247016,1,0.0,8573
280120-11,fix_B_labels_local_seeds,18,0.9688821241332657,1,0.0,11641
280120-11,fix_B_labels_local_seeds,19,0.8843947496353913,1,0.0,10108
280120-11,fix_B_labels_local_seeds,20,0.972272683812984,1,0.0,10296
280120-11,fix_B_labels_local_seeds,21,0.9779969032678674,1,0.0,12059
280120-11,fix_B_labels_local_seeds,22,0.9251258729900925,1,0.0,12162
280120-11,fix_B_labels_local_seeds,23,0.9581989058774022,1,0.0,7074
280120-11,fix_B_labels_local_seeds,24,0.8485123779241426,1,0.0,8632
280120-11,fix_B_labels_local_seeds,25,0.9407251577775028,1,0.0,7942
280120-11,fix_B_labels_local_seeds,26,0.9750055957621429,1,0.0,13108
280120-11,fix_B_labels_local_seeds,27,0.9664277095606502,1,0.0,13687
280120-11,fix_B_labels_local_seeds,28,0.9751904243743199,1,0.0,9055
280120-11,fix_B_labels_local_seeds,29,0.9698222661071341,1,0.0,15828
280120-11,fix_B_labels_local_seeds,30,0.9536100762817101,1,0.0,10937
280120-11,fix_B_labels_local_seeds,31,0.9642168209876543,1,0.0,10119
280120-11,fix_B_labels_local_seeds,32,0.9564351797634384,1,0.0,8423
280120-11,fix_B_labels_local_seeds,33,0.9760177646188009,1,0.0,13257
280120-11,fix_B_labels_local_seeds,34,0.0,0,0.10779816513761468,9059
280120-11,fix_B_labels_local_seeds,35,0.9257260526876375,1,0.0,13160
280120-11,fix_B_labels_local_seeds,36,0.9769623858590936,1,0.0,11809
280120-11,fix_B_labels_local_seeds,37,0.9730902777777778,1,0.0,12389
280120-11,fix_B_labels_local_seeds,38,0.9690916736753574,1,0.0,9418
280120-11,fix_B_labels_local_seeds,39,0.9734736538600158,1,0.0,13570
280120-11,fix_B_labels_local_seeds,40,0.967848941056392,1,0.0,11632
280120-11,fix_B_labels_local_seeds,41,0.9514055023923444,1,0.0,12828
280120-11,fix_B_labels_local_seeds,42,0.9715784453981879,1,0.0,10303
280120-11,fix_B_labels_local_seeds,43,0.9614564290067033,1,0.0,6519
280120-11,fix_B_labels_local_seeds,44,0.957251019219569,1,0.0,8459
280120-11,fix_B_labels_local_seeds,45,0.974131213962911,1,0.0,12641
280120-11,fix_B_labels_local_seeds,46,0.9634223630602082,1,0.00411522633744856,10905
280120-11,fix_B_labels_local_seeds,47,0.975599711726552,1,0.0,9615
280120-11,fix_B_labels_local_seeds,48,0.9015235339177803,1,0.0,10742
280120-11,fix_B_labels_local_seeds,49,0.9688884201645223,1,0.0,9267
280120-11,fix_B_labels_local_seeds,50,0.9722695862873553,1,0.0,10961
280120-11,fix_B_labels_local_seeds,51,0.0,0,0.0,4620
280120-11,fix_B_labels_local_seeds,52,0.9647589512263886,1,0.0,10310
280120-11,fix_B_labels_local_seeds,53,0.9696398659966499,1,0.0,9360
280120-11,fix_B_labels_local_seeds,54,0.9557918298824846,1,0.0,7002
280120-11,fix_B_labels_local_seeds,55,0.9347604485219164,1,0.0,11089
280120-11,fix_B_labels_local_seeds,56,0.0,0,0.0,12664
280120-11,fix_B_labels_local_seeds,57,0.9539421440726035,1,0.0,8639
280120-11,fix_B_labels_local_seeds,58,0.9425966131133304,1,0.0,10911
280120-11,fix_B_labels_local_seeds,59,0.9278714575792355,1,0.0,10699
280120-11,fix_B_labels_local_seeds,60,0.942890540202054,1,0.0,11431
280120-11,fix_B_labels_local_seeds,61,0.9129293893129771,1,0.0,7953
280120-11,fix_B_labels_local_seeds,62,0.9403389032713579,1,0.0,8127
280120-11,fix_B_labels_local_seeds,63,0.9501965923984272,1,0.0,6028
280120-11,fix_B_labels_local_seeds,64,0.9575143166692462,1,0.0,12506
280120-11,fix_B_labels_local_seeds,65,0.9026942774437764,1,0.0,8298
280120-11,fix_B_labels_local_seeds,66,0.9672337024774518,1,0.0,8633
280120-11,fix_B_labels_local_seeds,67,0.969247546346783,1,0.0,9054
280120-11,fix_B_labels_local_seeds,68,0.969366442330007,1,0.0,8470
280120-11,fix_B_labels_local_seeds,69,0.5158443215652914,1,0.016129032258064516,9235
280120-11,fix_B_labels_local_seeds,70,0.9703236718689936,1,0.03076923076923077,12841
280120-11,fix_B_labels_local_seeds,71,0.9634439109559144,1,0.0,8958
280120-11,fix_B_labels_local_seeds,72,0.9450599346167817,1,0.008547008547008548,10606
280120-11,fix_B_labels_local_seeds,73,0.0,0,0.0,10991
280120-11,fix_B_labels_local_seeds,74,0.9671178126987011,1,0.0,10777
280120-11,fix_B_labels_local_seeds,75,0.0,0,0.0,20213
280120-11,fix_B_labels_local_seeds,76,0.9687303911315625,1,0.0,9353
280120-11,fix_B_labels_local_seeds,77,0.9678584326471651,1,0.0,8136
280120-11,fix_B_labels_local_seeds,78,0.9711866270757725,1,0.0,8930
280120-11,fix_B_labels_local_seeds,79,0.8922952803549818,1,0.0,7215
280120-11,fix_B_labels_local_seeds,80,0.9164375490966221,1,0.0,9540
280120-11,fix_B_labels_local_seeds,81,0.9574068861994559,1,0.0,10333
280120-11,fix_B_labels_local_seeds,82,0.9608349146110057,1,0.0,12700
280120-11,fix_B_labels_local_seeds,83,0.9402206320810972,1,0.0,6485
280120-11,fix_B_labels_local_seeds,84,0.8861232604373758,1,0.014462809917355372,11237
280120-11,fix_B_labels_local_seeds,85,0.0,0,0.10629067245119306,9577
280120-11,fix_B_labels_local_seeds,86,0.9625294785570793,1,0.0,11119
280120-11,fix_B_labels_local_seeds,87,0.9252093560496679,1,0.0,9886
280120-11,fix_B_labels_local_seeds,88,0.7124696830308606,1,0.0,8669
280120-11,fix_B_labels_local_seeds,89,0.9373996789727127,1,0.0,11206
280120-11,fix_B_labels_local_seeds,90,0.9721160332808635,1,0.0,13213
280120-11,fix_B_labels_local_seeds,91,0.9095771144278607,1,0.0,15828
280120-11,fix_B_labels_local_seeds,92,0.0,0,0.0,17076
280120-11,fix_B_labels_local_seeds,93,0.9775731667214732,1,0.0,15009
280120-11,fix_B_labels_local_seeds,94,0.9627066858375269,1,0.0,10755
280120-11,fix_B_labels_local_seeds,95,0.952286282306163,1,0.0,8837
280120-11,fix_B_labels_local_seeds,96,0.0,0,0.0,18099
280120-11,fix_B_labels_local_seeds,97,0.948131443298969,1,0.0,8987
280120-11,fix_B_labels_local_seeds,98,0.9567901234567902,1,0.0,9418
280120-11,fix_B_labels_local_seeds,99,0.9692412850307587,1,0.03524229074889868,10086
280120-11,fix_B_labels_local_seeds,100,0.0,0,0.10040983606557377,11477
280120-11,fix_B_labels_local_seeds,101,0.9470682848369645,1,0.0,6662
280120-11,fix_B_labels_local_seeds,102,0.0,0,0.07488986784140969,10104
280120-11,fix_B_labels_local_seeds,103,0.962178517397882,1,0.0,8508
280120-11,fix_B_labels_local_seeds,104,0.0,0,0.02023121387283237,5683
280120-11,fix_B_labels_local_seeds,105,0.9118173063695144,1,0.0,6996
280120-11,fix_B_labels_local_seeds,106,0.0,0,0.19078947368421054,9811
280120-11,fix_B_labels_local_seeds,107,0.9436961533794442,1,0.0,8011
280120-11,fix_B_labels_local_seeds,108,0.9756531011196019,1,0.0,16606
280120-11,fix_B_labels_local_seeds,109,0.9413734198838402,1,0.0,13966
280120-11,fix_B_labels_local_seeds,110,0.0,0,0.0,17261
280120-11,fix_B_labels_local_seeds,111,0.0,0,0.015350877192982455,10309
280120-11,fix_B_labels_local_seeds,112,0.9397300794971344,1,0.0,5381
280120-11,fix_B_labels_local_seeds,113,0.0,0,0.01715686274509804,7584
280120-11,fix_B_labels_local_seeds,114,0.8246973365617434,1,0.0,10138
280120-11,fix_B_labels_local_seeds,115,0.0,0,0.0,16960
280120-11,fix_B_labels_local_seeds,116,0.9537667698658411,1,0.0064794816414686825,9362
280120-11,fix_B_labels_local_seeds,117,0.0,0,0.05434782608695652,10153
280120-11,fix_B_labels_local_seeds,118,0.0,0,0.0,13150
280120-11,fix_B_labels_local_seeds,119,0.0,0,0.04038461538461539,12311
280120-11,fix_B_labels_local_seeds,120,0.9487069581368767,1,0.0,6868
280120-11,fix_B_labels_local_seeds,121,0.0,0,0.1782178217821782,10037
280120-11,fix_B_labels_local_seeds,122,0.9094975553937377,1,0.0,9109
280120-11,fix_B_labels_local_seeds,123,0.8866571018651362,1,0.0,8820
280120-11,fix_B_labels_local_seeds,124,0.0,0,0.04789272030651341,12492
280120-11,fix_B_labels_local_seeds,125,0.8566263384786539,1,0.00980392156862745,7097
280120-11,fix_B_labels_local_seeds,126,0.0,0,0.1858974358974359,9023
280120-11,fix_B_labels_local_seeds,127,0.0,0,0.04794520547945205,9212
280120-11,fix_B_labels_local_seeds,128,0.8754103366669211,1,0.0,11565
280120-11,fix_B_labels_local_seeds,129,0.0,0,0.0,9899
280120-11,fix_B_labels_local_seeds,130,0.9499257793171697,1,0.0,9949
280120-11,fix_B_labels_local_seeds,131,0.0,0,0.10675381263616558,7782
280120-11,fix_B_labels_local_seeds,132,0.0,0,0.10311284046692606,11625
280120-11,fix_B_labels_local_seeds,133,0.9242345614945511,1,0.0,17207
280120-11,fix_B_labels_local_seeds,134,0.0,0,0.23234200743494424,14066
280120-11,fix_B_labels_local_seeds,135,0.0,0,0.16988416988416988,12218
280120-11,fix_B_labels_local_seeds,136,0.9461883408071748,1,0.0,8548
280120-11,fix_B_labels_local_seeds,137,0.5416403564161931,1,0.2311111111111111,7806
280120-11,fix_B_labels_local_seeds,138,0.9430777716492003,1,0.0,8679
280120-11,fix_B_labels_local_seeds,139,0.826164395760976,1,0.07578947368421053,10212
280120-11,fix_B_labels_local_seeds,140,0.004955401387512388,0,0.0,9412
280120-11,fix_B_labels_local_seeds,141,0.935908691834943,1,0.0,5606
280120-11,fix_B_labels_local_seeds,142,0.5014554224883566,1,0.0,24048
280120-11,fix_B_labels_local_seeds,143,0.8997111391948005,1,0.0,10279
280120-11,fix_B_labels_local_seeds,144,0.0,0,0.0,10389
280120-11,fix_B_labels_local_seeds,145,0.0,0,0.0,7804
280120-11,fix_B_labels_local_seeds,146,0.0,0,0.04861111111111111,8122
280120-11,fix_B_labels_local_seeds,147,0.00017681120983070327,0,0.011538461538461539,11846
280120-11,fix_B_labels_local_seeds,148,0.0,0,0.03409090909090909,5440
280120-11,fix_B_labels_local_seeds,149,0.7925779114270093,1,0.0,11719
280120-11,fix_B_labels_local_seeds,150,0.0,0,0.08559498956158663,9778
280120-11,fix_B_labels_local_seeds,151,0.0,0,0.0,7729
280120-11,fix_B_labels_local_seeds,152,0.811816192560175,1,0.0,9004
280120-11,fix_B_labels_local_seeds,153,0.0,0,0.0,6268
280120-11,fix_B_labels_local_seeds,154,0.0,0,0.0,5097
280120-11,fix_B_labels_local_seeds,155,0.0,0,0.0,5139
280120-11,fix_B_labels_local_seeds,156,0.963978849966953,1,0.00530035335689046,14763
280120-11,fix_B_labels_local_seeds,157,0.0,0,0.0,8142
280120-11,fix_B_labels_local_seeds,158,0.0,0,0.1337448559670782,11524
280120-11,fix_B_labels_local_seeds,159,0.42889295259530175,0,0.25120772946859904,6149
280120-11,fix_B_labels_local_seeds,160,0.0,0,0.18468468468468469,7951
280120-11,fix_B_labels_local_seeds,161,0.0,0,0.22535211267605634,8503
280120-11,fix_B_labels_local_seeds,162,0.8816732485008044,1,0.0,6414
280120-11,fix_B_labels_local_seeds,163,0.0,0,0.0,5264
280120-11,fix_B_labels_local_seeds,164,0.0,0,0.049281314168377825,10943
280120-11,fix_B_labels_local_seeds,165,0.0,0,0.11557788944723618,5834
280120-11,fix_B_labels_local_seeds,166,0.0,0,0.3016627078384798,5333
280120-11,fix_B_labels_local_seeds,167,0.04865389002966005,0,0.08370044052863436,8091
280120-11,fix_B_labels_local_seeds,168,0.0,0,0.08604206500956023,9266
280120-11,cellpose_sam,1,0.9516981132075472,1,0.0,11349
280120-11,cellpose_sam,2,0.9535804246131702,1,0.0,10600
280120-11,cellpose_sam,3,0.9465450895097876,1,0.0,11315
280120-11,cellpose_sam,4,0.9565447333627148,1,0.0,10852
280120-11,cellpose_sam,5,0.9565470417070805,1,0.0,9862
280120-11,cellpose_sam,6,0.9591976815131178,1,0.0,12586
280120-11,cellpose_sam,7,0.9585497403116261,1,0.0,9602
280120-11,cellpose_sam,8,0.9559585492227979,1,0.0,9594
280120-11,cellpose_sam,9,0.9725464562517508,1,0.0,10425
280120-11,cellpose_sam,10,0.9580216492123559,1,0.0,10889
280120-11,cellpose_sam,11,0.9457667341383402,1,0.0,13550
280120-11,cellpose_sam,12,0.9512393703636692,1,0.0,10515
280120-11,cellpose_sam,13,0.9515168178902026,1,0.0,10384
280120-11,cellpose_sam,14,0.9481776765375854,1,0.0,9990
280120-11,cellpose_sam,15,0.9559942049981891,1,0.0,10561
280120-11,cellpose_sam,16,0.9482449856733525,1,0.0,10590
280120-11,cellpose_sam,17,0.9464561713402517,1,0.0,8573
280120-11,cellpose_sam,18,0.9579458480783475,1,0.0,11641
280120-11,cellpose_sam,19,0.9437908496732026,1,0.0,10108
280120-11,cellpose_sam,20,0.9575002324932577,1,0.0,10296
280120-11,cellpose_sam,21,0.9494527989922054,1,0.0,12059
280120-11,cellpose_sam,22,0.9468275593616193,1,0.0,12162
280120-11,cellpose_sam,23,0.9401436552274541,1,0.0,7074
280120-11,cellpose_sam,24,0.9497963228008367,1,0.0,8632
280120-11,cellpose_sam,25,0.9636765247269604,1,0.0,7942
280120-11,cellpose_sam,26,0.9444484472944736,1,0.0,13108
280120-11,cellpose_sam,27,0.9312784922092944,1,0.0,13687
280120-11,cellpose_sam,28,0.9592961628153487,1,0.0,9055
280120-11,cellpose_sam,29,0.9456891916113999,1,0.0,15828
280120-11,cellpose_sam,30,0.9614232869473314,1,0.0,10937
280120-11,cellpose_sam,31,0.9461430575035064,1,0.0,10119
280120-11,cellpose_sam,32,0.9477536313478212,1,0.0,8423
280120-11,cellpose_sam,33,0.9473345719594112,1,0.0,13257
280120-11,cellpose_sam,34,0.9584082971743042,1,0.10779816513761468,9059
280120-11,cellpose_sam,35,0.9641416733885751,1,0.0,13160
280120-11,cellpose_sam,36,0.961720149861541,1,0.0,11809
280120-11,cellpose_sam,37,0.9551628337706436,1,0.0,12389
280120-11,cellpose_sam,38,0.9709098411388488,1,0.0,9418
280120-11,cellpose_sam,39,0.9509460406447092,1,0.0,13570
280120-11,cellpose_sam,40,0.9628342024666833,1,0.0,11632
280120-11,cellpose_sam,41,0.9585263787176804,1,0.0,12828
280120-11,cellpose_sam,42,0.9499582211493826,1,0.0,10303
280120-11,cellpose_sam,43,0.9690568283249033,1,0.0,6519
280120-11,cellpose_sam,44,0.9533310787960771,1,0.0,8459
280120-11,cellpose_sam,45,0.9538937518865077,1,0.0,12641
280120-11,cellpose_sam,46,0.959943657012061,1,0.00411522633744856,10905
280120-11,cellpose_sam,47,0.9574489287493771,1,0.0,9615
280120-11,cellpose_sam,48,0.9569710467706013,1,0.0,10742
280120-11,cellpose_sam,49,0.9607843137254902,1,0.0,9267
280120-11,cellpose_sam,50,0.949662103621556,1,0.0,10961
280120-11,cellpose_sam,51,0.9690152801358234,1,0.0,4620
280120-11,cellpose_sam,52,0.9343846293275331,1,0.0,10310
280120-11,cellpose_sam,53,0.946915206159457,1,0.0,9360
280120-11,cellpose_sam,54,0.9516549924460925,1,0.0,7002
280120-11,cellpose_sam,55,0.9594150224991347,1,0.0,11089
280120-11,cellpose_sam,56,0.9492503748125937,1,0.0,12664
280120-11,cellpose_sam,57,0.9531112091791704,1,0.0,8639
280120-11,cellpose_sam,58,0.9547602380119006,1,0.0,10911
280120-11,cellpose_sam,59,0.9500932421632182,1,0.0,10699
280120-11,cellpose_sam,60,0.9474513054289266,1,0.0,11431
280120-11,cellpose_sam,61,0.978171385805164,1,0.0,7953
280120-11,cellpose_sam,62,0.9551500882872278,1,0.0,8127
280120-11,cellpose_sam,63,0.9503792667509482,1,0.0,6028
280120-11,cellpose_sam,64,0.9557407124292921,1,0.0,12506
280120-11,cellpose_sam,65,0.9601868067717455,1,0.0,8298
280120-11,cellpose_sam,66,0.9434172421474716,1,0.0,8633
280120-11,cellpose_sam,67,0.9657468055406421,1,0.0,9054
280120-11,cellpose_sam,68,0.9533836279698232,1,0.0,8470
280120-11,cellpose_sam,69,0.9570328755722014,1,0.016129032258064516,9235
280120-11,cellpose_sam,70,0.9343901699029126,1,0.03076923076923077,12841
280120-11,cellpose_sam,71,0.9515957446808511,1,0.0,8958
280120-11,cellpose_sam,72,0.9603448275862069,1,0.008547008547008548,10606
280120-11,cellpose_sam,73,0.8673623834939855,1,0.0,10991
280120-11,cellpose_sam,74,0.9566799822458943,1,0.0,10777
280120-11,cellpose_sam,75,0.5380085653104925,1,0.0,20213
280120-11,cellpose_sam,76,0.950488003253355,1,0.0,9353
280120-11,cellpose_sam,77,0.935064935064935,1,0.0,8136
280120-11,cellpose_sam,78,0.9444561997460855,1,0.0,8930
280120-11,cellpose_sam,79,0.9570535471595543,1,0.0,7215
280120-11,cellpose_sam,80,0.9607763438674931,1,0.0,9540
280120-11,cellpose_sam,81,0.9540707882820442,1,0.0,10333
280120-11,cellpose_sam,82,0.929177641205736,1,0.0,12700
280120-11,cellpose_sam,83,0.9473222124670764,1,0.0,6485
280120-11,cellpose_sam,84,0.9490666441422417,1,0.014462809917355372,11237
280120-11,cellpose_sam,85,0.9589316196405262,1,0.10629067245119306,9577
280120-11,cellpose_sam,86,0.9421284528046094,1,0.0,11119
280120-11,cellpose_sam,87,0.9576081672338357,1,0.0,9886
280120-11,cellpose_sam,88,0.9490664015025964,1,0.0,8669
280120-11,cellpose_sam,89,0.9552276991301382,1,0.0,11206
280120-11,cellpose_sam,90,0.9677017723743958,1,0.0,13213
280120-11,cellpose_sam,91,0.9577806045187474,1,0.0,15828
280120-11,cellpose_sam,92,0.9556140154483376,1,0.0,17076
280120-11,cellpose_sam,93,0.9518645357686454,1,0.0,15009
280120-11,cellpose_sam,94,0.9285960973925056,1,0.0,10755
280120-11,cellpose_sam,95,0.9441406668810979,1,0.0,8837
280120-11,cellpose_sam,96,0.9623544424948157,1,0.0,18099
280120-11,cellpose_sam,97,0.9538314582891106,1,0.0,8987
280120-11,cellpose_sam,98,0.9484930954540873,1,0.0,9418
280120-11,cellpose_sam,99,0.9096320346320347,1,0.03524229074889868,10086
280120-11,cellpose_sam,100,0.9627824918087877,1,0.10040983606557377,11477
280120-11,cellpose_sam,101,0.9495346131471786,1,0.0,6662
280120-11,cellpose_sam,102,0.9040035987404409,1,0.07488986784140969,10104
280120-11,cellpose_sam,103,0.9644173192077383,1,0.0,8508
280120-11,cellpose_sam,104,0.924936170212766,1,0.02023121387283237,5683
280120-11,cellpose_sam,105,0.9306759098786829,1,0.0,6996
280120-11,cellpose_sam,106,0.9514939852541715,1,0.19078947368421054,9811
280120-11,cellpose_sam,107,0.942210166293195,1,0.0,8011
280120-11,cellpose_sam,108,0.6167551622418879,1,0.0,16606
280120-11,cellpose_sam,109,0.9625086147484494,1,0.0,13966
280120-11,cellpose_sam,110,0.9536990993977568,1,0.0,17261
280120-11,cellpose_sam,111,0.94389499953785,1,0.015350877192982455,10309
280120-11,cellpose_sam,112,0.0,0,0.0,5381
280120-11,cellpose_sam,113,0.9328330667978841,1,0.01715686274509804,7584
280120-11,cellpose_sam,114,0.9382693197593707,1,0.0,10138
280120-11,cellpose_sam,115,0.6926912181303116,1,0.0,16960
280120-11,cellpose_sam,116,0.9446014127144299,1,0.0064794816414686825,9362
280120-11,cellpose_sam,117,0.9323889246619447,1,0.05434782608695652,10153
280120-11,cellpose_sam,118,0.9451403887688985,1,0.0,13150
280120-11,cellpose_sam,119,0.9347760060744116,1,0.04038461538461539,12311
280120-11,cellpose_sam,120,0.9498533314708758,1,0.0,6868
280120-11,cellpose_sam,121,0.94058106841612,1,0.1782178217821782,10037
280120-11,cellpose_sam,122,0.9429195258889582,1,0.0,9109
280120-11,cellpose_sam,123,0.9546148810822606,1,0.0,8820
280120-11,cellpose_sam,124,0.9401252482052849,1,0.04789272030651341,12492
280120-11,cellpose_sam,125,0.8297275172494445,1,0.00980392156862745,7097
280120-11,cellpose_sam,126,0.9470725498515061,1,0.1858974358974359,9023
280120-11,cellpose_sam,127,0.9465295629820052,1,0.04794520547945205,9212
280120-11,cellpose_sam,128,0.9571014492753623,1,0.0,11565
280120-11,cellpose_sam,129,0.9269573370839194,1,0.0,9899
280120-11,cellpose_sam,130,0.938393110627425,1,0.0,9949
280120-11,cellpose_sam,131,0.8905837825438697,1,0.10675381263616558,7782
280120-11,cellpose_sam,132,0.965034965034965,1,0.10311284046692606,11625
280120-11,cellpose_sam,133,0.9448163357146875,1,0.0,17207
280120-11,cellpose_sam,134,0.6912039312039312,1,0.23234200743494424,14066
280120-11,cellpose_sam,135,0.9376216805544739,1,0.16988416988416988,12218
280120-11,cellpose_sam,136,0.9535143591462734,1,0.0,8548
280120-11,cellpose_sam,137,0.91307541625857,1,0.2311111111111111,7806
280120-11,cellpose_sam,138,0.9482324614205976,1,0.0,8679
280120-11,cellpose_sam,139,0.9062276945039258,1,0.07578947368421053,10212
280120-11,cellpose_sam,140,0.9470232088799193,1,0.0,9412
280120-11,cellpose_sam,141,0.6939112749459768,1,0.0,5606
280120-11,cellpose_sam,142,0.9361851332398317,1,0.0,24048
280120-11,cellpose_sam,143,0.955138966610707,1,0.0,10279
280120-11,cellpose_sam,144,0.9286164939161785,1,0.0,10389
280120-11,cellpose_sam,145,0.933053877450376,1,0.0,7804
280120-11,cellpose_sam,146,0.956994385378091,1,0.04861111111111111,8122
280120-11,cellpose_sam,147,0.9611825403324871,1,0.011538461538461539,11846
280120-11,cellpose_sam,148,0.9381158167675021,1,0.03409090909090909,5440
280120-11,cellpose_sam,149,0.8553390263484417,1,0.0,11719
280120-11,cellpose_sam,150,0.9091087940192799,1,0.08559498956158663,9778
280120-11,cellpose_sam,151,0.8977018267530937,1,0.0,7729
280120-11,cellpose_sam,152,0.821109286626528,1,0.0,9004
280120-11,cellpose_sam,153,0.3000909656724278,0,0.0,6268
280120-11,cellpose_sam,154,0.10600861046983216,0,0.0,5097
280120-11,cellpose_sam,155,0.10688213639483372,0,0.0,5139
280120-11,cellpose_sam,156,0.954834523036989,1,0.00530035335689046,14763
280120-11,cellpose_sam,157,0.9414157851912124,1,0.0,8142
280120-11,cellpose_sam,158,0.949448910251098,1,0.1337448559670782,11524
280120-11,cellpose_sam,159,0.8985869885192818,1,0.25120772946859904,6149
280120-11,cellpose_sam,160,0.9335297583971714,1,0.18468468468468469,7951
280120-11,cellpose_sam,161,0.8989417989417989,1,0.22535211267605634,8503
280120-11,cellpose_sam,162,0.949228695521941,1,0.0,6414
280120-11,cellpose_sam,163,0.7927927927927928,1,0.0,5264
280120-11,cellpose_sam,164,0.9342791214426117,1,0.049281314168377825,10943
280120-11,cellpose_sam,165,0.8899250879070478,1,0.11557788944723618,5834
280120-11,cellpose_sam,166,0.2617538688282977,0,0.3016627078384798,5333
280120-11,cellpose_sam,167,0.6704943034000179,1,0.08370044052863436,8091
280120-11,cellpose_sam,168,0.7677745417166353,1,0.08604206500956023,9266
280120-12,original,1,0.9773709264005859,1,0.0,13428
280120-12,original,2,0.9692049272116461,1,0.0,8778
280120-12,original,3,0.974069520509668,1,0.0,8776
280120-12,original,4,0.9743481026075895,1,0.0,9302
280120-12,original,5,0.9686466765477141,1,0.0,8679
280120-12,original,6,0.0,0,0.0,7507
280120-12,original,7,0.9765755716675962,1,0.0,12409
280120-12,original,8,0.9804155482652351,1,0.0,9961
280120-12,original,9,0.9779088115605016,1,0.0,11845
280120-12,original,10,0.9685434516523868,1,0.0,8065
280120-12,original,11,0.9766536964980544,1,0.0,12190
280120-12,original,12,0.9764217674243139,1,0.0,10426
280120-12,original,13,0.9717697055549934,1,0.0,9780
280120-12,original,14,0.9700585570655176,1,0.0,8849
280120-12,original,15,0.9734660033167496,1,0.0,8303
280120-12,original,16,0.9755879726108961,1,0.0,9939
280120-12,original,17,0.9704169578383415,1,0.0,12611
280120-12,original,18,0.9695660907995178,1,0.0,9790
280120-12,original,19,0.9545222800040787,1,0.0,9495
280120-12,original,20,0.9687344913151364,1,0.0,7923
280120-12,original,21,0.9708647491389742,1,0.0,10646
280120-12,original,22,0.9692495258737469,1,0.0,7221
280120-12,original,23,0.9734535026628431,1,0.0,11957
280120-12,original,24,0.9677833397509947,1,0.0,7717
280120-12,original,25,0.9672234082632174,1,0.0,7874
280120-12,original,26,0.9762295081967213,1,0.0,9571
280120-12,original,27,0.9732863476185063,1,0.0,8626
280120-12,original,28,0.9768287142208087,1,0.0,10882
280120-12,original,29,0.0,0,0.0,20166
280120-12,original,30,0.9683947011578179,1,0.0,9444
280120-12,original,31,0.9598459203922026,1,0.0,8435
280120-12,original,32,0.0,0,0.0,4755
280120-12,original,33,0.9791558103178739,1,0.0,9507
280120-12,original,34,0.973644251626898,1,0.0,9047
280120-12,original,35,0.9727875059157596,1,0.0,8317
280120-12,original,36,0.9536540240518039,1,0.0,10665
280120-12,original,37,0.9734852021286527,1,0.0,10547
280120-12,original,38,0.8538754764930114,1,0.0,7818
280120-12,original,39,0.9482674870466321,1,0.0,11799
280120-12,original,40,0.9688408807644371,1,0.0,9465
280120-12,original,41,0.9696077582474674,1,0.0,11312
280120-12,original,42,0.9694035232306583,1,0.0,9611
280120-12,original,43,0.9675006448284756,1,0.0,11385
280120-12,original,44,0.8326622644548236,1,0.0,6161
280120-12,original,45,0.9703909907630014,1,0.0,7819
280120-12,original,46,0.7736975998230284,1,0.0,8939
280120-12,original,47,0.968206416698879,1,0.0,10085
280120-12,original,48,0.9694629694629695,1,0.0,11270
280120-12,original,49,0.9747428917120388,1,0.0,12958
280120-12,original,50,0.9744241192411924,1,0.0,11563
280120-12,original,51,0.9662769349695622,1,0.0,10134
280120-12,original,52,0.9747147702744372,1,0.0,12777
280120-12,original,53,0.9558476575665655,1,0.0,8815
280120-12,original,54,0.956848329870545,1,0.0,12086
280120-12,original,55,0.9626780986004287,1,0.0,7738
280120-12,original,56,0.9667089045040894,1,0.0,8526
280120-12,original,57,0.0,0,0.0,9795
280120-12,original,58,0.9653379549393414,1,0.0,7430
280120-12,original,59,0.9407207207207208,1,0.0,10540
280120-12,original,60,0.9738081562320505,1,0.0,8563
280120-12,original,61,0.0,0,0.0,4180
280120-12,original,62,0.9731825525040387,1,0.0,9139
280120-12,original,63,0.9598858677408526,1,0.0,5896
280120-12,original,64,0.9698373915241385,1,0.0,11604
280120-12,original,65,0.9584209875015468,1,0.0,7961
280120-12,original,66,0.0,0,0.0,8362
280120-12,original,67,0.9593345656192237,1,0.0,7457
280120-12,original,68,0.9519005729965297,1,0.0,11909
280120-12,original,69,0.9601733630080824,1,0.0,8410
280120-12,original,70,0.9761785773779776,1,0.0,11870
280120-12,original,71,0.9592916000491944,1,0.0,8069
280120-12,original,72,0.9391162996896705,1,0.0,6724
280120-12,original,73,0.9680621897536761,1,0.0,10398
280120-12,original,74,0.9726325757575758,1,0.0,10398
280120-12,original,75,0.9615006015531007,1,0.0,8959
280120-12,original,76,0.9774611701506482,1,0.0,16915
280120-12,original,77,0.0,0,0.07547169811320754,8718
280120-12,original,78,0.0,0,0.0,9012
280120-12,original,79,0.0,0,0.0022624434389140274,9557
280120-12,original,80,0.9473081328751431,1,0.0,6082
280120-12,original,81,0.0,0,0.0,17498
280120-12,original,82,0.0,0,0.0024390243902439024,8232
280120-12,original,83,0.9708929842600649,1,0.0,12441
280120-12,original,84,0.9731524455551589,1,0.0,13807
280120-12,original,85,0.9673179076258216,1,0.0,10888
280120-12,original,86,0.9506907545164719,1,0.0,9150
280120-12,original,87,0.9710564399421129,1,0.0,9528
280120-12,original,88,0.9760532150776053,1,0.0,11092
280120-12,original,89,0.9673536013058559,1,0.0,9720
280120-12,original,90,0.0,0,0.07640449438202247,9377
280120-12,original,91,0.0,0,0.0,14806
280120-12,original,92,0.9609933525649066,1,0.0,7752
280120-12,original,93,0.0,0,0.19921875,12212
280120-12,original,94,0.0,0,0.0819327731092437,9276
280120-12,original,95,0.0,0,0.10194174757281553,8339
280120-12,original,96,0.938684866211678,1,0.0,8855
280120-12,original,97,0.0,0,0.1056701030927835,7467
280120-12,original,98,0.967003367003367,1,0.0,8787
280120-12,original,99,0.9723949739814697,1,0.0,15466
280120-12,original,100,0.6725500812127775,1,0.0,6356
280120-12,original,101,0.7061212648680012,1,0.0,10195
280120-12,original,102,0.7841205211726384,1,0.0,9686
280120-12,original,103,0.9744663382594417,1,0.0,11983
280120-12,original,104,0.9778483463713112,1,0.0,12755
280120-12,original,105,0.8741902755014438,1,0.0,11420
280120-12,original,106,0.0,0,0.1774193548387097,9354
280120-12,original,107,0.0,0,0.13541666666666666,9790
280120-12,original,108,0.9768468223791418,1,0.0,14612
280120-12,original,109,0.0,0,0.0,9438
280120-12,original,110,0.0,0,0.037914691943127965,8991
280120-12,original,111,0.960866219632846,1,0.0,8896
280120-12,original,112,0.0,0,0.029411764705882353,13979
280120-12,original,113,0.8555070354196992,1,0.0,10251
280120-12,original,114,0.7221839238935612,1,0.0,13960
280120-12,original,115,0.9653710247349824,1,0.0,13809
280120-12,original,116,0.0,0,0.001984126984126984,12336
280120-12,original,117,0.939672249234648,1,0.0,5413
280120-12,original,118,0.0,0,0.0,10407
280120-12,original,119,0.0,0,0.3188405797101449,8420
280120-12,original,120,0.8190857281435674,1,0.0,8189
280120-12,original,121,0.0,0,0.0,13654
280120-12,original,122,0.0,0,0.0,19808
280120-12,original,123,0.0,0,0.0,12186
280120-12,original,124,0.9301944423750279,1,0.0,12675
280120-12,original,125,0.0,0,0.0,8498
280120-12,original,126,0.0,0,0.1825726141078838,9242
280120-12,original,127,0.0,0,0.0,9883
280120-12,original,128,0.0,0,0.24757281553398058,6596
280120-12,original,129,0.0,0,0.2532188841201717,8420
280120-12,original,130,0.0,0,0.03333333333333333,9255
280120-12,original,131,0.0,0,0.0018248175182481751,14614
280120-12,original,132,0.0,0,0.001976284584980237,7722
280120-12,original,133,0.9326719576719577,1,0.0,7345
280120-12,original,134,0.9669775002138763,1,0.0,11456
280120-12,original,135,0.0,0,0.0023584905660377358,7813
280120-12,original,136,0.0,0,0.36489151873767256,12518
280120-12,original,137,0.0,0,0.10515463917525773,10254
280120-12,original,138,0.0,0,0.0,7946
280120-12,original,139,0.0,0,0.22456813819577734,12296
280120-12,original,140,0.0,0,0.09690721649484536,11385
280120-12,original,141,0.0,0,0.926829268292683,3797
280120-12,original,142,0.37864605350564645,0,0.3062200956937799,6344
280120-12,original,143,0.0,0,0.0,8180
280120-12,original,144,0.0,0,0.16037735849056603,8575
280120-12,original,145,0.0,0,0.06986899563318777,9887
280120-12,original,146,0.0,0,0.0,9316
280120-12,original,147,0.0,0,0.018036072144288578,8977
280120-12,original,148,0.0,0,0.21666666666666667,6014
280120-12,original,149,0.0,0,0.2629558541266795,9815
280120-12,original,150,0.0,0,0.0,7660
280120-12,original,151,0.9097663271420012,1,0.0,8295
280120-12,original,152,0.0,0,0.31773399014778325,5602
280120-12,original,153,0.5991280125953736,1,0.2782608695652174,9923
280120-12,original,154,0.0,0,0.08874458874458875,10017
280120-12,original,155,0.6317655078391274,1,0.002145922746781116,9395
280120-12,original,156,0.0,0,0.10309278350515463,14361
280120-12,original,157,0.3965405277761379,0,0.014141414141414142,6779
280120-12,original,158,0.0,0,0.3886138613861386,5023
280120-12,original,159,0.0,0,0.0427807486631016,5478
280120-12,original,160,0.0,0,0.32732732732732733,4659
280120-12,original,161,0.3198708702520778,0,0.0030303030303030303,4673
280120-12,original,162,0.30367573308159773,0,0.01871657754010695,5219
280120-12,original,163,0.0,0,0.34701492537313433,6861
280120-12,fix_A_labels,1,0.9773709264005859,1,0.0,13428
280120-12,fix_A_labels,2,0.9692049272116461,1,0.0,8778
280120-12,fix_A_labels,3,0.974069520509668,1,0.0,8776
280120-12,fix_A_labels,4,0.9743481026075895,1,0.0,9302
280120-12,fix_A_labels,5,0.9686466765477141,1,0.0,8679
280120-12,fix_A_labels,6,0.0,0,0.0,7507
280120-12,fix_A_labels,7,0.9765755716675962,1,0.0,12409
280120-12,fix_A_labels,8,0.9804155482652351,1,0.0,9961
280120-12,fix_A_labels,9,0.9779088115605016,1,0.0,11845
280120-12,fix_A_labels,10,0.9685434516523868,1,0.0,8065
280120-12,fix_A_labels,11,0.9766536964980544,1,0.0,12190
280120-12,fix_A_labels,12,0.9764217674243139,1,0.0,10426
280120-12,fix_A_labels,13,0.9717697055549934,1,0.0,9780
280120-12,fix_A_labels,14,0.9700585570655176,1,0.0,8849
280120-12,fix_A_labels,15,0.9734660033167496,1,0.0,8303
280120-12,fix_A_labels,16,0.9755879726108961,1,0.0,9939
280120-12,fix_A_labels,17,0.9704169578383415,1,0.0,12611
280120-12,fix_A_labels,18,0.9695660907995178,1,0.0,9790
280120-12,fix_A_labels,19,0.9545222800040787,1,0.0,9495
280120-12,fix_A_labels,20,0.9687344913151364,1,0.0,7923
280120-12,fix_A_labels,21,0.9708647491389742,1,0.0,10646
280120-12,fix_A_labels,22,0.9692495258737469,1,0.0,7221
280120-12,fix_A_labels,23,0.6200396825396826,1,0.0,11957
280120-12,fix_A_labels,24,0.0,0,0.0,7717
280120-12,fix_A_labels,25,0.9672234082632174,1,0.0,7874
280120-12,fix_A_labels,26,0.5515856672158155,1,0.0,9571
280120-12,fix_A_labels,27,0.9732863476185063,1,0.0,8626
280120-12,fix_A_labels,28,0.9768287142208087,1,0.0,10882
280120-12,fix_A_labels,29,0.0,0,0.0,20166
280120-12,fix_A_labels,30,0.9683947011578179,1,0.0,9444
280120-12,fix_A_labels,31,0.9598459203922026,1,0.0,8435
280120-12,fix_A_labels,32,0.0,0,0.0,4755
280120-12,fix_A_labels,33,0.7591317052807347,1,0.0,9507
280120-12,fix_A_labels,34,0.973644251626898,1,0.0,9047
280120-12,fix_A_labels,35,0.0,0,0.0,8317
280120-12,fix_A_labels,36,0.9536540240518039,1,0.0,10665
280120-12,fix_A_labels,37,0.7515690866510538,1,0.0,10547
280120-12,fix_A_labels,38,0.8538754764930114,1,0.0,7818
280120-12,fix_A_labels,39,0.9482674870466321,1,0.0,11799
280120-12,fix_A_labels,40,0.9688408807644371,1,0.0,9465
280120-12,fix_A_labels,41,0.44997371648852286,0,0.0,11312
280120-12,fix_A_labels,42,0.9694035232306583,1,0.0,9611
280120-12,fix_A_labels,43,0.9675006448284756,1,0.0,11385
280120-12,fix_A_labels,44,0.8326622644548236,1,0.0,6161
280120-12,fix_A_labels,45,0.9703909907630014,1,0.0,7819
280120-12,fix_A_labels,46,0.0,0,0.0,8939
280120-12,fix_A_labels,47,0.968206416698879,1,0.0,10085
280120-12,fix_A_labels,48,0.9694629694629695,1,0.0,11270
280120-12,fix_A_labels,49,0.9747428917120388,1,0.0,12958
280120-12,fix_A_labels,50,0.9744241192411924,1,0.0,11563
280120-12,fix_A_labels,51,0.0,0,0.0,10134
280120-12,fix_A_labels,52,0.9747147702744372,1,0.0,12777
280120-12,fix_A_labels,53,0.9558476575665655,1,0.0,8815
280120-12,fix_A_labels,54,0.956848329870545,1,0.0,12086
280120-12,fix_A_labels,55,0.0,0,0.0,7738
280120-12,fix_A_labels,56,0.9667089045040894,1,0.0,8526
280120-12,fix_A_labels,57,0.0,0,0.0,9795
280120-12,fix_A_labels,58,0.9653379549393414,1,0.0,7430
280120-12,fix_A_labels,59,0.9407207207207208,1,0.0,10540
280120-12,fix_A_labels,60,0.9738081562320505,1,0.0,8563
280120-12,fix_A_labels,61,0.0,0,0.0,4180
280120-12,fix_A_labels,62,0.0,0,0.0,9139
280120-12,fix_A_labels,63,0.9598858677408526,1,0.0,5896
280120-12,fix_A_labels,64,0.9698373915241385,1,0.0,11604
280120-12,fix_A_labels,65,0.9584209875015468,1,0.0,7961
280120-12,fix_A_labels,66,0.9348970251716248,1,0.0,8362
280120-12,fix_A_labels,67,0.9593345656192237,1,0.0,7457
280120-12,fix_A_labels,68,0.9519005729965297,1,0.0,11909
280120-12,fix_A_labels,69,0.9601733630080824,1,0.0,8410
280120-12,fix_A_labels,70,0.9761785773779776,1,0.0,11870
280120-12,fix_A_labels,71,0.9592916000491944,1,0.0,8069
280120-12,fix_A_labels,72,0.9391162996896705,1,0.0,6724
280120-12,fix_A_labels,73,0.9680621897536761,1,0.0,10398
280120-12,fix_A_labels,74,0.9726325757575758,1,0.0,10398
280120-12,fix_A_labels,75,0.9615006015531007,1,0.0,8959
280120-12,fix_A_labels,76,0.4364920541494997,0,0.0,16915
280120-12,fix_A_labels,77,0.7779159132007233,1,0.07547169811320754,8718
280120-12,fix_A_labels,78,0.0,0,0.0,9012
280120-12,fix_A_labels,79,0.0,0,0.0022624434389140274,9557
280120-12,fix_A_labels,80,0.9473081328751431,1,0.0,6082
280120-12,fix_A_labels,81,0.0,0,0.0,17498
280120-12,fix_A_labels,82,0.5831056793673616,1,0.0024390243902439024,8232
280120-12,fix_A_labels,83,0.9708929842600649,1,0.0,12441
280120-12,fix_A_labels,84,0.9731524455551589,1,0.0,13807
280120-12,fix_A_labels,85,0.7097300235549918,1,0.0,10888
280120-12,fix_A_labels,86,0.7815492658012343,1,0.0,9150
280120-12,fix_A_labels,87,0.9710564399421129,1,0.0,9528
280120-12,fix_A_labels,88,0.9760532150776053,1,0.0,11092
280120-12,fix_A_labels,89,0.9673536013058559,1,0.0,9720
280120-12,fix_A_labels,90,0.0,0,0.07640449438202247,9377
280120-12,fix_A_labels,91,0.9521963824289406,1,0.0,14806
280120-12,fix_A_labels,92,0.0,0,0.0,7752
280120-12,fix_A_labels,93,0.0,0,0.19921875,12212
280120-12,fix_A_labels,94,0.0,0,0.0819327731092437,9276
280120-12,fix_A_labels,95,0.31847703032830843,0,0.10194174757281553,8339
280120-12,fix_A_labels,96,0.938684866211678,1,0.0,8855
280120-12,fix_A_labels,97,0.0,0,0.1056701030927835,7467
280120-12,fix_A_labels,98,0.967003367003367,1,0.0,8787
280120-12,fix_A_labels,99,0.9723949739814697,1,0.0,15466
280120-12,fix_A_labels,100,0.8795387252610254,1,0.0,6356
280120-12,fix_A_labels,101,0.7061212648680012,1,0.0,10195
280120-12,fix_A_labels,102,0.7841205211726384,1,0.0,9686
280120-12,fix_A_labels,103,0.5547487416453503,1,0.0,11983
280120-12,fix_A_labels,104,0.9778483463713112,1,0.0,12755
280120-12,fix_A_labels,105,0.4292057227429699,0,0.0,11420
280120-12,fix_A_labels,106,0.5607214673085126,1,0.1774193548387097,9354
280120-12,fix_A_labels,107,0.0,0,0.13541666666666666,9790
280120-12,fix_A_labels,108,0.9768468223791418,1,0.0,14612
280120-12,fix_A_labels,109,0.6482512341140636,1,0.0,9438
280120-12,fix_A_labels,110,0.6402157164869029,1,0.037914691943127965,8991
280120-12,fix_A_labels,111,0.960866219632846,1,0.0,8896
280120-12,fix_A_labels,112,0.8784512853062519,1,0.029411764705882353,13979
280120-12,fix_A_labels,113,0.8555070354196992,1,0.0,10251
280120-12,fix_A_labels,114,0.7221839238935612,1,0.0,13960
280120-12,fix_A_labels,115,0.9653710247349824,1,0.0,13809
280120-12,fix_A_labels,116,0.0,0,0.001984126984126984,12336
280120-12,fix_A_labels,117,0.939672249234648,1,0.0,5413
280120-12,fix_A_labels,118,0.0,0,0.0,10407
280120-12,fix_A_labels,119,0.0,0,0.3188405797101449,8420
280120-12,fix_A_labels,120,0.8190857281435674,1,0.0,8189
280120-12,fix_A_labels,121,0.9726393300606411,1,0.0,13654
280120-12,fix_A_labels,122,0.0,0,0.0,19808
280120-12,fix_A_labels,123,0.0,0,0.0,12186
280120-12,fix_A_labels,124,0.9301944423750279,1,0.0,12675
280120-12,fix_A_labels,125,0.7842008291110087,1,0.0,8498
280120-12,fix_A_labels,126,0.0,0,0.1825726141078838,9242
280120-12,fix_A_labels,127,0.9076546924957682,1,0.0,9883
280120-12,fix_A_labels,128,0.0,0,0.24757281553398058,6596
280120-12,fix_A_labels,129,0.0,0,0.2532188841201717,8420
280120-12,fix_A_labels,130,0.0,0,0.03333333333333333,9255
280120-12,fix_A_labels,131,0.7799300511164918,1,0.0018248175182481751,14614
280120-12,fix_A_labels,132,0.8916203758420991,1,0.001976284584980237,7722
280120-12,fix_A_labels,133,0.9326719576719577,1,0.0,7345
280120-12,fix_A_labels,134,0.0,0,0.0,11456
280120-12,fix_A_labels,135,0.0,0,0.0023584905660377358,7813
280120-12,fix_A_labels,136,0.0,0,0.36489151873767256,12518
280120-12,fix_A_labels,137,0.0,0,0.10515463917525773,10254
280120-12,fix_A_labels,138,0.0,0,0.0,7946
280120-12,fix_A_labels,139,0.0,0,0.22456813819577734,12296
280120-12,fix_A_labels,140,0.707568518984159,1,0.09690721649484536,11385
280120-12,fix_A_labels,141,0.0,0,0.926829268292683,3797
280120-12,fix_A_labels,142,0.37864605350564645,0,0.3062200956937799,6344
280120-12,fix_A_labels,143,0.0,0,0.0,8180
280120-12,fix_A_labels,144,0.0,0,0.16037735849056603,8575
280120-12,fix_A_labels,145,0.6998331861446374,1,0.06986899563318777,9887
280120-12,fix_A_labels,146,0.0,0,0.0,9316
280120-12,fix_A_labels,147,0.0,0,0.018036072144288578,8977
280120-12,fix_A_labels,148,0.3600170971484399,0,0.21666666666666667,6014
280120-12,fix_A_labels,149,0.0,0,0.2629558541266795,9815
280120-12,fix_A_labels,150,0.0,0,0.0,7660
280120-12,fix_A_labels,151,0.9097663271420012,1,0.0,8295
280120-12,fix_A_labels,152,0.0,0,0.31773399014778325,5602
280120-12,fix_A_labels,153,0.5991280125953736,1,0.2782608695652174,9923
280120-12,fix_A_labels,154,0.0,0,0.08874458874458875,10017
280120-12,fix_A_labels,155,0.6317655078391274,1,0.002145922746781116,9395
280120-12,fix_A_labels,156,0.0,0,0.10309278350515463,14361
280120-12,fix_A_labels,157,0.3965405277761379,0,0.014141414141414142,6779
280120-12,fix_A_labels,158,0.33297773036404854,0,0.3886138613861386,5023
280120-12,fix_A_labels,159,0.0,0,0.0427807486631016,5478
280120-12,fix_A_labels,160,0.30896965655218406,0,0.32732732732732733,4659
280120-12,fix_A_labels,161,0.3198708702520778,0,0.0030303030303030303,4673
280120-12,fix_A_labels,162,0.30367573308159773,0,0.01871657754010695,5219
280120-12,fix_A_labels,163,0.0,0,0.34701492537313433,6861
280120-12,fix_B_labels_local_seeds,1,0.977663859392164,1,0.0,13428
280120-12,fix_B_labels_local_seeds,2,0.9692049272116461,1,0.0,8778
280120-12,fix_B_labels_local_seeds,3,0.7794365248624986,1,0.0,8776
280120-12,fix_B_labels_local_seeds,4,0.9743481026075895,1,0.0,9302
280120-12,fix_B_labels_local_seeds,5,0.9686466765477141,1,0.0,8679
280120-12,fix_B_labels_local_seeds,6,0.970125786163522,1,0.0,7507
280120-12,fix_B_labels_local_seeds,7,0.8793969849246231,1,0.0,12409
280120-12,fix_B_labels_local_seeds,8,0.9802186878727635,1,0.0,9961
280120-12,fix_B_labels_local_seeds,9,0.9779088115605016,1,0.0,11845
280120-12,fix_B_labels_local_seeds,10,0.9684287812041116,1,0.0,8065
280120-12,fix_B_labels_local_seeds,11,0.976646123905287,1,0.0,12190
280120-12,fix_B_labels_local_seeds,12,0.9764217674243139,1,0.0,10426
280120-12,fix_B_labels_local_seeds,13,0.9721913236929922,1,0.0,9780
280120-12,fix_B_labels_local_seeds,14,0.9700585570655176,1,0.0,8849
280120-12,fix_B_labels_local_seeds,15,0.9732259210993958,1,0.0,8303
280120-12,fix_B_labels_local_seeds,16,0.974910749702499,1,0.0,9939
280120-12,fix_B_labels_local_seeds,17,0.9704946036182933,1,0.0,12611
280120-12,fix_B_labels_local_seeds,18,0.9699557877813505,1,0.0,9790
280120-12,fix_B_labels_local_seeds,19,0.9545222800040787,1,0.0,9495
280120-12,fix_B_labels_local_seeds,20,0.968614315841707,1,0.0,7923
280120-12,fix_B_labels_local_seeds,21,0.9708647491389742,1,0.0,10646
280120-12,fix_B_labels_local_seeds,22,0.9707515233581584,1,0.0,7221
280120-12,fix_B_labels_local_seeds,23,0.973156559456584,1,0.0,11957
280120-12,fix_B_labels_local_seeds,24,0.9681643132220796,1,0.0,7717
280120-12,fix_B_labels_local_seeds,25,0.9678513123194776,1,0.0,7874
280120-12,fix_B_labels_local_seeds,26,0.9762343782011883,1,0.0,9571
280120-12,fix_B_labels_local_seeds,27,0.9739683983176083,1,0.0,8626
280120-12,fix_B_labels_local_seeds,28,0.9768287142208087,1,0.0,10882
280120-12,fix_B_labels_local_seeds,29,0.0,0,0.0,20166
280120-12,fix_B_labels_local_seeds,30,0.9684858603777523,1,0.0,9444
280120-12,fix_B_labels_local_seeds,31,0.9598459203922026,1,0.0,8435
280120-12,fix_B_labels_local_seeds,32,0.0,0,0.0,4755
280120-12,fix_B_labels_local_seeds,33,0.9787389265242313,1,0.0,9507
280120-12,fix_B_labels_local_seeds,34,0.973644251626898,1,0.0,9047
280120-12,fix_B_labels_local_seeds,35,0.9725573692926426,1,0.0,8317
280120-12,fix_B_labels_local_seeds,36,0.9536540240518039,1,0.0,10665
280120-12,fix_B_labels_local_seeds,37,0.9747946228528753,1,0.0,10547
280120-12,fix_B_labels_local_seeds,38,0.8712053854947288,1,0.0,7818
280120-12,fix_B_labels_local_seeds,39,0.9482674870466321,1,0.0,11799
280120-12,fix_B_labels_local_seeds,40,0.9688408807644371,1,0.0,9465
280120-12,fix_B_labels_local_seeds,41,0.9688392625292132,1,0.0,11312
280120-12,fix_B_labels_local_seeds,42,0.969200659250103,1,0.0,9611
280120-12,fix_B_labels_local_seeds,43,0.967741935483871,1,0.0,11385
280120-12,fix_B_labels_local_seeds,44,0.8347559993557738,1,0.0,6161
280120-12,fix_B_labels_local_seeds,45,0.96949753195798,1,0.0,7819
280120-12,fix_B_labels_local_seeds,46,0.9727966382837554,1,0.0,8939
280120-12,fix_B_labels_local_seeds,47,0.968299990335363,1,0.0,10085
280120-12,fix_B_labels_local_seeds,48,0.9695480473892057,1,0.0,11270
280120-12,fix_B_labels_local_seeds,49,0.9751834758265869,1,0.0,12958
280120-12,fix_B_labels_local_seeds,50,0.9745891919363036,1,0.0,11563
280120-12,fix_B_labels_local_seeds,51,0.9667600734370471,1,0.0,10134
280120-12,fix_B_labels_local_seeds,52,0.9747147702744372,1,0.0,12777
280120-12,fix_B_labels_local_seeds,53,0.9562970452758117,1,0.0,8815
280120-12,fix_B_labels_local_seeds,54,0.9566085983698258,1,0.0,12086
280120-12,fix_B_labels_local_seeds,55,0.962804186105157,1,0.0,7738
280120-12,fix_B_labels_local_seeds,56,0.9658986175115207,1,0.0,8526
280120-12,fix_B_labels_local_seeds,57,0.9717531162042622,1,0.0,9795
280120-12,fix_B_labels_local_seeds,58,0.9653379549393414,1,0.0,7430
280120-12,fix_B_labels_local_seeds,59,0.9407207207207208,1,0.0,10540
280120-12,fix_B_labels_local_seeds,60,0.9744974152785756,1,0.0,8563
280120-12,fix_B_labels_local_seeds,61,0.0,0,0.0,4180
280120-12,fix_B_labels_local_seeds,62,0.9728682170542635,1,0.0,9139
280120-12,fix_B_labels_local_seeds,63,0.9598858677408526,1,0.0,5896
280120-12,fix_B_labels_local_seeds,64,0.9698373915241385,1,0.0,11604
280120-12,fix_B_labels_local_seeds,65,0.9657305455895089,1,0.0,7961
280120-12,fix_B_labels_local_seeds,66,0.9348970251716248,1,0.0,8362
280120-12,fix_B_labels_local_seeds,67,0.9593291958272812,1,0.0,7457
280120-12,fix_B_labels_local_seeds,68,0.9519005729965297,1,0.0,11909
280120-12,fix_B_labels_local_seeds,69,0.9601733630080824,1,0.0,8410
280120-12,fix_B_labels_local_seeds,70,0.9761785773779776,1,0.0,11870
280120-12,fix_B_labels_local_seeds,71,0.9592916000491944,1,0.0,8069
280120-12,fix_B_labels_local_seeds,72,0.9391162996896705,1,0.0,6724
280120-12,fix_B_labels_local_seeds,73,0.968419079748852,1,0.0,10398
280120-12,fix_B_labels_local_seeds,74,0.9723432468270505,1,0.0,10398
280120-12,fix_B_labels_local_seeds,75,0.9615006015531007,1,0.0,8959
280120-12,fix_B_labels_local_seeds,76,0.9778244631185807,1,0.0,16915
280120-12,fix_B_labels_local_seeds,77,0.0,0,0.07547169811320754,8718
280120-12,fix_B_labels_local_seeds,78,0.0,0,0.0,9012
280120-12,fix_B_labels_local_seeds,79,0.0,0,0.0022624434389140274,9557
280120-12,fix_B_labels_local_seeds,80,0.9473081328751431,1,0.0,6082
280120-12,fix_B_labels_local_seeds,81,0.0,0,0.0,17498
280120-12,fix_B_labels_local_seeds,82,0.0,0,0.0024390243902439024,8232
280120-12,fix_B_labels_local_seeds,83,0.9706533776301218,1,0.0,12441
280120-12,fix_B_labels_local_seeds,84,0.9731524455551589,1,0.0,13807
280120-12,fix_B_labels_local_seeds,85,0.859965713254534,1,0.0,10888
280120-12,fix_B_labels_local_seeds,86,0.9507917950898076,1,0.0,9150
280120-12,fix_B_labels_local_seeds,87,0.9706641875839273,1,0.0,9528
280120-12,fix_B_labels_local_seeds,88,0.9764037966823383,1,0.0,11092
280120-12,fix_B_labels_local_seeds,89,0.6549331700846852,1,0.0,9720
280120-12,fix_B_labels_local_seeds,90,0.0,0,0.07640449438202247,9377
280120-12,fix_B_labels_local_seeds,91,0.9521963824289406,1,0.0,14806
280120-12,fix_B_labels_local_seeds,92,0.9600350789275871,1,0.0,7752
280120-12,fix_B_labels_local_seeds,93,0.0,0,0.19921875,12212
280120-12,fix_B_labels_local_seeds,94,0.0,0,0.0819327731092437,9276
280120-12,fix_B_labels_local_seeds,95,0.0,0,0.10194174757281553,8339
280120-12,fix_B_labels_local_seeds,96,0.9383665511265165,1,0.0,8855
280120-12,fix_B_labels_local_seeds,97,0.0,0,0.1056701030927835,7467
280120-12,fix_B_labels_local_seeds,98,0.0,0,0.0,8787
280120-12,fix_B_labels_local_seeds,99,0.9723315141515421,1,0.0,15466
280120-12,fix_B_labels_local_seeds,100,0.6726190476190477,1,0.0,6356
280120-12,fix_B_labels_local_seeds,101,0.7132082769290272,1,0.0,10195
280120-12,fix_B_labels_local_seeds,102,0.7841205211726384,1,0.0,9686
280120-12,fix_B_labels_local_seeds,103,0.9746367889682345,1,0.0,11983
280120-12,fix_B_labels_local_seeds,104,0.9778483463713112,1,0.0,12755
280120-12,fix_B_labels_local_seeds,105,0.8704739704739705,1,0.0,11420
280120-12,fix_B_labels_local_seeds,106,0.5538368943725549,1,0.1774193548387097,9354
280120-12,fix_B_labels_local_seeds,107,0.0,0,0.13541666666666666,9790
280120-12,fix_B_labels_local_seeds,108,0.9768468223791418,1,0.0,14612
280120-12,fix_B_labels_local_seeds,109,0.7968865046807615,1,0.0,9438
280120-12,fix_B_labels_local_seeds,110,0.0,0,0.037914691943127965,8991
280120-12,fix_B_labels_local_seeds,111,0.8020455295282085,1,0.0,8896
280120-12,fix_B_labels_local_seeds,112,0.0,0,0.029411764705882353,13979
280120-12,fix_B_labels_local_seeds,113,0.8555070354196992,1,0.0,10251
280120-12,fix_B_labels_local_seeds,114,0.7306128076101193,1,0.0,13960
280120-12,fix_B_labels_local_seeds,115,0.9653710247349824,1,0.0,13809
280120-12,fix_B_labels_local_seeds,116,0.0,0,0.001984126984126984,12336
280120-12,fix_B_labels_local_seeds,117,0.939672249234648,1,0.0,5413
280120-12,fix_B_labels_local_seeds,118,0.0,0,0.0,10407
280120-12,fix_B_labels_local_seeds,119,0.0,0,0.3188405797101449,8420
280120-12,fix_B_labels_local_seeds,120,0.8750600672753484,1,0.0,8189
280120-12,fix_B_labels_local_seeds,121,0.9726393300606411,1,0.0,13654
280120-12,fix_B_labels_local_seeds,122,0.0,0,0.0,19808
280120-12,fix_B_labels_local_seeds,123,0.0,0,0.0,12186
280120-12,fix_B_labels_local_seeds,124,0.9301944423750279,1,0.0,12675
280120-12,fix_B_labels_local_seeds,125,0.7842008291110087,1,0.0,8498
280120-12,fix_B_labels_local_seeds,126,0.0,0,0.1825726141078838,9242
280120-12,fix_B_labels_local_seeds,127,0.9063582732465587,1,0.0,9883
280120-12,fix_B_labels_local_seeds,128,0.0,0,0.24757281553398058,6596
280120-12,fix_B_labels_local_seeds,129,0.0,0,0.2532188841201717,8420
280120-12,fix_B_labels_local_seeds,130,0.0,0,0.03333333333333333,9255
280120-12,fix_B_labels_local_seeds,131,0.7799300511164918,1,0.0018248175182481751,14614
280120-12,fix_B_labels_local_seeds,132,0.8916203758420991,1,0.001976284584980237,7722
280120-12,fix_B_labels_local_seeds,133,0.9321428571428572,1,0.0,7345
280120-12,fix_B_labels_local_seeds,134,0.9503784693019344,1,0.0,11456
280120-12,fix_B_labels_local_seeds,135,0.0,0,0.0023584905660377358,7813
280120-12,fix_B_labels_local_seeds,136,0.0,0,0.36489151873767256,12518
280120-12,fix_B_labels_local_seeds,137,0.0,0,0.10515463917525773,10254
280120-12,fix_B_labels_local_seeds,138,0.0,0,0.0,7946
280120-12,fix_B_labels_local_seeds,139,0.0,0,0.22456813819577734,12296
280120-12,fix_B_labels_local_seeds,140,0.0,0,0.09690721649484536,11385
280120-12,fix_B_labels_local_seeds,141,0.0,0,0.926829268292683,3797
280120-12,fix_B_labels_local_seeds,142,0.3786231884057971,0,0.3062200956937799,6344
280120-12,fix_B_labels_local_seeds,143,0.0,0,0.0,8180
280120-12,fix_B_labels_local_seeds,144,0.0,0,0.16037735849056603,8575
280120-12,fix_B_labels_local_seeds,145,0.0,0,0.06986899563318777,9887
280120-12,fix_B_labels_local_seeds,146,0.0,0,0.0,9316
280120-12,fix_B_labels_local_seeds,147,0.0,0,0.018036072144288578,8977
280120-12,fix_B_labels_local_seeds,148,0.3556694813027744,0,0.21666666666666667,6014
280120-12,fix_B_labels_local_seeds,149,0.0,0,0.2629558541266795,9815
280120-12,fix_B_labels_local_seeds,150,0.0,0,0.0,7660
280120-12,fix_B_labels_local_seeds,151,0.9095266626722588,1,0.0,8295
280120-12,fix_B_labels_local_seeds,152,0.0,0,0.31773399014778325,5602
280120-12,fix_B_labels_local_seeds,153,0.5991885672762505,1,0.2782608695652174,9923
280120-12,fix_B_labels_local_seeds,154,0.0,0,0.08874458874458875,10017
280120-12,fix_B_labels_local_seeds,155,0.6317655078391274,1,0.002145922746781116,9395
280120-12,fix_B_labels_local_seeds,156,0.0,0,0.10309278350515463,14361
280120-12,fix_B_labels_local_seeds,157,0.39576950271034644,0,0.014141414141414142,6779
280120-12,fix_B_labels_local_seeds,158,0.0,0,0.3886138613861386,5023
280120-12,fix_B_labels_local_seeds,159,0.0,0,0.0427807486631016,5478
280120-12,fix_B_labels_local_seeds,160,0.0,0,0.32732732732732733,4659
280120-12,fix_B_labels_local_seeds,161,0.3198708702520778,0,0.0030303030303030303,4673
280120-12,fix_B_labels_local_seeds,162,0.30308562006830764,0,0.01871657754010695,5219
280120-12,fix_B_labels_local_seeds,163,0.0,0,0.34701492537313433,6861
280120-12,cellpose_sam,1,0.9635985066053991,1,0.0,13428
280120-12,cellpose_sam,2,0.9718621912041653,1,0.0,8778
280120-12,cellpose_sam,3,0.9498863513367247,1,0.0,8776
280120-12,cellpose_sam,4,0.9559140889939369,1,0.0,9302
280120-12,cellpose_sam,5,0.970581630361554,1,0.0,8679
280120-12,cellpose_sam,6,0.9625,1,0.0,7507
280120-12,cellpose_sam,7,0.9658285981162917,1,0.0,12409
280120-12,cellpose_sam,8,0.9797244094488189,1,0.0,9961
280120-12,cellpose_sam,9,0.9507946700915074,1,0.0,11845
280120-12,cellpose_sam,10,0.9590914496372934,1,0.0,8065
280120-12,cellpose_sam,11,0.9694583631591506,1,0.0,12190
280120-12,cellpose_sam,12,0.9574800257140234,1,0.0,10426
280120-12,cellpose_sam,13,0.9669634025717112,1,0.0,9780
280120-12,cellpose_sam,14,0.9460124011118238,1,0.0,8849
280120-12,cellpose_sam,15,0.9531626678911721,1,0.0,8303
280120-12,cellpose_sam,16,0.9597179289026275,1,0.0,9939
280120-12,cellpose_sam,17,0.9550170390003786,1,0.0,12611
280120-12,cellpose_sam,18,0.9714541476029441,1,0.0,9790
280120-12,cellpose_sam,19,0.9674954147136744,1,0.0,9495
280120-12,cellpose_sam,20,0.9603636363636363,1,0.0,7923
280120-12,cellpose_sam,21,0.9671818181818181,1,0.0,10646
280120-12,cellpose_sam,22,0.9627950393385785,1,0.0,7221
280120-12,cellpose_sam,23,0.9479150150626289,1,0.0,11957
280120-12,cellpose_sam,24,0.9725163893091275,1,0.0,7717
280120-12,cellpose_sam,25,0.964101935800049,1,0.0,7874
280120-12,cellpose_sam,26,0.9620838781051997,1,0.0,9571
280120-12,cellpose_sam,27,0.9591723217265546,1,0.0,8626
280120-12,cellpose_sam,28,0.9683217654386902,1,0.0,10882
280120-12,cellpose_sam,29,0.9531552824391397,1,0.0,20166
280120-12,cellpose_sam,30,0.9548223350253807,1,0.0,9444
280120-12,cellpose_sam,31,0.9662998624484181,1,0.0,8435
280120-12,cellpose_sam,32,0.9350459482038429,1,0.0,4755
280120-12,cellpose_sam,33,0.9697835851367905,1,0.0,9507
280120-12,cellpose_sam,34,0.9563194077207826,1,0.0,9047
280120-12,cellpose_sam,35,0.9531285812514325,1,0.0,8317
280120-12,cellpose_sam,36,0.9609967497291441,1,0.0,10665
280120-12,cellpose_sam,37,0.9645176040237768,1,0.0,10547
280120-12,cellpose_sam,38,0.9354920958694544,1,0.0,7818
280120-12,cellpose_sam,39,0.9608306188925081,1,0.0,11799
280120-12,cellpose_sam,40,0.9613034623217923,1,0.0,9465
280120-12,cellpose_sam,41,0.9553790247612609,1,0.0,11312
280120-12,cellpose_sam,42,0.9535668221053676,1,0.0,9611
280120-12,cellpose_sam,43,0.9552664708350819,1,0.0,11385
280120-12,cellpose_sam,44,0.8610615159876643,1,0.0,6161
280120-12,cellpose_sam,45,0.9661310259579728,1,0.0,7819
280120-12,cellpose_sam,46,0.9646055897269883,1,0.0,8939
280120-12,cellpose_sam,47,0.948903735767385,1,0.0,10085
280120-12,cellpose_sam,48,0.9570979525953615,1,0.0,11270
280120-12,cellpose_sam,49,0.9530008826125331,1,0.0,12958
280120-12,cellpose_sam,50,0.9456939559990186,1,0.0,11563
280120-12,cellpose_sam,51,0.9394641698340596,1,0.0,10134
280120-12,cellpose_sam,52,0.9569263094702086,1,0.0,12777
280120-12,cellpose_sam,53,0.9562811889780863,1,0.0,8815
280120-12,cellpose_sam,54,0.9663388502438635,1,0.0,12086
280120-12,cellpose_sam,55,0.9551741170659422,1,0.0,7738
280120-12,cellpose_sam,56,0.952503352704515,1,0.0,8526
280120-12,cellpose_sam,57,0.9645459917273981,1,0.0,9795
280120-12,cellpose_sam,58,0.9728590250329381,1,0.0,7430
280120-12,cellpose_sam,59,0.9732225300092336,1,0.0,10540
280120-12,cellpose_sam,60,0.9655950366610265,1,0.0,8563
280120-12,cellpose_sam,61,0.0,0,0.0,4180
280120-12,cellpose_sam,62,0.970163516670206,1,0.0,9139
280120-12,cellpose_sam,63,0.9815219217201411,1,0.0,5896
280120-12,cellpose_sam,64,0.9521071223198883,1,0.0,11604
280120-12,cellpose_sam,65,0.96320948807939,1,0.0,7961
280120-12,cellpose_sam,66,0.969159420289855,1,0.0,8362
280120-12,cellpose_sam,67,0.9790569020021075,1,0.0,7457
280120-12,cellpose_sam,68,0.958772848055399,1,0.0,11909
280120-12,cellpose_sam,69,0.959419295839049,1,0.0,8410
280120-12,cellpose_sam,70,0.9634710609627405,1,0.0,11870
280120-12,cellpose_sam,71,0.9604243652401955,1,0.0,8069
280120-12,cellpose_sam,72,0.963356114584848,1,0.0,6724
280120-12,cellpose_sam,73,0.9510655812677216,1,0.0,10398
280120-12,cellpose_sam,74,0.9606430155210643,1,0.0,10398
280120-12,cellpose_sam,75,0.9692107545533392,1,0.0,8959
280120-12,cellpose_sam,76,0.9559197513421871,1,0.0,16915
280120-12,cellpose_sam,77,0.964436073565256,1,0.07547169811320754,8718
280120-12,cellpose_sam,78,0.9518314630531441,1,0.0,9012
280120-12,cellpose_sam,79,0.9723384709604981,1,0.0022624434389140274,9557
280120-12,cellpose_sam,80,0.7778691219993423,1,0.0,6082
280120-12,cellpose_sam,81,0.5437227969023798,1,0.0,17498
280120-12,cellpose_sam,82,0.962010520163647,1,0.0024390243902439024,8232
280120-12,cellpose_sam,83,0.9572945521698984,1,0.0,12441
280120-12,cellpose_sam,84,0.9647149245388486,1,0.0,13807
280120-12,cellpose_sam,85,0.9668090407545826,1,0.0,10888
280120-12,cellpose_sam,86,0.9561812023708721,1,0.0,9150
280120-12,cellpose_sam,87,0.953157842057852,1,0.0,9528
280120-12,cellpose_sam,88,0.9715162138475022,1,0.0,11092
280120-12,cellpose_sam,89,0.9776187115636656,1,0.0,9720
280120-12,cellpose_sam,90,0.9602954755309326,1,0.07640449438202247,9377
280120-12,cellpose_sam,91,0.9427570837312957,1,0.0,14806
280120-12,cellpose_sam,92,0.9451353328456474,1,0.0,7752
280120-12,cellpose_sam,93,0.9630040402439991,1,0.19921875,12212
280120-12,cellpose_sam,94,0.9620424292845258,1,0.0819327731092437,9276
280120-12,cellpose_sam,95,0.9659777055271714,1,0.10194174757281553,8339
280120-12,cellpose_sam,96,0.9634186173108329,1,0.0,8855
280120-12,cellpose_sam,97,0.9511790949649458,1,0.1056701030927835,7467
280120-12,cellpose_sam,98,0.9631874793342885,1,0.0,8787
280120-12,cellpose_sam,99,0.9621150855365475,1,0.0,15466
280120-12,cellpose_sam,100,0.9572532969531605,1,0.0,6356
280120-12,cellpose_sam,101,0.9610009442870633,1,0.0,10195
280120-12,cellpose_sam,102,0.7806883211090514,1,0.0,9686
280120-12,cellpose_sam,103,0.9577205882352942,1,0.0,11983
280120-12,cellpose_sam,104,0.9692249240121581,1,0.0,12755
280120-12,cellpose_sam,105,0.9384767231452541,1,0.0,11420
280120-12,cellpose_sam,106,0.9535168195718654,1,0.1774193548387097,9354
280120-12,cellpose_sam,107,0.9652743327711082,1,0.13541666666666666,9790
280120-12,cellpose_sam,108,0.9753226777235338,1,0.0,14612
280120-12,cellpose_sam,109,0.9620679106760477,1,0.0,9438
280120-12,cellpose_sam,110,0.9725834416991764,1,0.037914691943127965,8991
280120-12,cellpose_sam,111,0.9534784006860328,1,0.0,8896
280120-12,cellpose_sam,112,0.960568040810699,1,0.029411764705882353,13979
280120-12,cellpose_sam,113,0.9716217503094944,1,0.0,10251
280120-12,cellpose_sam,114,0.8573279052553664,1,0.0,13960
280120-12,cellpose_sam,115,0.9535929179058026,1,0.0,13809
280120-12,cellpose_sam,116,0.967838326649367,1,0.001984126984126984,12336
280120-12,cellpose_sam,117,0.9674302075876879,1,0.0,5413
280120-12,cellpose_sam,118,0.9315007163323782,1,0.0,10407
280120-12,cellpose_sam,119,0.9568876080691643,1,0.3188405797101449,8420
280120-12,cellpose_sam,120,0.9497563239730796,1,0.0,8189
280120-12,cellpose_sam,121,0.9695052601649132,1,0.0,13654
280120-12,cellpose_sam,122,0.7468604766142589,1,0.0,19808
280120-12,cellpose_sam,123,0.8126042014004669,1,0.0,12186
280120-12,cellpose_sam,124,0.9449654112221368,1,0.0,12675
280120-12,cellpose_sam,125,0.9490730399821309,1,0.0,8498
280120-12,cellpose_sam,126,0.9606512890094979,1,0.1825726141078838,9242
280120-12,cellpose_sam,127,0.9284908851719602,1,0.0,9883
280120-12,cellpose_sam,128,0.9730649696610922,1,0.24757281553398058,6596
280120-12,cellpose_sam,129,0.931710016602103,1,0.2532188841201717,8420
280120-12,cellpose_sam,130,0.9499948660026697,1,0.03333333333333333,9255
280120-12,cellpose_sam,131,0.9513974851781875,1,0.0018248175182481751,14614
280120-12,cellpose_sam,132,0.9298013245033112,1,0.001976284584980237,7722
280120-12,cellpose_sam,133,0.9734063878123748,1,0.0,7345
280120-12,cellpose_sam,134,0.9514159953492235,1,0.0,11456
280120-12,cellpose_sam,135,0.940595252440053,1,0.0023584905660377358,7813
280120-12,cellpose_sam,136,0.9396079020506272,1,0.36489151873767256,12518
280120-12,cellpose_sam,137,0.9535013484608946,1,0.10515463917525773,10254
280120-12,cellpose_sam,138,0.942756011229098,1,0.0,7946
280120-12,cellpose_sam,139,0.9489707390172727,1,0.22456813819577734,12296
280120-12,cellpose_sam,140,0.9547480864664816,1,0.09690721649484536,11385
280120-12,cellpose_sam,141,0.009408699428240573,0,0.926829268292683,3797
280120-12,cellpose_sam,142,0.9353196586315317,1,0.3062200956937799,6344
280120-12,cellpose_sam,143,0.9420809248554913,1,0.0,8180
280120-12,cellpose_sam,144,0.9655484016717497,1,0.16037735849056603,8575
280120-12,cellpose_sam,145,0.9735256346932727,1,0.06986899563318777,9887
280120-12,cellpose_sam,146,0.708235115200365,1,0.0,9316
280120-12,cellpose_sam,147,0.9294683968187526,1,0.018036072144288578,8977
280120-12,cellpose_sam,148,0.905075908602975,1,0.21666666666666667,6014
280120-12,cellpose_sam,149,0.9424985405720957,1,0.2629558541266795,9815
280120-12,cellpose_sam,150,0.7731126362535325,1,0.0,7660
280120-12,cellpose_sam,151,0.9353045535186281,1,0.0,8295
280120-12,cellpose_sam,152,0.0,0,0.31773399014778325,5602
280120-12,cellpose_sam,153,0.9526325903151422,1,0.2782608695652174,9923
280120-12,cellpose_sam,154,0.9626951995373048,1,0.08874458874458875,10017
280120-12,cellpose_sam,155,0.949654892407633,1,0.002145922746781116,9395
280120-12,cellpose_sam,156,0.9533208855694852,1,0.10309278350515463,14361
280120-12,cellpose_sam,157,0.7470629865534324,1,0.014141414141414142,6779
280120-12,cellpose_sam,158,0.3907675369613086,0,0.3886138613861386,5023
280120-12,cellpose_sam,159,0.882484131068794,1,0.0427807486631016,5478
280120-12,cellpose_sam,160,0.3656863518095088,0,0.32732732732732733,4659
280120-12,cellpose_sam,161,0.9214441579051775,1,0.0030303030303030303,4673
280120-12,cellpose_sam,162,0.4796304849884527,0,0.01871657754010695,5219
280120-12,cellpose_sam,163,0.931275896556651,1,0.34701492537313433,6861
280120-13,original,1,0.9781058115735285,1,0.0,15823
280120-13,original,2,0.9706231063101041,1,0.0,14841
280120-13,original,3,0.9669169105484158,1,0.0,7772
280120-13,original,4,0.9727691252816143,1,0.0,10061
280120-13,original,5,0.9666100169949016,1,0.0,9807
280120-13,original,6,0.9690975192472199,1,0.0,9198
280120-13,original,7,0.9636849396398179,1,0.0,9917
280120-13,original,8,0.970449067047585,1,0.0,10993
280120-13,original,9,0.9638643067846607,1,0.0,10614
280120-13,original,10,0.9502714708785784,1,0.0,7742
280120-13,original,11,0.9683663833805477,1,0.0,8365
280120-13,original,12,0.9775235801725868,1,0.0,9808
280120-13,original,13,0.0,0,0.0,10629
280120-13,original,14,0.7471074380165289,1,0.0,8385
280120-13,original,15,0.0,0,0.0,8663
280120-13,original,16,0.0,0,0.0022123893805309734,9909
280120-13,original,17,0.9756166446996799,1,0.0,10436
280120-13,original,18,0.9527165556125065,1,0.0,7734
280120-13,original,19,0.9655349794238683,1,0.0,9593
280120-13,original,20,0.9490258030542391,1,0.0,9077
280120-13,original,21,0.9673289183222958,1,0.0,8968
280120-13,original,22,0.974229326374164,1,0.0,12098
280120-13,original,23,0.0,0,0.13306451612903225,10820
280120-13,original,24,0.9756048183014475,1,0.0,9804
280120-13,original,25,0.9669204843340407,1,0.0,7824
280120-13,original,26,0.9737084870848709,1,0.0,8581
280120-13,original,27,0.972157556569513,1,0.0,10520
280120-13,original,28,0.9733737417469424,1,0.0,9184
280120-13,original,29,0.9726558407543217,1,0.0,9417
280120-13,original,30,0.9666503187837175,1,0.0,11969
280120-13,original,31,0.0,0,0.0,9802
280120-13,original,32,0.0,0,0.0,4932
280120-13,original,33,0.9539618726494619,1,0.0,7630
280120-13,original,34,0.9699951409135082,1,0.0,8097
280120-13,original,35,0.9758891928864569,1,0.0,11519
280120-13,original,36,0.0,0,0.0,6107
280120-13,original,37,0.0,0,0.0,10028
280120-13,original,38,0.9623084357310506,1,0.0,14108
280120-13,original,39,0.9630929332042595,1,0.0,8229
280120-13,original,40,0.9679570290794591,1,0.0,10570
280120-13,original,41,0.9727771935973829,1,0.0,8497
280120-13,original,42,0.9716336006753905,1,0.0,11581
280120-13,original,43,0.9565755428057149,1,0.0,8592
280120-13,original,44,0.9763108679088454,1,0.0,14251
280120-13,original,45,0.9639529180971064,1,0.0,8035
280120-13,original,46,0.9696243689569607,1,0.0,11524
280120-13,original,47,0.0,0,0.13852813852813853,9841
280120-13,original,48,0.9775839429750516,1,0.0,10512
280120-13,original,49,0.0,0,0.029045643153526972,11156
280120-13,original,50,0.0,0,0.0,4204
280120-13,original,51,0.9776601025980474,1,0.0,11939
280120-13,original,52,0.9689075630252101,1,0.0,7055
280120-13,original,53,0.9521013337807231,1,0.0,11449
280120-13,original,54,0.0,0,0.0,14545
280120-13,original,55,0.9774922245866754,1,0.0,12041
280120-13,original,56,0.9653147765575731,1,0.0,9138
280120-13,original,57,0.9638767821526187,1,0.0,13282
280120-13,original,58,0.8969593280970527,1,0.0,11633
280120-13,original,59,0.0,0,0.0,9542
280120-13,original,60,0.0,0,0.1515837104072398,9163
280120-13,original,61,0.0,0,0.0,9740
280120-13,original,62,0.0,0,0.0,10365
280120-13,original,63,0.7471290249943706,1,0.0,8775
280120-13,original,64,0.924396782841823,1,0.0,8792
280120-13,original,65,0.0,0,0.1350210970464135,10847
280120-13,original,66,0.9736695922675258,1,0.0,8940
280120-13,original,67,0.9780167100397206,1,0.0,14513
280120-13,original,68,0.0,0,0.1415929203539823,8838
280120-13,original,69,0.9299758015728977,1,0.0,12390
280120-13,original,70,0.9640664318067438,1,0.0,9783
280120-13,original,71,0.0,0,0.0,7676
280120-13,original,72,0.0,0,0.14912280701754385,8580
280120-13,original,73,0.976594027441485,1,0.0,10979
280120-13,original,74,0.9666517457475381,1,0.0,8751
280120-13,original,75,0.9626577840112202,1,0.0,11138
280120-13,original,76,0.0,0,0.0,9537
280120-13,original,77,0.9539166110103998,1,0.0,10176
280120-13,original,78,0.970891514500537,1,0.0,9224
280120-13,original,79,0.9610266159695817,1,0.0,8203
280120-13,original,80,0.0,0,0.08171206225680934,12871
280120-13,original,81,0.9560747663551402,1,0.0,6320
280120-13,original,82,0.9742583400669514,1,0.0,8574
280120-13,original,83,0.0,0,0.0,9592
280120-13,original,84,0.9655971273022125,1,0.0,8551
280120-13,original,85,0.9692829548666729,1,0.0,10339
280120-13,original,86,0.9744072678927542,1,0.0,8903
280120-13,original,87,0.9593908629441624,1,0.0,10217
280120-13,original,88,0.0,0,0.0,9269
280120-13,original,89,0.9747513929050003,1,0.0,14011
280120-13,original,90,0.0,0,0.0,11235
280120-13,original,91,0.9611206831972432,1,0.0,13097
280120-13,original,92,0.9482604817127565,1,0.0,8739
280120-13,original,93,0.0,0,0.05668016194331984,10700
280120-13,original,94,0.6125443293234129,1,0.0,9160
280120-13,original,95,0.9726888946325494,1,0.0,11444
280120-13,original,96,0.9232973540930366,1,0.0,9831
280120-13,original,97,0.0,0,0.0,11906
280120-13,original,98,0.0,0,0.0,5903
280120-13,original,99,0.0,0,0.0,7305
280120-13,original,100,0.9230564075210028,1,0.0,14014
280120-13,original,101,0.9484877538568813,1,0.0,11080
280120-13,original,102,0.0,0,0.0,9831
280120-13,original,103,0.0,0,0.0,6055
280120-13,original,104,0.0,0,0.08163265306122448,9227
280120-13,original,105,0.0,0,0.19322709163346613,11473
280120-13,original,106,0.8429694187222784,1,0.0,10931
280120-13,original,107,0.9578767123287671,1,0.0,8598
280120-13,original,108,0.9279673097025563,1,0.0,9851
280120-13,original,109,0.5722475031026535,1,0.13215859030837004,9773
280120-13,original,110,0.0,0,0.03639846743295019,8841
280120-13,original,111,0.29817845828933476,0,0.0,5640
280120-13,original,112,0.33310744208969933,0,0.09762532981530343,5542
280120-13,original,113,0.0,0,0.16594827586206898,10060
280120-13,original,114,0.9611426543647977,1,0.0,11084
280120-13,original,115,0.0,0,0.10473815461346633,6151
280120-13,original,116,0.0,0,0.09333333333333334,8809
280120-13,original,117,0.0,0,0.0,9324
280120-13,original,118,0.0,0,0.06340579710144928,10849
280120-13,original,119,0.0,0,0.0,13278
280120-13,original,120,0.0,0,0.0,9298
280120-13,original,121,0.0,0,0.002066115702479339,10462
280120-13,original,122,0.9453907815631263,1,0.0,7896
280120-13,original,123,0.0,0,0.03877551020408163,11713
280120-13,original,124,0.0,0,0.0,9829
280120-13,original,125,0.9457923311842552,1,0.0,11396
280120-13,original,126,0.9567182732512148,1,0.0,8722
280120-13,original,127,0.0,0,0.0,18320
280120-13,original,128,0.0,0,0.08879492600422834,10638
280120-13,original,129,0.8982809480215644,1,0.0,9048
280120-13,original,130,0.6255617804592748,1,0.07597535934291581,10307
280120-13,original,131,0.8792790456431535,1,0.0,6786
280120-13,original,132,0.0,0,0.12578616352201258,5599
280120-13,original,133,0.0,0,0.0,6241
280120-13,original,134,0.0,0,0.0,10161
280120-13,original,135,0.0,0,0.0,10311
280120-13,original,136,0.890504246690642,1,0.0,11770
280120-13,original,137,0.8837756849315068,1,0.0,8368
280120-13,original,138,0.7441676203891188,1,0.0,8628
280120-13,original,139,0.7271977568860301,1,0.05442176870748299,8986
280120-13,original,140,0.0,0,0.0,9536
280120-13,original,141,0.0,0,0.0,12259
280120-13,original,142,0.0,0,0.19384615384615383,4916
280120-13,original,143,0.89001099890011,1,0.0,9954
280120-13,original,144,0.0,0,0.0,6862
280120-13,original,145,0.8204542984458211,1,0.0,7779
280120-13,original,146,0.9041777188328912,1,0.0,14585
280120-13,original,147,0.0,0,0.0,8784
280120-13,original,148,0.0,0,0.15137614678899083,8232
280120-13,original,149,0.3649398159074817,0,0.15463917525773196,6302
280120-13,original,150,0.0,0,0.09662921348314607,8225
280120-13,original,151,0.0,0,0.21428571428571427,6415
280120-13,original,152,0.0,0,0.0,8511
280120-13,original,153,0.0,0,0.18581907090464547,7455
280120-13,original,154,0.0,0,0.0,9355
280120-13,original,155,0.0,0,0.19724770642201836,8995
280120-13,original,156,0.0,0,0.10246679316888045,10039
280120-13,original,157,0.0,0,0.1875,9209
280120-13,original,158,0.0,0,0.0,7864
280120-13,original,159,0.9168879708862004,1,0.0,9829
280120-13,original,160,0.0,0,0.0,9076
280120-13,original,161,0.0,0,0.20594965675057209,4928
280120-13,original,162,0.0,0,0.19298245614035087,9633
280120-13,original,163,0.0,0,0.08349900596421471,10862
280120-13,original,164,0.14509777294948398,0,0.04938271604938271,4907
280120-13,original,165,0.0,0,0.06493506493506493,13818
280120-13,original,166,0.0,0,0.35406698564593303,6776
280120-13,original,167,0.0,0,0.3630831643002028,10878
280120-13,fix_A_labels,1,0.9781058115735285,1,0.0,15823
280120-13,fix_A_labels,2,0.9706231063101041,1,0.0,14841
280120-13,fix_A_labels,3,0.9669169105484158,1,0.0,7772
280120-13,fix_A_labels,4,0.9727691252816143,1,0.0,10061
280120-13,fix_A_labels,5,0.9666100169949016,1,0.0,9807
280120-13,fix_A_labels,6,0.0,0,0.0,9198
280120-13,fix_A_labels,7,0.9636849396398179,1,0.0,9917
280120-13,fix_A_labels,8,0.6468431407619388,1,0.0,10993
280120-13,fix_A_labels,9,0.9638643067846607,1,0.0,10614
280120-13,fix_A_labels,10,0.9502714708785784,1,0.0,7742
280120-13,fix_A_labels,11,0.9683663833805477,1,0.0,8365
280120-13,fix_A_labels,12,0.9775235801725868,1,0.0,9808
280120-13,fix_A_labels,13,0.0,0,0.0,10629
280120-13,fix_A_labels,14,0.7471074380165289,1,0.0,8385
280120-13,fix_A_labels,15,0.0,0,0.0,8663
280120-13,fix_A_labels,16,0.965037037037037,1,0.0022123893805309734,9909
280120-13,fix_A_labels,17,0.0,0,0.0,10436
280120-13,fix_A_labels,18,0.9527165556125065,1,0.0,7734
280120-13,fix_A_labels,19,0.9655349794238683,1,0.0,9593
280120-13,fix_A_labels,20,0.9490258030542391,1,0.0,9077
280120-13,fix_A_labels,21,0.9673289183222958,1,0.0,8968
280120-13,fix_A_labels,22,0.7285959604219479,1,0.0,12098
280120-13,fix_A_labels,23,0.6042829687928983,1,0.13306451612903225,10820
280120-13,fix_A_labels,24,0.9756048183014475,1,0.0,9804
280120-13,fix_A_labels,25,0.9669204843340407,1,0.0,7824
280120-13,fix_A_labels,26,0.9737084870848709,1,0.0,8581
280120-13,fix_A_labels,27,0.972157556569513,1,0.0,10520
280120-13,fix_A_labels,28,0.9733737417469424,1,0.0,9184
280120-13,fix_A_labels,29,0.9726558407543217,1,0.0,9417
280120-13,fix_A_labels,30,0.9666503187837175,1,0.0,11969
280120-13,fix_A_labels,31,0.0,0,0.0,9802
280120-13,fix_A_labels,32,0.0,0,0.0,4932
280120-13,fix_A_labels,33,0.9539618726494619,1,0.0,7630
280120-13,fix_A_labels,34,0.9699951409135082,1,0.0,8097
280120-13,fix_A_labels,35,0.9758891928864569,1,0.0,11519
280120-13,fix_A_labels,36,0.0,0,0.0,6107
280120-13,fix_A_labels,37,0.0,0,0.0,10028
280120-13,fix_A_labels,38,0.9623084357310506,1,0.0,14108
280120-13,fix_A_labels,39,0.9630929332042595,1,0.0,8229
280120-13,fix_A_labels,40,0.9679570290794591,1,0.0,10570
280120-13,fix_A_labels,41,0.9727771935973829,1,0.0,8497
280120-13,fix_A_labels,42,0.9716336006753905,1,0.0,11581
280120-13,fix_A_labels,43,0.712432556537711,1,0.0,8592
280120-13,fix_A_labels,44,0.3686478971150504,0,0.0,14251
280120-13,fix_A_labels,45,0.9639529180971064,1,0.0,8035
280120-13,fix_A_labels,46,0.9696243689569607,1,0.0,11524
280120-13,fix_A_labels,47,0.9689713658585254,1,0.13852813852813853,9841
280120-13,fix_A_labels,48,0.0,0,0.0,10512
280120-13,fix_A_labels,49,0.9613230194718592,1,0.029045643153526972,11156
280120-13,fix_A_labels,50,0.0,0,0.0,4204
280120-13,fix_A_labels,51,0.9776601025980474,1,0.0,11939
280120-13,fix_A_labels,52,0.9689075630252101,1,0.0,7055
280120-13,fix_A_labels,53,0.9521013337807231,1,0.0,11449
280120-13,fix_A_labels,54,8.339935782494474e-05,0,0.0,14545
280120-13,fix_A_labels,55,0.4861465099070953,0,0.0,12041
280120-13,fix_A_labels,56,0.9653147765575731,1,0.0,9138
280120-13,fix_A_labels,57,0.9638767821526187,1,0.0,13282
280120-13,fix_A_labels,58,0.8969593280970527,1,0.0,11633
280120-13,fix_A_labels,59,0.5772883832585325,1,0.0,9542
280120-13,fix_A_labels,60,0.0,0,0.1515837104072398,9163
280120-13,fix_A_labels,61,0.8413157894736842,1,0.0,9740
280120-13,fix_A_labels,62,0.9152557718424627,1,0.0,10365
280120-13,fix_A_labels,63,0.7471290249943706,1,0.0,8775
280120-13,fix_A_labels,64,0.0,0,0.0,8792
280120-13,fix_A_labels,65,0.8716518877411098,1,0.1350210970464135,10847
280120-13,fix_A_labels,66,0.9736695922675258,1,0.0,8940
280120-13,fix_A_labels,67,0.9780167100397206,1,0.0,14513
280120-13,fix_A_labels,68,0.6148867313915858,1,0.1415929203539823,8838
280120-13,fix_A_labels,69,0.9299758015728977,1,0.0,12390
280120-13,fix_A_labels,70,0.9640664318067438,1,0.0,9783
280120-13,fix_A_labels,71,0.0,0,0.0,7676
280120-13,fix_A_labels,72,0.8726895119418484,1,0.14912280701754385,8580
280120-13,fix_A_labels,73,0.976594027441485,1,0.0,10979
280120-13,fix_A_labels,74,0.9666517457475381,1,0.0,8751
280120-13,fix_A_labels,75,0.9626577840112202,1,0.0,11138
280120-13,fix_A_labels,76,0.0,0,0.0,9537
280120-13,fix_A_labels,77,0.9539166110103998,1,0.0,10176
280120-13,fix_A_labels,78,0.5420127278610721,1,0.0,9224
280120-13,fix_A_labels,79,0.0,0,0.0,8203
280120-13,fix_A_labels,80,0.0,0,0.08171206225680934,12871
280120-13,fix_A_labels,81,0.9560747663551402,1,0.0,6320
280120-13,fix_A_labels,82,0.9742583400669514,1,0.0,8574
280120-13,fix_A_labels,83,0.963677639046538,1,0.0,9592
280120-13,fix_A_labels,84,0.9655971273022125,1,0.0,8551
280120-13,fix_A_labels,85,0.5827214646705445,1,0.0,10339
280120-13,fix_A_labels,86,0.9744072678927542,1,0.0,8903
280120-13,fix_A_labels,87,0.9593908629441624,1,0.0,10217
280120-13,fix_A_labels,88,0.0,0,0.0,9269
280120-13,fix_A_labels,89,0.9747513929050003,1,0.0,14011
280120-13,fix_A_labels,90,0.0,0,0.0,11235
280120-13,fix_A_labels,91,0.7317950254719808,1,0.0,13097
280120-13,fix_A_labels,92,0.9482604817127565,1,0.0,8739
280120-13,fix_A_labels,93,0.858252427184466,1,0.05668016194331984,10700
280120-13,fix_A_labels,94,0.9051403798513625,1,0.0,9160
280120-13,fix_A_labels,95,0.0,0,0.0,11444
280120-13,fix_A_labels,96,0.9232973540930366,1,0.0,9831
280120-13,fix_A_labels,97,0.8030653950953679,1,0.0,11906
280120-13,fix_A_labels,98,0.8714593341063442,1,0.0,5903
280120-13,fix_A_labels,99,0.9357277882797732,1,0.0,7305
280120-13,fix_A_labels,100,0.9230564075210028,1,0.0,14014
280120-13,fix_A_labels,101,0.9484877538568813,1,0.0,11080
280120-13,fix_A_labels,102,0.7922415192338906,1,0.0,9831
280120-13,fix_A_labels,103,0.9559789750328516,1,0.0,6055
280120-13,fix_A_labels,104,0.0,0,0.08163265306122448,9227
280120-13,fix_A_labels,105,0.0,0,0.19322709163346613,11473
280120-13,fix_A_labels,106,0.8429694187222784,1,0.0,10931
280120-13,fix_A_labels,107,0.9578767123287671,1,0.0,8598
280120-13,fix_A_labels,108,0.9279673097025563,1,0.0,9851
280120-13,fix_A_labels,109,0.5722475031026535,1,0.13215859030837004,9773
280120-13,fix_A_labels,110,0.0,0,0.03639846743295019,8841
280120-13,fix_A_labels,111,0.002887068618235531,0,0.0,5640
280120-13,fix_A_labels,112,0.9052762039660056,1,0.09762532981530343,5542
280120-13,fix_A_labels,113,0.0,0,0.16594827586206898,10060
280120-13,fix_A_labels,114,0.7896468913990927,1,0.0,11084
280120-13,fix_A_labels,115,0.0,0,0.10473815461346633,6151
280120-13,fix_A_labels,116,0.0,0,0.09333333333333334,8809
280120-13,fix_A_labels,117,0.0,0,0.0,9324
280120-13,fix_A_labels,118,0.0,0,0.06340579710144928,10849
280120-13,fix_A_labels,119,0.9668061981346846,1,0.0,13278
280120-13,fix_A_labels,120,0.0,0,0.0,9298
280120-13,fix_A_labels,121,0.48602229124794444,0,0.002066115702479339,10462
280120-13,fix_A_labels,122,0.7841735640832707,1,0.0,7896
280120-13,fix_A_labels,123,0.0,0,0.03877551020408163,11713
280120-13,fix_A_labels,124,0.4187065434803315,0,0.0,9829
280120-13,fix_A_labels,125,0.9457923311842552,1,0.0,11396
280120-13,fix_A_labels,126,0.6383027002496029,1,0.0,8722
280120-13,fix_A_labels,127,0.823405291348807,1,0.0,18320
280120-13,fix_A_labels,128,0.0008663509298833314,0,0.08879492600422834,10638
280120-13,fix_A_labels,129,0.8982809480215644,1,0.0,9048
280120-13,fix_A_labels,130,0.9305373525557011,1,0.07597535934291581,10307
280120-13,fix_A_labels,131,0.8792790456431535,1,0.0,6786
280120-13,fix_A_labels,132,0.34503739383952337,0,0.12578616352201258,5599
280120-13,fix_A_labels,133,0.0,0,0.0,6241
280120-13,fix_A_labels,134,0.0,0,0.0,10161
280120-13,fix_A_labels,135,0.9231749499362826,1,0.0,10311
280120-13,fix_A_labels,136,0.7099039470498022,1,0.0,11770
280120-13,fix_A_labels,137,0.8837756849315068,1,0.0,8368
280120-13,fix_A_labels,138,0.7441676203891188,1,0.0,8628
280120-13,fix_A_labels,139,0.7271977568860301,1,0.05442176870748299,8986
280120-13,fix_A_labels,140,0.833288948069241,1,0.0,9536
280120-13,fix_A_labels,141,0.5747611464968153,1,0.0,12259
280120-13,fix_A_labels,142,0.8619081779053085,1,0.19384615384615383,4916
280120-13,fix_A_labels,143,0.0,0,0.0,9954
280120-13,fix_A_labels,144,0.8860283885332592,1,0.0,6862
280120-13,fix_A_labels,145,0.8204542984458211,1,0.0,7779
280120-13,fix_A_labels,146,0.7618409593354324,1,0.0,14585
280120-13,fix_A_labels,147,0.8403418471399436,1,0.0,8784
280120-13,fix_A_labels,148,0.7718640377404137,1,0.15137614678899083,8232
280120-13,fix_A_labels,149,0.3649398159074817,0,0.15463917525773196,6302
280120-13,fix_A_labels,150,0.0,0,0.09662921348314607,8225
280120-13,fix_A_labels,151,0.3927130531934703,0,0.21428571428571427,6415
280120-13,fix_A_labels,152,0.9099437148217636,1,0.0,8511
280120-13,fix_A_labels,153,0.0,0,0.18581907090464547,7455
280120-13,fix_A_labels,154,0.8256125916651762,1,0.0,9355
280120-13,fix_A_labels,155,0.5714285714285714,1,0.19724770642201836,8995
280120-13,fix_A_labels,156,0.00028658769583492547,0,0.10246679316888045,10039
280120-13,fix_A_labels,157,0.5620627747167709,1,0.1875,9209
280120-13,fix_A_labels,158,0.8975027953783079,1,0.0,7864
280120-13,fix_A_labels,159,0.9168879708862004,1,0.0,9829
280120-13,fix_A_labels,160,0.0,0,0.0,9076
280120-13,fix_A_labels,161,0.5973877758052244,1,0.20594965675057209,4928
280120-13,fix_A_labels,162,0.615977291159773,1,0.19298245614035087,9633
280120-13,fix_A_labels,163,0.0,0,0.08349900596421471,10862
280120-13,fix_A_labels,164,0.14509777294948398,0,0.04938271604938271,4907
280120-13,fix_A_labels,165,0.000575221238938053,0,0.06493506493506493,13818
280120-13,fix_A_labels,166,0.0,0,0.35406698564593303,6776
280120-13,fix_A_labels,167,0.03712164477441462,0,0.3630831643002028,10878
280120-13,fix_B_labels_local_seeds,1,0.9779817651801774,1,0.0,15823
280120-13,fix_B_labels_local_seeds,2,0.9708149416957639,1,0.0,14841
280120-13,fix_B_labels_local_seeds,3,0.9669169105484158,1,0.0,7772
280120-13,fix_B_labels_local_seeds,4,0.9727691252816143,1,0.0,10061
280120-13,fix_B_labels_local_seeds,5,0.9664167916041979,1,0.0,9807
280120-13,fix_B_labels_local_seeds,6,0.9683456314832638,1,0.0,9198
280120-13,fix_B_labels_local_seeds,7,0.9636849396398179,1,0.0,9917
280120-13,fix_B_labels_local_seeds,8,0.9707142857142858,1,0.0,10993
280120-13,fix_B_labels_local_seeds,9,0.9640552995391705,1,0.0,10614
280120-13,fix_B_labels_local_seeds,10,0.9492173055589794,1,0.0,7742
280120-13,fix_B_labels_local_seeds,11,0.9683663833805477,1,0.0,8365
280120-13,fix_B_labels_local_seeds,12,0.9774255041637403,1,0.0,9808
280120-13,fix_B_labels_local_seeds,13,0.0,0,0.0,10629
280120-13,fix_B_labels_local_seeds,14,0.749232585596222,1,0.0,8385
280120-13,fix_B_labels_local_seeds,15,0.9716102657279128,1,0.0,8663
280120-13,fix_B_labels_local_seeds,16,0.0,0,0.0022123893805309734,9909
280120-13,fix_B_labels_local_seeds,17,0.9753411764705883,1,0.0,10436
280120-13,fix_B_labels_local_seeds,18,0.9527165556125065,1,0.0,7734
280120-13,fix_B_labels_local_seeds,19,0.9662828947368421,1,0.0,9593
280120-13,fix_B_labels_local_seeds,20,0.9490204339582895,1,0.0,9077
280120-13,fix_B_labels_local_seeds,21,0.9673289183222958,1,0.0,8968
280120-13,fix_B_labels_local_seeds,22,0.9687601957585644,1,0.0,12098
280120-13,fix_B_labels_local_seeds,23,0.0,0,0.13306451612903225,10820
280120-13,fix_B_labels_local_seeds,24,0.9756048183014475,1,0.0,9804
280120-13,fix_B_labels_local_seeds,25,0.9671701410560479,1,0.0,7824
280120-13,fix_B_labels_local_seeds,26,0.9738238007380073,1,0.0,8581
280120-13,fix_B_labels_local_seeds,27,0.9718860547384099,1,0.0,10520
280120-13,fix_B_labels_local_seeds,28,0.9728325576361078,1,0.0,9184
280120-13,fix_B_labels_local_seeds,29,0.9726558407543217,1,0.0,9417
280120-13,fix_B_labels_local_seeds,30,0.9666503187837175,1,0.0,11969
280120-13,fix_B_labels_local_seeds,31,0.9729347606544132,1,0.0,9802
280120-13,fix_B_labels_local_seeds,32,0.0,0,0.0,4932
280120-13,fix_B_labels_local_seeds,33,0.9537145079735512,1,0.0,7630
280120-13,fix_B_labels_local_seeds,34,0.9699951409135082,1,0.0,8097
280120-13,fix_B_labels_local_seeds,35,0.9757244208906745,1,0.0,11519
280120-13,fix_B_labels_local_seeds,36,0.9584607953630655,1,0.0,6107
280120-13,fix_B_labels_local_seeds,37,0.9776723967595337,1,0.0,10028
280120-13,fix_B_labels_local_seeds,38,0.9614136812314489,1,0.0,14108
280120-13,fix_B_labels_local_seeds,39,0.9622641509433962,1,0.0,8229
280120-13,fix_B_labels_local_seeds,40,0.9675895916288545,1,0.0,10570
280120-13,fix_B_labels_local_seeds,41,0.9727771935973829,1,0.0,8497
280120-13,fix_B_labels_local_seeds,42,0.9717156366092536,1,0.0,11581
280120-13,fix_B_labels_local_seeds,43,0.9570013507429086,1,0.0,8592
280120-13,fix_B_labels_local_seeds,44,0.9767280786812578,1,0.0,14251
280120-13,fix_B_labels_local_seeds,45,0.9639529180971064,1,0.0,8035
280120-13,fix_B_labels_local_seeds,46,0.8372855048719496,1,0.0,11524
280120-13,fix_B_labels_local_seeds,47,0.0,0,0.13852813852813853,9841
280120-13,fix_B_labels_local_seeds,48,0.977488040521527,1,0.0,10512
280120-13,fix_B_labels_local_seeds,49,0.9614119320707745,1,0.029045643153526972,11156
280120-13,fix_B_labels_local_seeds,50,0.0,0,0.0,4204
280120-13,fix_B_labels_local_seeds,51,0.9776601025980474,1,0.0,11939
280120-13,fix_B_labels_local_seeds,52,0.9689119170984456,1,0.0,7055
280120-13,fix_B_labels_local_seeds,53,0.9515141347202416,1,0.0,11449
280120-13,fix_B_labels_local_seeds,54,0.9443345205118058,1,0.0,14545
280120-13,fix_B_labels_local_seeds,55,0.6091274727078716,1,0.0,12041
280120-13,fix_B_labels_local_seeds,56,0.9652060454496031,1,0.0,9138
280120-13,fix_B_labels_local_seeds,57,0.9638767821526187,1,0.0,13282
280120-13,fix_B_labels_local_seeds,58,0.8967340590979782,1,0.0,11633
280120-13,fix_B_labels_local_seeds,59,0.9604682205565254,1,0.0,9542
280120-13,fix_B_labels_local_seeds,60,0.0,0,0.1515837104072398,9163
280120-13,fix_B_labels_local_seeds,61,0.9170727046909334,1,0.0,9740
280120-13,fix_B_labels_local_seeds,62,0.9055424741894584,1,0.0,10365
280120-13,fix_B_labels_local_seeds,63,0.9677165354330709,1,0.0,8775
280120-13,fix_B_labels_local_seeds,64,0.9637786472889882,1,0.0,8792
280120-13,fix_B_labels_local_seeds,65,0.0,0,0.1350210970464135,10847
280120-13,fix_B_labels_local_seeds,66,0.973561430793157,1,0.0,8940
280120-13,fix_B_labels_local_seeds,67,0.9780167100397206,1,0.0,14513
280120-13,fix_B_labels_local_seeds,68,0.0,0,0.1415929203539823,8838
280120-13,fix_B_labels_local_seeds,69,0.9298298676748582,1,0.0,12390
280120-13,fix_B_labels_local_seeds,70,0.963872396095401,1,0.0,9783
280120-13,fix_B_labels_local_seeds,71,0.9623025980641875,1,0.0,7676
280120-13,fix_B_labels_local_seeds,72,0.49622106754841755,0,0.14912280701754385,8580
280120-13,fix_B_labels_local_seeds,73,0.976318622174381,1,0.0,10979
280120-13,fix_B_labels_local_seeds,74,0.9666517457475381,1,0.0,8751
280120-13,fix_B_labels_local_seeds,75,0.9645986680686996,1,0.0,11138
280120-13,fix_B_labels_local_seeds,76,0.9703926864741326,1,0.0,9537
280120-13,fix_B_labels_local_seeds,77,0.9539166110103998,1,0.0,10176
280120-13,fix_B_labels_local_seeds,78,0.9695213565142734,1,0.0,9224
280120-13,fix_B_labels_local_seeds,79,0.9610219845513963,1,0.0,8203
280120-13,fix_B_labels_local_seeds,80,0.0,0,0.08171206225680934,12871
280120-13,fix_B_labels_local_seeds,81,0.9565081839438815,1,0.0,6320
280120-13,fix_B_labels_local_seeds,82,0.9742583400669514,1,0.0,8574
280120-13,fix_B_labels_local_seeds,83,0.9572526909277294,1,0.0,9592
280120-13,fix_B_labels_local_seeds,84,0.964322946831924,1,0.0,8551
280120-13,fix_B_labels_local_seeds,85,0.9695656270611515,1,0.0,10339
280120-13,fix_B_labels_local_seeds,86,0.9745208817990473,1,0.0,8903
280120-13,fix_B_labels_local_seeds,87,0.959111366465575,1,0.0,10217
280120-13,fix_B_labels_local_seeds,88,0.0,0,0.0,9269
280120-13,fix_B_labels_local_seeds,89,0.9747513929050003,1,0.0,14011
280120-13,fix_B_labels_local_seeds,90,0.9751191106405506,1,0.0,11235
280120-13,fix_B_labels_local_seeds,91,0.9609047333732774,1,0.0,13097
280120-13,fix_B_labels_local_seeds,92,0.9494037668561239,1,0.0,8739
280120-13,fix_B_labels_local_seeds,93,0.0,0,0.05668016194331984,10700
280120-13,fix_B_labels_local_seeds,94,0.6101260562404766,1,0.0,9160
280120-13,fix_B_labels_local_seeds,95,0.9737204894020335,1,0.0,11444
280120-13,fix_B_labels_local_seeds,96,0.9662236434495853,1,0.0,9831
280120-13,fix_B_labels_local_seeds,97,0.0,0,0.0,11906
280120-13,fix_B_labels_local_seeds,98,0.856003904978848,1,0.0,5903
280120-13,fix_B_labels_local_seeds,99,0.9357277882797732,1,0.0,7305
280120-13,fix_B_labels_local_seeds,100,0.9230564075210028,1,0.0,14014
280120-13,fix_B_labels_local_seeds,101,0.9485793968973331,1,0.0,11080
280120-13,fix_B_labels_local_seeds,102,0.5578448205379772,1,0.0,9831
280120-13,fix_B_labels_local_seeds,103,0.9559789750328516,1,0.0,6055
280120-13,fix_B_labels_local_seeds,104,0.0,0,0.08163265306122448,9227
280120-13,fix_B_labels_local_seeds,105,0.0,0,0.19322709163346613,11473
280120-13,fix_B_labels_local_seeds,106,0.968663264392515,1,0.0,10931
280120-13,fix_B_labels_local_seeds,107,0.9578767123287671,1,0.0,8598
280120-13,fix_B_labels_local_seeds,108,0.9562279670975323,1,0.0,9851
280120-13,fix_B_labels_local_seeds,109,0.5722475031026535,1,0.13215859030837004,9773
280120-13,fix_B_labels_local_seeds,110,0.0,0,0.03639846743295019,8841
280120-13,fix_B_labels_local_seeds,111,0.30151085307118825,0,0.0,5640
280120-13,fix_B_labels_local_seeds,112,0.3330869217027044,0,0.09762532981530343,5542
280120-13,fix_B_labels_local_seeds,113,0.0,0,0.16594827586206898,10060
280120-13,fix_B_labels_local_seeds,114,0.9610539389638041,1,0.0,11084
280120-13,fix_B_labels_local_seeds,115,0.0,0,0.10473815461346633,6151
280120-13,fix_B_labels_local_seeds,116,0.0,0,0.09333333333333334,8809
280120-13,fix_B_labels_local_seeds,117,0.0,0,0.0,9324
280120-13,fix_B_labels_local_seeds,118,0.0,0,0.06340579710144928,10849
280120-13,fix_B_labels_local_seeds,119,0.9666642191056612,1,0.0,13278
280120-13,fix_B_labels_local_seeds,120,0.0,0,0.0,9298
280120-13,fix_B_labels_local_seeds,121,0.0,0,0.002066115702479339,10462
280120-13,fix_B_labels_local_seeds,122,0.9471707561342013,1,0.0,7896
280120-13,fix_B_labels_local_seeds,123,0.0,0,0.03877551020408163,11713
280120-13,fix_B_labels_local_seeds,124,0.4187065434803315,0,0.0,9829
280120-13,fix_B_labels_local_seeds,125,0.9457923311842552,1,0.0,11396
280120-13,fix_B_labels_local_seeds,126,0.9563595251554551,1,0.0,8722
280120-13,fix_B_labels_local_seeds,127,0.0,0,0.0,18320
280120-13,fix_B_labels_local_seeds,128,0.0,0,0.08879492600422834,10638
280120-13,fix_B_labels_local_seeds,129,0.8982809480215644,1,0.0,9048
280120-13,fix_B_labels_local_seeds,130,0.6256233454411131,1,0.07597535934291581,10307
280120-13,fix_B_labels_local_seeds,131,0.8791650460261895,1,0.0,6786
280120-13,fix_B_labels_local_seeds,132,0.0,0,0.12578616352201258,5599
280120-13,fix_B_labels_local_seeds,133,0.0,0,0.0,6241
280120-13,fix_B_labels_local_seeds,134,0.9711669588934346,1,0.0,10161
280120-13,fix_B_labels_local_seeds,135,0.9231749499362826,1,0.0,10311
280120-13,fix_B_labels_local_seeds,136,0.9331836047164515,1,0.0,11770
280120-13,fix_B_labels_local_seeds,137,0.9619103086779266,1,0.0,8368
280120-13,fix_B_labels_local_seeds,138,0.8614696615509706,1,0.0,8628
280120-13,fix_B_labels_local_seeds,139,0.5913934087717849,1,0.05442176870748299,8986
280120-13,fix_B_labels_local_seeds,140,0.671109926241891,1,0.0,9536
280120-13,fix_B_labels_local_seeds,141,0.9454773672236605,1,0.0,12259
280120-13,fix_B_labels_local_seeds,142,0.0,0,0.19384615384615383,4916
280120-13,fix_B_labels_local_seeds,143,0.899560263841695,1,0.0,9954
280120-13,fix_B_labels_local_seeds,144,0.00014955507365587377,0,0.0,6862
280120-13,fix_B_labels_local_seeds,145,0.8881184628040898,1,0.0,7779
280120-13,fix_B_labels_local_seeds,146,0.824212271973466,1,0.0,14585
280120-13,fix_B_labels_local_seeds,147,0.7686772674780137,1,0.0,8784
280120-13,fix_B_labels_local_seeds,148,0.47401946328516664,0,0.15137614678899083,8232
280120-13,fix_B_labels_local_seeds,149,0.3649398159074817,0,0.15463917525773196,6302
280120-13,fix_B_labels_local_seeds,150,0.0,0,0.09662921348314607,8225
280120-13,fix_B_labels_local_seeds,151,0.3927130531934703,0,0.21428571428571427,6415
280120-13,fix_B_labels_local_seeds,152,0.0,0,0.0,8511
280120-13,fix_B_labels_local_seeds,153,0.0,0,0.18581907090464547,7455
280120-13,fix_B_labels_local_seeds,154,0.8262620837808807,1,0.0,9355
280120-13,fix_B_labels_local_seeds,155,0.0,0,0.19724770642201836,8995
280120-13,fix_B_labels_local_seeds,156,0.0002865740077374982,0,0.10246679316888045,10039
280120-13,fix_B_labels_local_seeds,157,0.5620627747167709,1,0.1875,9209
280120-13,fix_B_labels_local_seeds,158,0.0,0,0.0,7864
280120-13,fix_B_labels_local_seeds,159,0.9171830431789122,1,0.0,9829
280120-13,fix_B_labels_local_seeds,160,0.772467355125032,1,0.0,9076
280120-13,fix_B_labels_local_seeds,161,0.6215181518151816,1,0.20594965675057209,4928
280120-13,fix_B_labels_local_seeds,162,0.6327232278289008,1,0.19298245614035087,9633
280120-13,fix_B_labels_local_seeds,163,0.0,0,0.08349900596421471,10862
280120-13,fix_B_labels_local_seeds,164,0.1637422419737951,0,0.04938271604938271,4907
280120-13,fix_B_labels_local_seeds,165,0.0,0,0.06493506493506493,13818
280120-13,fix_B_labels_local_seeds,166,0.0,0,0.35406698564593303,6776
280120-13,fix_B_labels_local_seeds,167,0.0,0,0.3630831643002028,10878
280120-13,cellpose_sam,1,0.9487917491155483,1,0.0,15823
280120-13,cellpose_sam,2,0.9328414680287552,1,0.0,14841
280120-13,cellpose_sam,3,0.9838504577822991,1,0.0,7772
280120-13,cellpose_sam,4,0.9577263638960297,1,0.0,10061
280120-13,cellpose_sam,5,0.9518119110074809,1,0.0,9807
280120-13,cellpose_sam,6,0.9489216799091941,1,0.0,9198
280120-13,cellpose_sam,7,0.9565846599131693,1,0.0,9917
280120-13,cellpose_sam,8,0.9553082340666029,1,0.0,10993
280120-13,cellpose_sam,9,0.9591393961308986,1,0.0,10614
280120-13,cellpose_sam,10,0.9216666666666666,1,0.0,7742
280120-13,cellpose_sam,11,0.9690445711625741,1,0.0,8365
280120-13,cellpose_sam,12,0.9586469840649134,1,0.0,9808
280120-13,cellpose_sam,13,0.965714805383776,1,0.0,10629
280120-13,cellpose_sam,14,0.9697356215213359,1,0.0,8385
280120-13,cellpose_sam,15,0.9564977365573589,1,0.0,8663
280120-13,cellpose_sam,16,0.9485521235521236,1,0.0022123893805309734,9909
280120-13,cellpose_sam,17,0.942898445970365,1,0.0,10436
280120-13,cellpose_sam,18,0.9591938293107738,1,0.0,7734
280120-13,cellpose_sam,19,0.9408591604550804,1,0.0,9593
280120-13,cellpose_sam,20,0.9333676092544987,1,0.0,9077
280120-13,cellpose_sam,21,0.9638359702938327,1,0.0,8968
280120-13,cellpose_sam,22,0.9516991818753934,1,0.0,12098
280120-13,cellpose_sam,23,0.9683691756272401,1,0.13306451612903225,10820
280120-13,cellpose_sam,24,0.957983193277311,1,0.0,9804
280120-13,cellpose_sam,25,0.9519453591901451,1,0.0,7824
280120-13,cellpose_sam,26,0.9547174009790832,1,0.0,8581
280120-13,cellpose_sam,27,0.9450233560905498,1,0.0,10520
280120-13,cellpose_sam,28,0.9578639966624948,1,0.0,9184
280120-13,cellpose_sam,29,0.9419354838709677,1,0.0,9417
280120-13,cellpose_sam,30,0.9436253252385083,1,0.0,11969
280120-13,cellpose_sam,31,0.9535676043998832,1,0.0,9802
280120-13,cellpose_sam,32,0.9729622266401591,1,0.0,4932
280120-13,cellpose_sam,33,0.9626345788473718,1,0.0,7630
280120-13,cellpose_sam,34,0.9537953795379538,1,0.0,8097
280120-13,cellpose_sam,35,0.9522982804232805,1,0.0,11519
280120-13,cellpose_sam,36,0.9692724088520936,1,0.0,6107
280120-13,cellpose_sam,37,0.9572315035799522,1,0.0,10028
280120-13,cellpose_sam,38,0.8784196592220488,1,0.0,14108
280120-13,cellpose_sam,39,0.9419177454462138,1,0.0,8229
280120-13,cellpose_sam,40,0.9510502118453078,1,0.0,10570
280120-13,cellpose_sam,41,0.9562232725635832,1,0.0,8497
280120-13,cellpose_sam,42,0.9512896336454739,1,0.0,11581
280120-13,cellpose_sam,43,0.9339130434782609,1,0.0,8592
280120-13,cellpose_sam,44,0.956764014770057,1,0.0,14251
280120-13,cellpose_sam,45,0.9710919470423904,1,0.0,8035
280120-13,cellpose_sam,46,0.96025,1,0.0,11524
280120-13,cellpose_sam,47,0.9446316803081367,1,0.13852813852813853,9841
280120-13,cellpose_sam,48,0.9582497721057429,1,0.0,10512
280120-13,cellpose_sam,49,0.9606170286108239,1,0.029045643153526972,11156
280120-13,cellpose_sam,50,0.892721217887726,1,0.0,4204
280120-13,cellpose_sam,51,0.9392652033671623,1,0.0,11939
280120-13,cellpose_sam,52,0.9446973754686663,1,0.0,7055
280120-13,cellpose_sam,53,0.9487030745007043,1,0.0,11449
280120-13,cellpose_sam,54,0.9660307119590508,1,0.0,14545
280120-13,cellpose_sam,55,0.9412914321450907,1,0.0,12041
280120-13,cellpose_sam,56,0.9601765262162446,1,0.0,9138
280120-13,cellpose_sam,57,0.9816160118606375,1,0.0,13282
280120-13,cellpose_sam,58,0.9525876187356699,1,0.0,11633
280120-13,cellpose_sam,59,0.952105368189982,1,0.0,9542
280120-13,cellpose_sam,60,0.9596562925704705,1,0.1515837104072398,9163
280120-13,cellpose_sam,61,0.9698177109273832,1,0.0,9740
280120-13,cellpose_sam,62,0.941358869129047,1,0.0,10365
280120-13,cellpose_sam,63,0.9741532976827094,1,0.0,8775
280120-13,cellpose_sam,64,0.9723267655523578,1,0.0,8792
280120-13,cellpose_sam,65,0.9694704610951008,1,0.1350210970464135,10847
280120-13,cellpose_sam,66,0.9490445859872612,1,0.0,8940
280120-13,cellpose_sam,67,0.9693345804382683,1,0.0,14513
280120-13,cellpose_sam,68,0.9493861727331466,1,0.1415929203539823,8838
280120-13,cellpose_sam,69,0.9466115955331191,1,0.0,12390
280120-13,cellpose_sam,70,0.95312194167156,1,0.0,9783
280120-13,cellpose_sam,71,0.9546756319262857,1,0.0,7676
280120-13,cellpose_sam,72,0.9581327661479906,1,0.14912280701754385,8580
280120-13,cellpose_sam,73,0.9563588850174216,1,0.0,10979
280120-13,cellpose_sam,74,0.9443363597060095,1,0.0,8751
280120-13,cellpose_sam,75,0.948187414500684,1,0.0,11138
280120-13,cellpose_sam,76,0.9532233883058471,1,0.0,9537
280120-13,cellpose_sam,77,0.9595863770040793,1,0.0,10176
280120-13,cellpose_sam,78,0.9493618773157678,1,0.0,9224
280120-13,cellpose_sam,79,0.9606003752345216,1,0.0,8203
280120-13,cellpose_sam,80,0.9610244157395654,1,0.08171206225680934,12871
280120-13,cellpose_sam,81,0.9544971939936296,1,0.0,6320
280120-13,cellpose_sam,82,0.9484513274336284,1,0.0,8574
280120-13,cellpose_sam,83,0.9617021276595744,1,0.0,9592
280120-13,cellpose_sam,84,0.9651544292340762,1,0.0,8551
280120-13,cellpose_sam,85,0.9318611987381703,1,0.0,10339
280120-13,cellpose_sam,86,0.9388379204892966,1,0.0,8903
280120-13,cellpose_sam,87,0.9574547839940024,1,0.0,10217
280120-13,cellpose_sam,88,0.9637164429530202,1,0.0,9269
280120-13,cellpose_sam,89,0.9665792017677116,1,0.0,14011
280120-13,cellpose_sam,90,0.9530070404614471,1,0.0,11235
280120-13,cellpose_sam,91,0.9628641316433177,1,0.0,13097
280120-13,cellpose_sam,92,0.9508698982383192,1,0.0,8739
280120-13,cellpose_sam,93,0.950182044223426,1,0.05668016194331984,10700
280120-13,cellpose_sam,94,0.9588438579956017,1,0.0,9160
280120-13,cellpose_sam,95,0.9423583662714098,1,0.0,11444
280120-13,cellpose_sam,96,0.968503159557662,1,0.0,9831
280120-13,cellpose_sam,97,0.8141411378555798,1,0.0,11906
280120-13,cellpose_sam,98,0.9098335388409371,1,0.0,5903
280120-13,cellpose_sam,99,0.9644907221999733,1,0.0,7305
280120-13,cellpose_sam,100,0.9660759842791147,1,0.0,14014
280120-13,cellpose_sam,101,0.9315391084945333,1,0.0,11080
280120-13,cellpose_sam,102,0.9485421896118942,1,0.0,9831
280120-13,cellpose_sam,103,0.9226311667971809,1,0.0,6055
280120-13,cellpose_sam,104,0.9561138330032315,1,0.08163265306122448,9227
280120-13,cellpose_sam,105,0.9390447561790247,1,0.19322709163346613,11473
280120-13,cellpose_sam,106,0.9511834319526628,1,0.0,10931
280120-13,cellpose_sam,107,0.9368041912246234,1,0.0,8598
280120-13,cellpose_sam,108,0.9442846183352512,1,0.0,9851
280120-13,cellpose_sam,109,0.9469807114471261,1,0.13215859030837004,9773
280120-13,cellpose_sam,110,0.9416782172939546,1,0.03639846743295019,8841
280120-13,cellpose_sam,111,0.8605221657613458,1,0.0,5640
280120-13,cellpose_sam,112,0.9633654688869413,1,0.09762532981530343,5542
280120-13,cellpose_sam,113,0.9573695278149493,1,0.16594827586206898,10060
280120-13,cellpose_sam,114,0.9769393885845555,1,0.0,11084
280120-13,cellpose_sam,115,0.9221978710081402,1,0.10473815461346633,6151
280120-13,cellpose_sam,116,0.9568700614574188,1,0.09333333333333334,8809
280120-13,cellpose_sam,117,0.9427190456602221,1,0.0,9324
280120-13,cellpose_sam,118,0.966321243523316,1,0.06340579710144928,10849
280120-13,cellpose_sam,119,0.9461982469892396,1,0.0,13278
280120-13,cellpose_sam,120,0.8679985063480209,1,0.0,9298
280120-13,cellpose_sam,121,0.9395219266714594,1,0.002066115702479339,10462
280120-13,cellpose_sam,122,0.9641227962026877,1,0.0,7896
280120-13,cellpose_sam,123,0.9587984241628366,1,0.03877551020408163,11713
280120-13,cellpose_sam,124,0.9751049790041991,1,0.0,9829
280120-13,cellpose_sam,125,0.9632918886915335,1,0.0,11396
280120-13,cellpose_sam,126,0.7343000557724484,1,0.0,8722
280120-13,cellpose_sam,127,0.5964070579455195,1,0.0,18320
280120-13,cellpose_sam,128,0.9146666666666666,1,0.08879492600422834,10638
280120-13,cellpose_sam,129,0.9408154774287497,1,0.0,9048
280120-13,cellpose_sam,130,0.9571175538361145,1,0.07597535934291581,10307
280120-13,cellpose_sam,131,0.8910189075630253,1,0.0,6786
280120-13,cellpose_sam,132,0.3613287573657968,0,0.12578616352201258,5599
280120-13,cellpose_sam,133,0.9528508771929824,1,0.0,6241
280120-13,cellpose_sam,134,0.9562264150943396,1,0.0,10161
280120-13,cellpose_sam,135,0.9761701319662015,1,0.0,10311
280120-13,cellpose_sam,136,0.9484635857730462,1,0.0,11770
280120-13,cellpose_sam,137,0.9401190877429503,1,0.0,8368
280120-13,cellpose_sam,138,0.9569653948535937,1,0.0,8628
280120-13,cellpose_sam,139,0.958553696708041,1,0.05442176870748299,8986
280120-13,cellpose_sam,140,0.9643037718677319,1,0.0,9536
280120-13,cellpose_sam,141,0.953615067320414,1,0.0,12259
280120-13,cellpose_sam,142,0.9377707758960221,1,0.19384615384615383,4916
280120-13,cellpose_sam,143,0.8870812475933769,1,0.0,9954
280120-13,cellpose_sam,144,0.9401106500691563,1,0.0,6862
280120-13,cellpose_sam,145,0.9466846427258242,1,0.0,7779
280120-13,cellpose_sam,146,0.7220165578515177,1,0.0,14585
280120-13,cellpose_sam,147,0.9245163336504916,1,0.0,8784
280120-13,cellpose_sam,148,0.9553203997648442,1,0.15137614678899083,8232
280120-13,cellpose_sam,149,0.9601749180071841,1,0.15463917525773196,6302
280120-13,cellpose_sam,150,0.9466387044157054,1,0.09662921348314607,8225
280120-13,cellpose_sam,151,0.9322893363161819,1,0.21428571428571427,6415
280120-13,cellpose_sam,152,0.9232029713786323,1,0.0,8511
280120-13,cellpose_sam,153,0.9451352390719139,1,0.18581907090464547,7455
280120-13,cellpose_sam,154,0.8306544711837315,1,0.0,9355
280120-13,cellpose_sam,155,0.5828741816296105,1,0.19724770642201836,8995
280120-13,cellpose_sam,156,0.948220064724919,1,0.10246679316888045,10039
280120-13,cellpose_sam,157,0.9302889472620731,1,0.1875,9209
280120-13,cellpose_sam,158,0.917279197293198,1,0.0,7864
280120-13,cellpose_sam,159,0.8400471605423462,1,0.0,9829
280120-13,cellpose_sam,160,0.8239673172945983,1,0.0,9076
280120-13,cellpose_sam,161,0.8642109064644276,1,0.20594965675057209,4928
280120-13,cellpose_sam,162,0.9203317901234568,1,0.19298245614035087,9633
280120-13,cellpose_sam,163,0.9416210581183216,1,0.08349900596421471,10862
280120-13,cellpose_sam,164,0.0017090365306558428,0,0.04938271604938271,4907
280120-13,cellpose_sam,165,0.9389994547437296,1,0.06493506493506493,13818
280120-13,cellpose_sam,166,0.9059107358262968,1,0.35406698564593303,6776
280120-13,cellpose_sam,167,0.9187303801883502,1,0.3630831643002028,10878
280120-14,original,1,0.9749303621169917,1,0.0,12790
280120-14,original,2,0.9785476046088538,1,0.0,13071
280120-14,original,3,0.964769647696477,1,0.0,10620
280120-14,original,4,0.9681122448979592,1,0.0,8575
280120-14,original,5,0.972732938610159,1,0.0,12720
280120-14,original,6,0.9702738321862645,1,0.0,13524
280120-14,original,7,0.9747913921826965,1,0.0,11167
280120-14,original,8,0.9701217263002582,1,0.0,8064
280120-14,original,9,0.9731086142322097,1,0.0,13123
280120-14,original,10,0.9583600256245997,1,0.0,6182
280120-14,original,11,0.9763679152775054,1,0.0,10071
280120-14,original,12,0.9753715057674321,1,0.0,9459
280120-14,original,13,0.9716370133253927,1,0.0,13257
280120-14,original,14,0.9665884194053208,1,0.0,12753
280120-14,original,15,0.9685664391173202,1,0.0,12479
280120-14,original,16,0.9680870859694827,1,0.0,10631
280120-14,original,17,0.9779600711603084,1,0.0,10027
280120-14,original,18,0.9748894385728206,1,0.0,13056
280120-14,original,19,0.0,0,0.00411522633744856,11502
280120-14,original,20,0.97045203969129,1,0.0,8948
280120-14,original,21,0.9712130236251737,1,0.0,9956
280120-14,original,22,0.0,0,0.0,11250
280120-14,original,23,0.9716892400300978,1,0.0,10513
280120-14,original,24,0.9589768814559764,1,0.0,9974
280120-14,original,25,0.9847405900305188,1,0.0,15607
280120-14,original,26,0.5281714970735492,1,0.2537313432835821,7608
280120-14,original,27,0.9731400770322319,1,0.0,9784
280120-14,original,28,0.0,0,0.0,11911
280120-14,original,29,0.0,0,0.0,11123
280120-14,original,30,0.0,0,0.0,8213
280120-14,original,31,0.9335324869305451,1,0.0,7670
280120-14,original,32,0.96900826446281,1,0.0,8642
280120-14,original,33,0.7999570262140094,1,0.0778688524590164,11381
280120-14,original,34,0.0,0,0.0,13056
280120-14,original,35,0.9249845009299442,1,0.0,12210
280120-14,original,36,0.9777552150636883,1,0.0,10701
280120-14,original,37,0.9484193011647255,1,0.0,5985
280120-14,original,38,0.9543630317624126,1,0.0,8622
280120-14,original,39,0.9737056850122404,1,0.0,10905
280120-14,original,40,0.0,0,0.0,10149
280120-14,original,41,0.0,0,0.0,11965
280120-14,original,42,0.0,0,0.0,7607
280120-14,original,43,0.9618089233753637,1,0.0,8154
280120-14,original,44,0.9296010027156884,1,0.0,9048
280120-14,original,45,0.9786174126302881,1,0.0,12887
280120-14,original,46,0.0,0,0.0038314176245210726,12463
280120-14,original,47,0.9691685912240184,1,0.0,8621
280120-14,original,48,0.9456927352123858,1,0.0,12061
280120-14,original,49,0.0,0,0.094,10715
280120-14,original,50,0.0,0,0.06790123456790123,9713
280120-14,original,51,0.0,0,0.098,9414
280120-14,original,52,0.9761942423283771,1,0.0,12455
280120-14,original,53,0.9546776295999198,1,0.0,9711
280120-14,original,54,0.9391119817172706,1,0.0,6063
280120-14,original,55,0.9410886159973448,1,0.0,11555
280120-14,original,56,0.0,0,0.023255813953488372,12509
280120-14,original,57,0.0,0,0.0,20103
280120-14,original,58,0.0,0,0.0,12154
280120-14,original,59,0.8140246730358965,1,0.0,8985
280120-14,original,60,0.0,0,0.09955752212389381,9661
280120-14,original,61,0.0,0,0.06595744680851064,9957
280120-14,original,62,0.0,0,0.0,18993
280120-14,original,63,0.9173975903614457,1,0.0,10312
280120-14,original,64,0.0,0,0.02734375,11991
280120-14,original,65,0.0,0,0.0,11493
280120-14,original,66,0.0,0,0.0,5018
280120-14,original,67,0.0,0,0.0,11734
280120-14,original,68,0.9627987455390937,1,0.0,9179
280120-14,original,69,0.9161224040507815,1,0.0,12762
280120-14,original,70,0.9701017811704835,1,0.0,9273
280120-14,original,71,0.9469060945273632,1,0.0,12804
280120-14,original,72,0.9697495826377296,1,0.0,14702
280120-14,original,73,0.9791269625192849,1,0.0,10890
280120-14,original,74,0.9515270383861025,1,0.0,7094
280120-14,original,75,0.0,0,0.0,10959
280120-14,original,76,0.9266273231744914,1,0.0,10775
280120-14,original,77,0.9566243398134622,1,0.0,8795
280120-14,original,78,0.0,0,0.0,4683
280120-14,original,79,0.9526827207435572,1,0.0,6999
280120-14,original,80,0.8330653804930332,1,0.0,9532
280120-14,original,81,0.0,0,0.0,14272
280120-14,original,82,0.9390607935930105,1,0.0,13135
280120-14,original,83,0.0,0,0.051181102362204724,12234
280120-14,original,84,0.0,0,0.02830188679245283,8159
280120-14,original,85,0.9323798059902287,1,0.0,13388
280120-14,original,86,0.0,0,0.08431372549019608,8551
280120-14,original,87,0.940199607329843,1,0.0,11610
280120-14,original,88,0.0,0,0.0,10094
280120-14,original,89,0.0,0,0.0,10264
280120-14,original,90,0.9745029594779178,1,0.0,12963
280120-14,original,91,0.0,0,0.18164794007490637,13359
280120-14,original,92,0.0,0,0.0,9455
280120-14,original,93,0.0,0,0.028846153846153848,8160
280120-14,original,94,0.7703113685734975,1,0.0,5525
280120-14,original,95,0.0,0,0.06989247311827956,6248
280120-14,original,96,0.0,0,0.0,13288
280120-14,original,97,0.0,0,0.003676470588235294,11883
280120-14,original,98,0.0,0,0.0,10144
280120-14,original,99,0.0,0,0.013157894736842105,6682
280120-14,original,100,0.9579063692987744,1,0.0,9858
280120-14,original,101,0.878494623655914,1,0.0,12596
280120-14,original,102,0.0,0,0.0595903165735568,12071
280120-14,original,103,0.9631791107634919,1,0.0,16423
280120-14,original,104,0.0,0,0.0,10731
280120-14,original,105,0.9377350143773502,1,0.0,8774
280120-14,original,106,0.0,0,0.0,10109
280120-14,original,107,0.9433727957612386,1,0.0,11552
280120-14,original,108,0.0,0,0.036637931034482756,8334
280120-14,original,109,0.0,0,0.0,12127
280120-14,original,110,0.0,0,0.06722689075630252,9227
280120-14,original,111,0.0,0,0.0,12816
280120-14,original,112,0.0,0,0.0163265306122449,11485
280120-14,original,113,0.0,0,0.21468926553672316,12874
280120-14,original,114,0.0,0,0.06682027649769585,9173
280120-14,original,115,0.9097658480868075,1,0.0,15572
280120-14,original,116,0.9087553109981193,1,0.0,13762
280120-14,original,117,0.0,0,0.18614718614718614,7769
280120-14,original,118,0.0,0,0.0,8308
280120-14,original,119,0.9127774864534173,1,0.0,5641
280120-14,original,120,0.0,0,0.0,7633
280120-14,original,121,0.0,0,0.0,4977
280120-14,original,122,0.0,0,0.0,11655
280120-14,original,123,0.0,0,0.0,10665
280120-14,original,124,0.0,0,0.0,9680
280120-14,original,125,0.0,0,0.0,11724
280120-14,original,126,0.0,0,0.016,10090
280120-14,original,127,0.0,0,0.0,6853
280120-14,original,128,0.9504937878305193,1,0.0,15414
280120-14,original,129,0.0,0,0.06274509803921569,11096
280120-14,original,130,0.0,0,0.0,16565
280120-14,original,131,0.8578971533516988,1,0.0,7903
280120-14,original,132,0.9238670694864048,1,0.0,9422
280120-14,original,133,0.6891560198879728,1,0.13157894736842105,11183
280120-14,original,134,0.0,0,0.0,8195
280120-14,original,135,0.0,0,0.024489795918367346,10556
280120-14,original,136,0.0,0,0.0,6184
280120-14,original,137,0.8791136751016126,1,0.0,13608
280120-14,original,138,0.0,0,0.0,7236
280120-14,original,139,0.0,0,0.0,10312
280120-14,original,140,0.0,0,0.0,13606
280120-14,original,141,0.0,0,0.0,9584
280120-14,original,142,0.0,0,0.0,9293
280120-14,original,143,0.9273774565168286,1,0.0,17275
280120-14,original,144,0.0,0,0.0,7279
280120-14,original,145,0.0,0,0.05471698113207547,11785
280120-14,original,146,0.0,0,0.03763440860215054,6374
280120-14,original,147,0.4157865089424025,0,0.24938875305623473,6044
280120-14,original,148,0.0,0,0.008896797153024912,11134
280120-14,original,149,0.0,0,0.019271948608137045,7106
280120-14,original,150,0.0,0,0.0,4059
280120-14,original,151,0.0,0,0.0,5475
280120-14,original,152,0.0,0,0.0,8005
280120-14,original,153,0.0,0,0.0,13006
280120-14,original,154,0.0,0,0.050335570469798654,13005
280120-14,original,155,0.0,0,0.03926096997690531,6533
280120-14,original,156,0.26394138512531257,0,0.1224105461393597,6080
280120-14,original,157,0.0,0,0.21033210332103322,8569
280120-14,original,158,0.0,0,0.0,7106
280120-14,original,159,0.15953382971835545,0,0.07515657620041753,4159
280120-14,original,160,0.0,0,0.19850187265917604,10470
280120-14,original,161,0.0,0,0.19196428571428573,9787
280120-14,original,162,0.0,0,0.0,5680
280120-14,fix_A_labels,1,0.9749303621169917,1,0.0,12790
280120-14,fix_A_labels,2,0.9785476046088538,1,0.0,13071
280120-14,fix_A_labels,3,0.964769647696477,1,0.0,10620
280120-14,fix_A_labels,4,0.9681122448979592,1,0.0,8575
280120-14,fix_A_labels,5,0.972732938610159,1,0.0,12720
280120-14,fix_A_labels,6,0.8857812271196368,1,0.0,13524
280120-14,fix_A_labels,7,0.9747913921826965,1,0.0,11167
280120-14,fix_A_labels,8,0.9701217263002582,1,0.0,8064
280120-14,fix_A_labels,9,0.9731086142322097,1,0.0,13123
280120-14,fix_A_labels,10,0.9583600256245997,1,0.0,6182
280120-14,fix_A_labels,11,0.9763679152775054,1,0.0,10071
280120-14,fix_A_labels,12,0.8846555323590815,1,0.0,9459
280120-14,fix_A_labels,13,0.9716370133253927,1,0.0,13257
280120-14,fix_A_labels,14,0.9665884194053208,1,0.0,12753
280120-14,fix_A_labels,15,0.9685664391173202,1,0.0,12479
280120-14,fix_A_labels,16,0.9680870859694827,1,0.0,10631
280120-14,fix_A_labels,17,0.9779600711603084,1,0.0,10027
280120-14,fix_A_labels,18,0.9748894385728206,1,0.0,13056
280120-14,fix_A_labels,19,0.9654877840423715,1,0.00411522633744856,11502
280120-14,fix_A_labels,20,0.97045203969129,1,0.0,8948
280120-14,fix_A_labels,21,0.9712130236251737,1,0.0,9956
280120-14,fix_A_labels,22,0.9552110249784669,1,0.0,11250
280120-14,fix_A_labels,23,0.9716892400300978,1,0.0,10513
280120-14,fix_A_labels,24,0.9589768814559764,1,0.0,9974
280120-14,fix_A_labels,25,0.9847405900305188,1,0.0,15607
280120-14,fix_A_labels,26,0.5281714970735492,1,0.2537313432835821,7608
280120-14,fix_A_labels,27,0.9731400770322319,1,0.0,9784
280120-14,fix_A_labels,28,0.9721205059920106,1,0.0,11911
280120-14,fix_A_labels,29,0.9360424643230073,1,0.0,11123
280120-14,fix_A_labels,30,0.9633633633633634,1,0.0,8213
280120-14,fix_A_labels,31,0.9335324869305451,1,0.0,7670
280120-14,fix_A_labels,32,0.96900826446281,1,0.0,8642
280120-14,fix_A_labels,33,0.7999570262140094,1,0.0778688524590164,11381
280120-14,fix_A_labels,34,0.0,0,0.0,13056
280120-14,fix_A_labels,35,0.9249845009299442,1,0.0,12210
280120-14,fix_A_labels,36,0.9777552150636883,1,0.0,10701
280120-14,fix_A_labels,37,0.9484193011647255,1,0.0,5985
280120-14,fix_A_labels,38,0.9543630317624126,1,0.0,8622
280120-14,fix_A_labels,39,0.5257289096060689,1,0.0,10905
280120-14,fix_A_labels,40,0.9655974416125593,1,0.0,10149
280120-14,fix_A_labels,41,0.9414328736725313,1,0.0,11965
280120-14,fix_A_labels,42,0.0,0,0.0,7607
280120-14,fix_A_labels,43,0.9618089233753637,1,0.0,8154
280120-14,fix_A_labels,44,0.9296010027156884,1,0.0,9048
280120-14,fix_A_labels,45,0.8839923224568138,1,0.0,12887
280120-14,fix_A_labels,46,0.0,0,0.0038314176245210726,12463
280120-14,fix_A_labels,47,0.9691685912240184,1,0.0,8621
280120-14,fix_A_labels,48,0.9456927352123858,1,0.0,12061
280120-14,fix_A_labels,49,0.0,0,0.094,10715
280120-14,fix_A_labels,50,0.0,0,0.06790123456790123,9713
280120-14,fix_A_labels,51,0.0009569377990430622,0,0.098,9414
280120-14,fix_A_labels,52,0.9761942423283771,1,0.0,12455
280120-14,fix_A_labels,53,0.9546776295999198,1,0.0,9711
280120-14,fix_A_labels,54,0.9391119817172706,1,0.0,6063
280120-14,fix_A_labels,55,0.9410886159973448,1,0.0,11555
280120-14,fix_A_labels,56,0.0,0,0.023255813953488372,12509
280120-14,fix_A_labels,57,0.0,0,0.0,20103
280120-14,fix_A_labels,58,0.0,0,0.0,12154
280120-14,fix_A_labels,59,0.8140246730358965,1,0.0,8985
280120-14,fix_A_labels,60,0.841460926341563,1,0.09955752212389381,9661
280120-14,fix_A_labels,61,0.0,0,0.06595744680851064,9957
280120-14,fix_A_labels,62,0.0,0,0.0,18993
280120-14,fix_A_labels,63,0.9173975903614457,1,0.0,10312
280120-14,fix_A_labels,64,0.0,0,0.02734375,11991
280120-14,fix_A_labels,65,0.9642186165670367,1,0.0,11493
280120-14,fix_A_labels,66,0.0,0,0.0,5018
280120-14,fix_A_labels,67,0.9666215987831671,1,0.0,11734
280120-14,fix_A_labels,68,0.9627987455390937,1,0.0,9179
280120-14,fix_A_labels,69,0.9161224040507815,1,0.0,12762
280120-14,fix_A_labels,70,0.9701017811704835,1,0.0,9273
280120-14,fix_A_labels,71,0.9469060945273632,1,0.0,12804
280120-14,fix_A_labels,72,0.9697495826377296,1,0.0,14702
280120-14,fix_A_labels,73,0.9791269625192849,1,0.0,10890
280120-14,fix_A_labels,74,0.9515270383861025,1,0.0,7094
280120-14,fix_A_labels,75,0.7507472149261842,1,0.0,10959
280120-14,fix_A_labels,76,0.9266273231744914,1,0.0,10775
280120-14,fix_A_labels,77,0.9566243398134622,1,0.0,8795
280120-14,fix_A_labels,78,0.0,0,0.0,4683
280120-14,fix_A_labels,79,0.9526827207435572,1,0.0,6999
280120-14,fix_A_labels,80,0.8330653804930332,1,0.0,9532
280120-14,fix_A_labels,81,0.9186396337475474,1,0.0,14272
280120-14,fix_A_labels,82,0.9143088116410671,1,0.0,13135
280120-14,fix_A_labels,83,0.0,0,0.051181102362204724,12234
280120-14,fix_A_labels,84,0.7644124700239808,1,0.02830188679245283,8159
280120-14,fix_A_labels,85,0.9323798059902287,1,0.0,13388
280120-14,fix_A_labels,86,0.9089509566747306,1,0.08431372549019608,8551
280120-14,fix_A_labels,87,0.940199607329843,1,0.0,11610
280120-14,fix_A_labels,88,0.9166432781364019,1,0.0,10094
280120-14,fix_A_labels,89,0.9694912012241775,1,0.0,10264
280120-14,fix_A_labels,90,0.6320366132723112,1,0.0,12963
280120-14,fix_A_labels,91,0.0,0,0.18164794007490637,13359
280120-14,fix_A_labels,92,0.9207347509234302,1,0.0,9455
280120-14,fix_A_labels,93,0.0,0,0.028846153846153848,8160
280120-14,fix_A_labels,94,0.7703113685734975,1,0.0,5525
280120-14,fix_A_labels,95,0.0,0,0.06989247311827956,6248
280120-14,fix_A_labels,96,0.8674239648222792,1,0.0,13288
280120-14,fix_A_labels,97,0.0,0,0.003676470588235294,11883
280120-14,fix_A_labels,98,0.8744619168936133,1,0.0,10144
280120-14,fix_A_labels,99,0.0,0,0.013157894736842105,6682
280120-14,fix_A_labels,100,0.9579063692987744,1,0.0,9858
280120-14,fix_A_labels,101,0.878494623655914,1,0.0,12596
280120-14,fix_A_labels,102,0.0,0,0.0595903165735568,12071
280120-14,fix_A_labels,103,0.9631791107634919,1,0.0,16423
280120-14,fix_A_labels,104,0.943629906201621,1,0.0,10731
280120-14,fix_A_labels,105,0.9377350143773502,1,0.0,8774
280120-14,fix_A_labels,106,0.9144943612497689,1,0.0,10109
280120-14,fix_A_labels,107,0.9433727957612386,1,0.0,11552
280120-14,fix_A_labels,108,0.0,0,0.036637931034482756,8334
280120-14,fix_A_labels,109,0.9446784383606026,1,0.0,12127
280120-14,fix_A_labels,110,0.0,0,0.06722689075630252,9227
280120-14,fix_A_labels,111,0.9721817763813319,1,0.0,12816
280120-14,fix_A_labels,112,0.9296519798297098,1,0.0163265306122449,11485
280120-14,fix_A_labels,113,0.0,0,0.21468926553672316,12874
280120-14,fix_A_labels,114,0.609318273497378,1,0.06682027649769585,9173
280120-14,fix_A_labels,115,0.8194718421889914,1,0.0,15572
280120-14,fix_A_labels,116,0.9087553109981193,1,0.0,13762
280120-14,fix_A_labels,117,0.0,0,0.18614718614718614,7769
280120-14,fix_A_labels,118,0.6114243323442137,1,0.0,8308
280120-14,fix_A_labels,119,0.9127774864534173,1,0.0,5641
280120-14,fix_A_labels,120,0.525511654349062,1,0.0,7633
280120-14,fix_A_labels,121,0.0,0,0.0,4977
280120-14,fix_A_labels,122,0.5748251748251748,1,0.0,11655
280120-14,fix_A_labels,123,0.7396008993816751,1,0.0,10665
280120-14,fix_A_labels,124,0.3549613921862395,0,0.0,9680
280120-14,fix_A_labels,125,0.8790757771528463,1,0.0,11724
280120-14,fix_A_labels,126,0.9063554826887839,1,0.016,10090
280120-14,fix_A_labels,127,0.8964138114918011,1,0.0,6853
280120-14,fix_A_labels,128,0.9504937878305193,1,0.0,15414
280120-14,fix_A_labels,129,0.9349586492074431,1,0.06274509803921569,11096
280120-14,fix_A_labels,130,0.005519445150513817,0,0.0,16565
280120-14,fix_A_labels,131,0.8578971533516988,1,0.0,7903
280120-14,fix_A_labels,132,0.9238670694864048,1,0.0,9422
280120-14,fix_A_labels,133,0.6891560198879728,1,0.13157894736842105,11183
280120-14,fix_A_labels,134,0.0,0,0.0,8195
280120-14,fix_A_labels,135,0.742964705882353,1,0.024489795918367346,10556
280120-14,fix_A_labels,136,0.9209424895365059,1,0.0,6184
280120-14,fix_A_labels,137,0.8791136751016126,1,0.0,13608
280120-14,fix_A_labels,138,0.8242663264122492,1,0.0,7236
280120-14,fix_A_labels,139,0.6179992742228136,1,0.0,10312
280120-14,fix_A_labels,140,0.9073374696520097,1,0.0,13606
280120-14,fix_A_labels,141,0.0,0,0.0,9584
280120-14,fix_A_labels,142,0.0,0,0.0,9293
280120-14,fix_A_labels,143,0.8482394163938193,1,0.0,17275
280120-14,fix_A_labels,144,0.7487820377038763,1,0.0,7279
280120-14,fix_A_labels,145,0.2212613275679654,0,0.05471698113207547,11785
280120-14,fix_A_labels,146,0.0,0,0.03763440860215054,6374
280120-14,fix_A_labels,147,0.4157865089424025,0,0.24938875305623473,6044
280120-14,fix_A_labels,148,0.0,0,0.008896797153024912,11134
280120-14,fix_A_labels,149,0.0,0,0.019271948608137045,7106
280120-14,fix_A_labels,150,0.23421036787284003,0,0.0,4059
280120-14,fix_A_labels,151,0.0,0,0.0,5475
280120-14,fix_A_labels,152,0.5943699731903486,1,0.0,8005
280120-14,fix_A_labels,153,0.9441815040192322,1,0.0,13006
280120-14,fix_A_labels,154,0.9412072705512753,1,0.050335570469798654,13005
280120-14,fix_A_labels,155,0.0,0,0.03926096997690531,6533
280120-14,fix_A_labels,156,0.26394138512531257,0,0.1224105461393597,6080
280120-14,fix_A_labels,157,0.0,0,0.21033210332103322,8569
280120-14,fix_A_labels,158,0.0,0,0.0,7106
280120-14,fix_A_labels,159,0.15953382971835545,0,0.07515657620041753,4159
280120-14,fix_A_labels,160,0.0,0,0.19850187265917604,10470
280120-14,fix_A_labels,161,0.0,0,0.19196428571428573,9787
280120-14,fix_A_labels,162,0.0,0,0.0,5680
280120-14,fix_B_labels_local_seeds,1,0.9751740139211137,1,0.0,12790
280120-14,fix_B_labels_local_seeds,2,0.9785476046088538,1,0.0,13071
280120-14,fix_B_labels_local_seeds,3,0.9644959357189573,1,0.0,10620
280120-14,fix_B_labels_local_seeds,4,0.9681122448979592,1,0.0,8575
280120-14,fix_B_labels_local_seeds,5,0.9728929739834865,1,0.0,12720
280120-14,fix_B_labels_local_seeds,6,0.9703470493483672,1,0.0,13524
280120-14,fix_B_labels_local_seeds,7,0.9747913921826965,1,0.0,11167
280120-14,fix_B_labels_local_seeds,8,0.9701217263002582,1,0.0,8064
280120-14,fix_B_labels_local_seeds,9,0.9731086142322097,1,0.0,13123
280120-14,fix_B_labels_local_seeds,10,0.9583600256245997,1,0.0,6182
280120-14,fix_B_labels_local_seeds,11,0.9763679152775054,1,0.0,10071
280120-14,fix_B_labels_local_seeds,12,0.9763116883116884,1,0.0,9459
280120-14,fix_B_labels_local_seeds,13,0.9716370133253927,1,0.0,13257
280120-14,fix_B_labels_local_seeds,14,0.9669014084507043,1,0.0,12753
280120-14,fix_B_labels_local_seeds,15,0.9684795553791187,1,0.0,12479
280120-14,fix_B_labels_local_seeds,16,0.9680870859694827,1,0.0,10631
280120-14,fix_B_labels_local_seeds,17,0.9776635698754694,1,0.0,10027
280120-14,fix_B_labels_local_seeds,18,0.9749643954726033,1,0.0,13056
280120-14,fix_B_labels_local_seeds,19,0.9654877840423715,1,0.00411522633744856,11502
280120-14,fix_B_labels_local_seeds,20,0.9703417861080486,1,0.0,8948
280120-14,fix_B_labels_local_seeds,21,0.9712130236251737,1,0.0,9956
280120-14,fix_B_labels_local_seeds,22,0.9552110249784669,1,0.0,11250
280120-14,fix_B_labels_local_seeds,23,0.9716892400300978,1,0.0,10513
280120-14,fix_B_labels_local_seeds,24,0.9589768814559764,1,0.0,9974
280120-14,fix_B_labels_local_seeds,25,0.9847405900305188,1,0.0,15607
280120-14,fix_B_labels_local_seeds,26,0.5281714970735492,1,0.2537313432835821,7608
280120-14,fix_B_labels_local_seeds,27,0.9732441471571907,1,0.0,9784
280120-14,fix_B_labels_local_seeds,28,0.0,0,0.0,11911
280120-14,fix_B_labels_local_seeds,29,0.9360424643230073,1,0.0,11123
280120-14,fix_B_labels_local_seeds,30,0.9633633633633634,1,0.0,8213
280120-14,fix_B_labels_local_seeds,31,0.9336569579288025,1,0.0,7670
280120-14,fix_B_labels_local_seeds,32,0.9686315063771114,1,0.0,8642
280120-14,fix_B_labels_local_seeds,33,0.8910425141580921,1,0.0778688524590164,11381
280120-14,fix_B_labels_local_seeds,34,0.0,0,0.0,13056
280120-14,fix_B_labels_local_seeds,35,0.9249845009299442,1,0.0,12210
280120-14,fix_B_labels_local_seeds,36,0.9771971935007385,1,0.0,10701
280120-14,fix_B_labels_local_seeds,37,0.9484193011647255,1,0.0,5985
280120-14,fix_B_labels_local_seeds,38,0.9565566254011921,1,0.0,8622
280120-14,fix_B_labels_local_seeds,39,0.9732547597461468,1,0.0,10905
280120-14,fix_B_labels_local_seeds,40,0.0,0,0.0,10149
280120-14,fix_B_labels_local_seeds,41,0.951461754104926,1,0.0,11965
280120-14,fix_B_labels_local_seeds,42,0.0,0,0.0,7607
280120-14,fix_B_labels_local_seeds,43,0.9618089233753637,1,0.0,8154
280120-14,fix_B_labels_local_seeds,44,0.9295039164490861,1,0.0,9048
280120-14,fix_B_labels_local_seeds,45,0.9780076628352491,1,0.0,12887
280120-14,fix_B_labels_local_seeds,46,0.0,0,0.0038314176245210726,12463
280120-14,fix_B_labels_local_seeds,47,0.9691685912240184,1,0.0,8621
280120-14,fix_B_labels_local_seeds,48,0.9456176563988568,1,0.0,12061
280120-14,fix_B_labels_local_seeds,49,0.0,0,0.094,10715
280120-14,fix_B_labels_local_seeds,50,0.0,0,0.06790123456790123,9713
280120-14,fix_B_labels_local_seeds,51,0.0009569377990430622,0,0.098,9414
280120-14,fix_B_labels_local_seeds,52,0.9761942423283771,1,0.0,12455
280120-14,fix_B_labels_local_seeds,53,0.9542811309404452,1,0.0,9711
280120-14,fix_B_labels_local_seeds,54,0.9391119817172706,1,0.0,6063
280120-14,fix_B_labels_local_seeds,55,0.9410886159973448,1,0.0,11555
280120-14,fix_B_labels_local_seeds,56,0.0,0,0.023255813953488372,12509
280120-14,fix_B_labels_local_seeds,57,0.0,0,0.0,20103
280120-14,fix_B_labels_local_seeds,58,0.0,0,0.0,12154
280120-14,fix_B_labels_local_seeds,59,0.8140246730358965,1,0.0,8985
280120-14,fix_B_labels_local_seeds,60,0.0,0,0.09955752212389381,9661
280120-14,fix_B_labels_local_seeds,61,0.0,0,0.06595744680851064,9957
280120-14,fix_B_labels_local_seeds,62,0.0,0,0.0,18993
280120-14,fix_B_labels_local_seeds,63,0.9174939759036145,1,0.0,10312
280120-14,fix_B_labels_local_seeds,64,0.4209161176531618,0,0.02734375,11991
280120-14,fix_B_labels_local_seeds,65,0.0,0,0.0,11493
280120-14,fix_B_labels_local_seeds,66,0.0,0,0.0,5018
280120-14,fix_B_labels_local_seeds,67,0.9649167300701665,1,0.0,11734
280120-14,fix_B_labels_local_seeds,68,0.962582459175949,1,0.0,9179
280120-14,fix_B_labels_local_seeds,69,0.9156334825031179,1,0.0,12762
280120-14,fix_B_labels_local_seeds,70,0.9701017811704835,1,0.0,9273
280120-14,fix_B_labels_local_seeds,71,0.9465951492537313,1,0.0,12804
280120-14,fix_B_labels_local_seeds,72,0.9700674817932785,1,0.0,14702
280120-14,fix_B_labels_local_seeds,73,0.9791269625192849,1,0.0,10890
280120-14,fix_B_labels_local_seeds,74,0.9523809523809523,1,0.0,7094
280120-14,fix_B_labels_local_seeds,75,0.9503296703296703,1,0.0,10959
280120-14,fix_B_labels_local_seeds,76,0.9262944698837619,1,0.0,10775
280120-14,fix_B_labels_local_seeds,77,0.9566243398134622,1,0.0,8795
280120-14,fix_B_labels_local_seeds,78,0.0,0,0.0,4683
280120-14,fix_B_labels_local_seeds,79,0.9526827207435572,1,0.0,6999
280120-14,fix_B_labels_local_seeds,80,0.8385936516500315,1,0.0,9532
280120-14,fix_B_labels_local_seeds,81,0.9182846309733935,1,0.0,14272
280120-14,fix_B_labels_local_seeds,82,0.9387873935512046,1,0.0,13135
280120-14,fix_B_labels_local_seeds,83,0.0,0,0.051181102362204724,12234
280120-14,fix_B_labels_local_seeds,84,0.0,0,0.02830188679245283,8159
280120-14,fix_B_labels_local_seeds,85,0.9323089995043546,1,0.0,13388
280120-14,fix_B_labels_local_seeds,86,0.0,0,0.08431372549019608,8551
280120-14,fix_B_labels_local_seeds,87,0.8787725935266919,1,0.0,11610
280120-14,fix_B_labels_local_seeds,88,0.0,0,0.0,10094
280120-14,fix_B_labels_local_seeds,89,0.9695897484938318,1,0.0,10264
280120-14,fix_B_labels_local_seeds,90,0.9751896813353566,1,0.0,12963
280120-14,fix_B_labels_local_seeds,91,0.0,0,0.18164794007490637,13359
280120-14,fix_B_labels_local_seeds,92,0.9211709461484664,1,0.0,9455
280120-14,fix_B_labels_local_seeds,93,0.0,0,0.028846153846153848,8160
280120-14,fix_B_labels_local_seeds,94,0.7703113685734975,1,0.0,5525
280120-14,fix_B_labels_local_seeds,95,0.0,0,0.06989247311827956,6248
280120-14,fix_B_labels_local_seeds,96,0.9532737659293979,1,0.0,13288
280120-14,fix_B_labels_local_seeds,97,0.0,0,0.003676470588235294,11883
280120-14,fix_B_labels_local_seeds,98,0.8743630293445792,1,0.0,10144
280120-14,fix_B_labels_local_seeds,99,0.0,0,0.013157894736842105,6682
280120-14,fix_B_labels_local_seeds,100,0.9580068314245529,1,0.0,9858
280120-14,fix_B_labels_local_seeds,101,0.8785663082437276,1,0.0,12596
280120-14,fix_B_labels_local_seeds,102,0.0,0,0.0595903165735568,12071
280120-14,fix_B_labels_local_seeds,103,0.9631791107634919,1,0.0,16423
280120-14,fix_B_labels_local_seeds,104,0.9378719567177638,1,0.0,10731
280120-14,fix_B_labels_local_seeds,105,0.9385023780555248,1,0.0,8774
280120-14,fix_B_labels_local_seeds,106,0.9144943612497689,1,0.0,10109
280120-14,fix_B_labels_local_seeds,107,0.9432166211406341,1,0.0,11552
280120-14,fix_B_labels_local_seeds,108,0.0,0,0.036637931034482756,8334
280120-14,fix_B_labels_local_seeds,109,0.9446784383606026,1,0.0,12127
280120-14,fix_B_labels_local_seeds,110,0.0,0,0.06722689075630252,9227
280120-14,fix_B_labels_local_seeds,111,0.9539937059793197,1,0.0,12816
280120-14,fix_B_labels_local_seeds,112,0.0,0,0.0163265306122449,11485
280120-14,fix_B_labels_local_seeds,113,0.0,0,0.21468926553672316,12874
280120-14,fix_B_labels_local_seeds,114,0.0,0,0.06682027649769585,9173
280120-14,fix_B_labels_local_seeds,115,0.9098698825769597,1,0.0,15572
280120-14,fix_B_labels_local_seeds,116,0.9087553109981193,1,0.0,13762
280120-14,fix_B_labels_local_seeds,117,0.0,0,0.18614718614718614,7769
280120-14,fix_B_labels_local_seeds,118,0.0,0,0.0,8308
280120-14,fix_B_labels_local_seeds,119,0.912982701380395,1,0.0,5641
280120-14,fix_B_labels_local_seeds,120,0.0,0,0.0,7633
280120-14,fix_B_labels_local_seeds,121,0.0,0,0.0,4977
280120-14,fix_B_labels_local_seeds,122,0.5757373061720887,1,0.0,11655
280120-14,fix_B_labels_local_seeds,123,0.7575059399524804,1,0.0,10665
280120-14,fix_B_labels_local_seeds,124,0.0,0,0.0,9680
280120-14,fix_B_labels_local_seeds,125,0.8786773090079818,1,0.0,11724
280120-14,fix_B_labels_local_seeds,126,0.0,0,0.016,10090
280120-14,fix_B_labels_local_seeds,127,0.9079125033756413,1,0.0,6853
280120-14,fix_B_labels_local_seeds,128,0.9504937878305193,1,0.0,15414
280120-14,fix_B_labels_local_seeds,129,0.0,0,0.06274509803921569,11096
280120-14,fix_B_labels_local_seeds,130,0.005519445150513817,0,0.0,16565
280120-14,fix_B_labels_local_seeds,131,0.8468937422202105,1,0.0,7903
280120-14,fix_B_labels_local_seeds,132,0.924269889224572,1,0.0,9422
280120-14,fix_B_labels_local_seeds,133,0.689520694426972,1,0.13157894736842105,11183
280120-14,fix_B_labels_local_seeds,134,0.0,0,0.0,8195
280120-14,fix_B_labels_local_seeds,135,0.0,0,0.024489795918367346,10556
280120-14,fix_B_labels_local_seeds,136,0.9209424895365059,1,0.0,6184
280120-14,fix_B_labels_local_seeds,137,0.8787680209698558,1,0.0,13608
280120-14,fix_B_labels_local_seeds,138,0.8242663264122492,1,0.0,7236
280120-14,fix_B_labels_local_seeds,139,0.6179992742228136,1,0.0,10312
280120-14,fix_B_labels_local_seeds,140,0.9072700296735905,1,0.0,13606
280120-14,fix_B_labels_local_seeds,141,0.0,0,0.0,9584
280120-14,fix_B_labels_local_seeds,142,0.0,0,0.0,9293
280120-14,fix_B_labels_local_seeds,143,0.8481819748405997,1,0.0,17275
280120-14,fix_B_labels_local_seeds,144,0.7481481481481481,1,0.0,7279
280120-14,fix_B_labels_local_seeds,145,0.0,0,0.05471698113207547,11785
280120-14,fix_B_labels_local_seeds,146,0.39872807862786663,0,0.03763440860215054,6374
280120-14,fix_B_labels_local_seeds,147,0.4157865089424025,0,0.24938875305623473,6044
280120-14,fix_B_labels_local_seeds,148,0.0,0,0.008896797153024912,11134
280120-14,fix_B_labels_local_seeds,149,0.0,0,0.019271948608137045,7106
280120-14,fix_B_labels_local_seeds,150,0.23421036787284003,0,0.0,4059
280120-14,fix_B_labels_local_seeds,151,0.0,0,0.0,5475
280120-14,fix_B_labels_local_seeds,152,0.6494825229447374,1,0.0,8005
280120-14,fix_B_labels_local_seeds,153,0.9441815040192322,1,0.0,13006
280120-14,fix_B_labels_local_seeds,154,0.0,0,0.050335570469798654,13005
280120-14,fix_B_labels_local_seeds,155,0.0,0,0.03926096997690531,6533
280120-14,fix_B_labels_local_seeds,156,0.2636194679986061,0,0.1224105461393597,6080
280120-14,fix_B_labels_local_seeds,157,0.0,0,0.21033210332103322,8569
280120-14,fix_B_labels_local_seeds,158,0.0,0,0.0,7106
280120-14,fix_B_labels_local_seeds,159,0.06753869066891148,0,0.07515657620041753,4159
280120-14,fix_B_labels_local_seeds,160,0.0,0,0.19850187265917604,10470
280120-14,fix_B_labels_local_seeds,161,0.0,0,0.19196428571428573,9787
280120-14,fix_B_labels_local_seeds,162,0.0,0,0.0,5680
280120-14,cellpose_sam,1,0.9648461074230537,1,0.0,12790
280120-14,cellpose_sam,2,0.956601288056206,1,0.0,13071
280120-14,cellpose_sam,3,0.9572061883651497,1,0.0,10620
280120-14,cellpose_sam,4,0.9697555429221149,1,0.0,8575
280120-14,cellpose_sam,5,0.9646594873350524,1,0.0,12720
280120-14,cellpose_sam,6,0.9669534050179212,1,0.0,13524
280120-14,cellpose_sam,7,0.9517329910141207,1,0.0,11167
280120-14,cellpose_sam,8,0.9574569221628045,1,0.0,8064
280120-14,cellpose_sam,9,0.9502534395365677,1,0.0,13123
280120-14,cellpose_sam,10,0.9652976758993951,1,0.0,6182
280120-14,cellpose_sam,11,0.9523404255319149,1,0.0,10071
280120-14,cellpose_sam,12,0.956227254346947,1,0.0,9459
280120-14,cellpose_sam,13,0.9580111295801113,1,0.0,13257
280120-14,cellpose_sam,14,0.9640184443268577,1,0.0,12753
280120-14,cellpose_sam,15,0.9537200214542947,1,0.0,12479
280120-14,cellpose_sam,16,0.9638838475499093,1,0.0,10631
280120-14,cellpose_sam,17,0.9534994294408521,1,0.0,10027
280120-14,cellpose_sam,18,0.935243553008596,1,0.0,13056
280120-14,cellpose_sam,19,0.9625753516409913,1,0.00411522633744856,11502
280120-14,cellpose_sam,20,0.9332497649639612,1,0.0,8948
280120-14,cellpose_sam,21,0.9600771456123433,1,0.0,9956
280120-14,cellpose_sam,22,0.9598976109215017,1,0.0,11250
280120-14,cellpose_sam,23,0.9476293491977645,1,0.0,10513
280120-14,cellpose_sam,24,0.9506243446763892,1,0.0,9974
280120-14,cellpose_sam,25,0.9540813206970346,1,0.0,15607
280120-14,cellpose_sam,26,0.867601778994184,1,0.2537313432835821,7608
280120-14,cellpose_sam,27,0.962992125984252,1,0.0,9784
280120-14,cellpose_sam,28,0.9539288867485352,1,0.0,11911
280120-14,cellpose_sam,29,0.938549843842323,1,0.0,11123
280120-14,cellpose_sam,30,0.9427101601777155,1,0.0,8213
280120-14,cellpose_sam,31,0.9513768295708261,1,0.0,7670
280120-14,cellpose_sam,32,0.955444997236042,1,0.0,8642
280120-14,cellpose_sam,33,0.9555611559139785,1,0.0778688524590164,11381
280120-14,cellpose_sam,34,0.9609190307328606,1,0.0,13056
280120-14,cellpose_sam,35,0.9478672985781991,1,0.0,12210
280120-14,cellpose_sam,36,0.9535733380859027,1,0.0,10701
280120-14,cellpose_sam,37,0.9168732440918856,1,0.0,5985
280120-14,cellpose_sam,38,0.9428102788408966,1,0.0,8622
280120-14,cellpose_sam,39,0.9596092925026399,1,0.0,10905
280120-14,cellpose_sam,40,0.9477862880627685,1,0.0,10149
280120-14,cellpose_sam,41,0.9484740388426477,1,0.0,11965
280120-14,cellpose_sam,42,0.9344908262529246,1,0.0,7607
280120-14,cellpose_sam,43,0.9660171102661597,1,0.0,8154
280120-14,cellpose_sam,44,0.9441938529319207,1,0.0,9048
280120-14,cellpose_sam,45,0.9469468733926079,1,0.0,12887
280120-14,cellpose_sam,46,0.9423877659171777,1,0.0038314176245210726,12463
280120-14,cellpose_sam,47,0.9701053108368248,1,0.0,8621
280120-14,cellpose_sam,48,0.941011016485663,1,0.0,12061
280120-14,cellpose_sam,49,0.9672368540139379,1,0.094,10715
280120-14,cellpose_sam,50,0.9381423308124879,1,0.06790123456790123,9713
280120-14,cellpose_sam,51,0.9640878309049866,1,0.098,9414
280120-14,cellpose_sam,52,0.9502555886167696,1,0.0,12455
280120-14,cellpose_sam,53,0.9449639586986168,1,0.0,9711
280120-14,cellpose_sam,54,0.9415520628683693,1,0.0,6063
280120-14,cellpose_sam,55,0.9500658111220797,1,0.0,11555
280120-14,cellpose_sam,56,0.962848774472021,1,0.023255813953488372,12509
280120-14,cellpose_sam,57,0.7241647619510772,1,0.0,20103
280120-14,cellpose_sam,58,0.9559996840192748,1,0.0,12154
280120-14,cellpose_sam,59,0.9470519987343107,1,0.0,8985
280120-14,cellpose_sam,60,0.9543207435238283,1,0.09955752212389381,9661
280120-14,cellpose_sam,61,0.942604226156482,1,0.06595744680851064,9957
280120-14,cellpose_sam,62,0.5122699386503068,1,0.0,18993
280120-14,cellpose_sam,63,0.962407424767976,1,0.0,10312
280120-14,cellpose_sam,64,0.9607512641464002,1,0.02734375,11991
280120-14,cellpose_sam,65,0.9637340496977838,1,0.0,11493
280120-14,cellpose_sam,66,0.8804304503786369,1,0.0,5018
280120-14,cellpose_sam,67,0.9529497805948318,1,0.0,11734
280120-14,cellpose_sam,68,0.9565172054223149,1,0.0,9179
280120-14,cellpose_sam,69,0.9259259259259259,1,0.0,12762
280120-14,cellpose_sam,70,0.9493087557603687,1,0.0,9273
280120-14,cellpose_sam,71,0.9646460814809195,1,0.0,12804
280120-14,cellpose_sam,72,0.9528809384924493,1,0.0,14702
280120-14,cellpose_sam,73,0.9531728665207877,1,0.0,10890
280120-14,cellpose_sam,74,0.9530282637954239,1,0.0,7094
280120-14,cellpose_sam,75,0.9520458691686213,1,0.0,10959
280120-14,cellpose_sam,76,0.9642889187976671,1,0.0,10775
280120-14,cellpose_sam,77,0.943590845600086,1,0.0,8795
280120-14,cellpose_sam,78,0.9558249434970207,1,0.0,4683
280120-14,cellpose_sam,79,0.936503683858004,1,0.0,6999
280120-14,cellpose_sam,80,0.9537844611528822,1,0.0,9532
280120-14,cellpose_sam,81,0.916399126749711,1,0.0,14272
280120-14,cellpose_sam,82,0.9476190476190476,1,0.0,13135
280120-14,cellpose_sam,83,0.9642800820059928,1,0.051181102362204724,12234
280120-14,cellpose_sam,84,0.9475540921919097,1,0.02830188679245283,8159
280120-14,cellpose_sam,85,0.9694202898550724,1,0.0,13388
280120-14,cellpose_sam,86,0.9493784298353679,1,0.08431372549019608,8551
280120-14,cellpose_sam,87,0.92040589820834,1,0.0,11610
280120-14,cellpose_sam,88,0.9535391923990498,1,0.0,10094
280120-14,cellpose_sam,89,0.9372201407292333,1,0.0,10264
280120-14,cellpose_sam,90,0.9541304667942866,1,0.0,12963
280120-14,cellpose_sam,91,0.954473759678807,1,0.18164794007490637,13359
280120-14,cellpose_sam,92,0.947057054045924,1,0.0,9455
280120-14,cellpose_sam,93,0.9448435689455388,1,0.028846153846153848,8160
280120-14,cellpose_sam,94,0.9425693585439123,1,0.0,5525
280120-14,cellpose_sam,95,0.94737659112077,1,0.06989247311827956,6248
280120-14,cellpose_sam,96,0.9661744380592129,1,0.0,13288
280120-14,cellpose_sam,97,0.9520476305414756,1,0.003676470588235294,11883
280120-14,cellpose_sam,98,0.95140712945591,1,0.0,10144
280120-14,cellpose_sam,99,0.948706834272504,1,0.013157894736842105,6682
280120-14,cellpose_sam,100,0.9434832756632064,1,0.0,9858
280120-14,cellpose_sam,101,0.953134510042605,1,0.0,12596
280120-14,cellpose_sam,102,0.9659045326915363,1,0.0595903165735568,12071
280120-14,cellpose_sam,103,0.9576281078557255,1,0.0,16423
280120-14,cellpose_sam,104,0.9325041315125685,1,0.0,10731
280120-14,cellpose_sam,105,0.9589749230092389,1,0.0,8774
280120-14,cellpose_sam,106,0.9406328759451135,1,0.0,10109
280120-14,cellpose_sam,107,0.9660320389163801,1,0.0,11552
280120-14,cellpose_sam,108,0.9513413076297759,1,0.036637931034482756,8334
280120-14,cellpose_sam,109,0.9005160778086543,1,0.0,12127
280120-14,cellpose_sam,110,0.9667261467408418,1,0.06722689075630252,9227
280120-14,cellpose_sam,111,0.9625234697709351,1,0.0,12816
280120-14,cellpose_sam,112,0.9548553375457266,1,0.0163265306122449,11485
280120-14,cellpose_sam,113,0.9615268784821563,1,0.21468926553672316,12874
280120-14,cellpose_sam,114,0.9543369474562136,1,0.06682027649769585,9173
280120-14,cellpose_sam,115,0.8951837847889419,1,0.0,15572
280120-14,cellpose_sam,116,0.9337246604327349,1,0.0,13762
280120-14,cellpose_sam,117,0.9270605397520059,1,0.18614718614718614,7769
280120-14,cellpose_sam,118,0.9297886843899114,1,0.0,8308
280120-14,cellpose_sam,119,0.9448348559381589,1,0.0,5641
280120-14,cellpose_sam,120,0.9339287899180228,1,0.0,7633
280120-14,cellpose_sam,121,0.0,0,0.0,4977
280120-14,cellpose_sam,122,0.8764493299201928,1,0.0,11655
280120-14,cellpose_sam,123,0.9152149661031495,1,0.0,10665
280120-14,cellpose_sam,124,0.9479814430954496,1,0.0,9680
280120-14,cellpose_sam,125,0.9008315368032029,1,0.0,11724
280120-14,cellpose_sam,126,0.9131497917044014,1,0.016,10090
280120-14,cellpose_sam,127,0.9062083666400214,1,0.0,6853
280120-14,cellpose_sam,128,0.927206892246223,1,0.0,15414
280120-14,cellpose_sam,129,0.9296564819609874,1,0.06274509803921569,11096
280120-14,cellpose_sam,130,0.9212217735054888,1,0.0,16565
280120-14,cellpose_sam,131,0.9231492361927145,1,0.0,7903
280120-14,cellpose_sam,132,0.9538633137294666,1,0.0,9422
280120-14,cellpose_sam,133,0.9413606363174818,1,0.13157894736842105,11183
280120-14,cellpose_sam,134,0.9296174367124532,1,0.0,8195
280120-14,cellpose_sam,135,0.9253155680224404,1,0.024489795918367346,10556
280120-14,cellpose_sam,136,0.9487415592387968,1,0.0,6184
280120-14,cellpose_sam,137,0.9415431500207785,1,0.0,13608
280120-14,cellpose_sam,138,0.8295871559633028,1,0.0,7236
280120-14,cellpose_sam,139,0.9151233131689158,1,0.0,10312
280120-14,cellpose_sam,140,0.9195752164502164,1,0.0,13606
280120-14,cellpose_sam,141,0.889550018594273,1,0.0,9584
280120-14,cellpose_sam,142,0.9262270400481782,1,0.0,9293
280120-14,cellpose_sam,143,0.8208753450121107,1,0.0,17275
280120-14,cellpose_sam,144,0.7981138282706437,1,0.0,7279
280120-14,cellpose_sam,145,0.9294750158127767,1,0.05471698113207547,11785
280120-14,cellpose_sam,146,0.8283357339269347,1,0.03763440860215054,6374
280120-14,cellpose_sam,147,0.8340282232200128,1,0.24938875305623473,6044
280120-14,cellpose_sam,148,0.885600925772855,1,0.008896797153024912,11134
280120-14,cellpose_sam,149,0.7983372654757892,1,0.019271948608137045,7106
280120-14,cellpose_sam,150,0.5924121641570712,1,0.0,4059
280120-14,cellpose_sam,151,0.0,0,0.0,5475
280120-14,cellpose_sam,152,0.8683324280282455,1,0.0,8005
280120-14,cellpose_sam,153,0.9082283172720533,1,0.0,13006
280120-14,cellpose_sam,154,0.8337935666840809,1,0.050335570469798654,13005
280120-14,cellpose_sam,155,0.6071196207826006,1,0.03926096997690531,6533
280120-14,cellpose_sam,156,0.015424896123854516,0,0.1224105461393597,6080
280120-14,cellpose_sam,157,0.9388248215266337,1,0.21033210332103322,8569
280120-14,cellpose_sam,158,0.0,0,0.0,7106
280120-14,cellpose_sam,159,0.014981036662452592,0,0.07515657620041753,4159
280120-14,cellpose_sam,160,0.9309437386569873,1,0.19850187265917604,10470
280120-14,cellpose_sam,161,0.9042941341566096,1,0.19196428571428573,9787
280120-14,cellpose_sam,162,0.0,0,0.0,5680
280120-15,original,1,0.9737952192253612,1,0.0,15449
280120-15,original,2,0.9762359593489722,1,0.0,12995
280120-15,original,3,0.0,0,0.0,18923
280120-15,original,4,0.976989365603227,1,0.0,10794
280120-15,original,5,0.9616735867135101,1,0.0,6159
280120-15,original,6,0.9772072308095363,1,0.0,15065
280120-15,original,7,0.9574657700721056,1,0.0,12011
280120-15,original,8,0.9654504984031743,1,0.0,10248
280120-15,original,9,0.9672826701866868,1,0.0,10449
280120-15,original,10,0.9679561505217666,1,0.0,9387
280120-15,original,11,0.9781702417948912,1,0.0,12999
280120-15,original,12,0.9676408130245727,1,0.0,9756
280120-15,original,13,0.9652316286237118,1,0.0,10312
280120-15,original,14,0.0,0,0.0,9150
280120-15,original,15,0.9706005004170142,1,0.0,9483
280120-15,original,16,0.0,0,0.0,19981
280120-15,original,17,0.9418410579021698,1,0.0,7687
280120-15,original,18,0.0,0,0.0,9674
280120-15,original,19,0.9675658978583196,1,0.0,9643
280120-15,original,20,0.0,0,0.07939914163090128,10208
280120-15,original,21,0.969309849572908,1,0.0,12972
280120-15,original,22,0.9210611452604335,1,0.0,6165
280120-15,original,23,0.960123036361639,1,0.0,9079
280120-15,original,24,0.0,0,0.0,23976
280120-15,original,25,0.9342795038997571,1,0.0,7673
280120-15,original,26,0.9552677259981306,1,0.0,7455
280120-15,original,27,0.9711616940237598,1,0.0,10917
280120-15,original,28,0.9108849447685242,1,0.0,8000
280120-15,original,29,0.9677213393870602,1,0.0,13969
280120-15,original,30,0.0,0,0.0,8281
280120-15,original,31,0.9673065124024892,1,0.0,11167
280120-15,original,32,0.0,0,0.0,5140
280120-15,original,33,0.9655933976519818,1,0.0,8512
280120-15,original,34,0.9380136647192792,1,0.0,9653
280120-15,original,35,0.9636157979074371,1,0.0,10541
280120-15,original,36,0.9639571382184219,1,0.0,9132
280120-15,original,37,0.9122705871048333,1,0.0,9744
280120-15,original,38,0.9636829129527783,1,0.0,10471
280120-15,original,39,0.9777045663499847,1,0.0,12980
280120-15,original,40,0.0,0,0.0,10232
280120-15,original,41,0.978563695416817,1,0.0,13711
280120-15,original,42,0.0,0,0.02531645569620253,11294
280120-15,original,43,0.9220756978934749,1,0.0,5828
280120-15,original,44,0.0,0,0.0,19805
280120-15,original,45,0.9697874265038444,1,0.0,10963
280120-15,original,46,0.9530232026517316,1,0.0,8596
280120-15,original,47,0.9612394731159577,1,0.0,9198
280120-15,original,48,0.9678773882007138,1,0.0,9357
280120-15,original,49,0.8992103075644223,1,0.0,8880
280120-15,original,50,0.9389798928654608,1,0.0,12254
280120-15,original,51,0.913971807628524,1,0.0,9087
280120-15,original,52,0.0,0,0.019927536231884056,10559
280120-15,original,53,0.0,0,0.0,16523
280120-15,original,54,0.9600436681222707,1,0.0,9052
280120-15,original,55,0.9198464831352867,1,0.0,12624
280120-15,original,56,0.0,0,0.0,14610
280120-15,original,57,0.842348682887593,1,0.0,8729
280120-15,original,58,0.9351446099912357,1,0.0,8827
280120-15,original,59,0.0,0,0.1306532663316583,13684
280120-15,original,60,0.0,0,0.0,12534
280120-15,original,61,0.9700948212983224,1,0.0,10834
280120-15,original,62,0.9551988248872102,1,0.0,9413
280120-15,original,63,0.0,0,0.0,22513
280120-15,original,64,0.9621179134372551,1,0.0,11269
280120-15,original,65,0.9287883548015499,1,0.0,9131
280120-15,original,66,0.9609436178543461,1,0.0,10111
280120-15,original,67,0.7570401437986819,1,0.0,9963
280120-15,original,68,0.0,0,0.0,10878
280120-15,original,69,0.9122696060715576,1,0.0,10329
280120-15,original,70,0.0,0,0.0,9112
280120-15,original,71,0.0,0,0.0,9240
280120-15,original,72,0.0,0,0.0,8425
280120-15,original,73,0.9697567389875082,1,0.0,13568
280120-15,original,74,0.0,0,0.0,12268
280120-15,original,75,0.942817179529373,1,0.0,11937
280120-15,original,76,0.0,0,0.06995884773662552,10596
280120-15,original,77,0.9702602230483272,1,0.0,13980
280120-15,original,78,0.9636768694304533,1,0.0,10285
280120-15,original,79,0.9618971792538672,1,0.0,8659
280120-15,original,80,0.9381996268656716,1,0.0,8546
280120-15,original,81,0.9581125410042897,1,0.0,11756
280120-15,original,82,0.7985969274487168,1,0.0,9306
280120-15,original,83,0.0,0,0.0,13017
280120-15,original,84,0.9398342371840785,1,0.0,9437
280120-15,original,85,0.0,0,0.11940298507462686,19469
280120-15,original,86,0.0,0,0.0,17012
280120-15,original,87,0.9538352988610019,1,0.0,9707
280120-15,original,88,0.0,0,0.0,9436
280120-15,original,89,0.0,0,0.07276119402985075,12623
280120-15,original,90,0.9501794565031618,1,0.0,11615
280120-15,original,91,0.0,0,0.0,12860
280120-15,original,92,0.0,0,0.004357298474945534,8279
280120-15,original,93,0.0,0,0.0,17180
280120-15,original,94,0.0,0,0.0,10631
280120-15,original,95,0.0,0,0.0,8337
280120-15,original,96,0.9283945726453402,1,0.0,9627
280120-15,original,97,0.0,0,0.05392156862745098,14448
280120-15,original,98,0.9423746781765864,1,0.0,12735
280120-15,original,99,0.9323974879940894,1,0.0,12808
280120-15,original,100,0.0,0,0.0,11700
280120-15,original,101,0.0,0,0.020089285714285716,8536
280120-15,original,102,0.0,0,0.061930783242258654,10155
280120-15,original,103,0.941777821049557,1,0.0,9823
280120-15,original,104,0.0,0,0.0,11092
280120-15,original,105,0.9056392508143323,1,0.0,9165
280120-15,original,106,0.7602887308769661,1,0.0,9210
280120-15,original,107,0.7406278026905829,1,0.0,8632
280120-15,original,108,0.8260296057452733,1,0.0,6072
280120-15,original,109,0.0,0,0.18900343642611683,11489
280120-15,original,110,0.9629249159506911,1,0.0,10587
280120-15,original,111,0.0,0,0.05868544600938967,7811
280120-15,original,112,0.0,0,0.0,9700
280120-15,original,113,0.0,0,0.0,11601
280120-15,original,114,0.0,0,0.030927835051546393,11931
280120-15,original,115,0.0,0,0.13157894736842105,7726
280120-15,original,116,0.0,0,0.2647058823529412,6903
280120-15,original,117,0.0,0,0.11041666666666666,9706
280120-15,original,118,0.0,0,0.021634615384615384,6123
280120-15,original,119,0.0,0,0.004273504273504274,9707
280120-15,original,120,0.8848447878541412,1,0.0,13197
280120-15,original,121,0.0,0,0.08093994778067885,4119
280120-15,original,122,0.0,0,0.05605381165919283,10076
280120-15,original,123,0.88792469480806,1,0.0,12736
280120-15,original,124,0.0,0,0.0,6408
280120-15,original,125,0.0,0,0.0,5351
280120-15,fix_A_labels,1,0.9737952192253612,1,0.0,15449
280120-15,fix_A_labels,2,0.9762359593489722,1,0.0,12995
280120-15,fix_A_labels,3,0.0,0,0.0,18923
280120-15,fix_A_labels,4,0.9084403669724771,1,0.0,10794
280120-15,fix_A_labels,5,0.9616735867135101,1,0.0,6159
280120-15,fix_A_labels,6,0.9772072308095363,1,0.0,15065
280120-15,fix_A_labels,7,0.9574657700721056,1,0.0,12011
280120-15,fix_A_labels,8,0.9654504984031743,1,0.0,10248
280120-15,fix_A_labels,9,0.9672826701866868,1,0.0,10449
280120-15,fix_A_labels,10,0.9679561505217666,1,0.0,9387
280120-15,fix_A_labels,11,0.9781702417948912,1,0.0,12999
280120-15,fix_A_labels,12,0.9676408130245727,1,0.0,9756
280120-15,fix_A_labels,13,0.9652316286237118,1,0.0,10312
280120-15,fix_A_labels,14,0.930213380063911,1,0.0,9150
280120-15,fix_A_labels,15,0.712955211385517,1,0.0,9483
280120-15,fix_A_labels,16,0.0,0,0.0,19981
280120-15,fix_A_labels,17,0.9418410579021698,1,0.0,7687
280120-15,fix_A_labels,18,0.9512145543246265,1,0.0,9674
280120-15,fix_A_labels,19,0.9675658978583196,1,0.0,9643
280120-15,fix_A_labels,20,0.9685884303970345,1,0.07939914163090128,10208
280120-15,fix_A_labels,21,0.969309849572908,1,0.0,12972
280120-15,fix_A_labels,22,0.9210611452604335,1,0.0,6165
280120-15,fix_A_labels,23,0.960123036361639,1,0.0,9079
280120-15,fix_A_labels,24,0.0045704351727231946,0,0.0,23976
280120-15,fix_A_labels,25,0.9342795038997571,1,0.0,7673
280120-15,fix_A_labels,26,0.9552677259981306,1,0.0,7455
280120-15,fix_A_labels,27,0.9711616940237598,1,0.0,10917
280120-15,fix_A_labels,28,0.9108849447685242,1,0.0,8000
280120-15,fix_A_labels,29,0.9677213393870602,1,0.0,13969
280120-15,fix_A_labels,30,0.0,0,0.0,8281
280120-15,fix_A_labels,31,0.9673065124024892,1,0.0,11167
280120-15,fix_A_labels,32,0.0,0,0.0,5140
280120-15,fix_A_labels,33,0.9655933976519818,1,0.0,8512
280120-15,fix_A_labels,34,0.7176201827572507,1,0.0,9653
280120-15,fix_A_labels,35,0.9636157979074371,1,0.0,10541
280120-15,fix_A_labels,36,0.9639571382184219,1,0.0,9132
280120-15,fix_A_labels,37,0.9122705871048333,1,0.0,9744
280120-15,fix_A_labels,38,0.9636829129527783,1,0.0,10471
280120-15,fix_A_labels,39,0.9777045663499847,1,0.0,12980
280120-15,fix_A_labels,40,0.9653268765133172,1,0.0,10232
280120-15,fix_A_labels,41,0.978563695416817,1,0.0,13711
280120-15,fix_A_labels,42,0.9608478584566874,1,0.02531645569620253,11294
280120-15,fix_A_labels,43,0.9220756978934749,1,0.0,5828
280120-15,fix_A_labels,44,0.0,0,0.0,19805
280120-15,fix_A_labels,45,0.9697874265038444,1,0.0,10963
280120-15,fix_A_labels,46,0.9530232026517316,1,0.0,8596
280120-15,fix_A_labels,47,0.9612394731159577,1,0.0,9198
280120-15,fix_A_labels,48,0.9678773882007138,1,0.0,9357
280120-15,fix_A_labels,49,0.500945179584121,1,0.0,8880
280120-15,fix_A_labels,50,0.9389798928654608,1,0.0,12254
280120-15,fix_A_labels,51,0.913971807628524,1,0.0,9087
280120-15,fix_A_labels,52,0.9436076414401176,1,0.019927536231884056,10559
280120-15,fix_A_labels,53,0.9743389423076924,1,0.0,16523
280120-15,fix_A_labels,54,0.9600436681222707,1,0.0,9052
280120-15,fix_A_labels,55,0.9198464831352867,1,0.0,12624
280120-15,fix_A_labels,56,0.9395229982964225,1,0.0,14610
280120-15,fix_A_labels,57,0.842348682887593,1,0.0,8729
280120-15,fix_A_labels,58,0.9351446099912357,1,0.0,8827
280120-15,fix_A_labels,59,0.9289851963098048,1,0.1306532663316583,13684
280120-15,fix_A_labels,60,0.0,0,0.0,12534
280120-15,fix_A_labels,61,0.9700948212983224,1,0.0,10834
280120-15,fix_A_labels,62,0.9551988248872102,1,0.0,9413
280120-15,fix_A_labels,63,0.0,0,0.0,22513
280120-15,fix_A_labels,64,0.9621179134372551,1,0.0,11269
280120-15,fix_A_labels,65,0.9287883548015499,1,0.0,9131
280120-15,fix_A_labels,66,0.9609436178543461,1,0.0,10111
280120-15,fix_A_labels,67,0.7570401437986819,1,0.0,9963
280120-15,fix_A_labels,68,0.869303667078698,1,0.0,10878
280120-15,fix_A_labels,69,0.43100634632819584,0,0.0,10329
280120-15,fix_A_labels,70,0.9625651041666666,1,0.0,9112
280120-15,fix_A_labels,71,0.8166207529843893,1,0.0,9240
280120-15,fix_A_labels,72,0.8869421487603306,1,0.0,8425
280120-15,fix_A_labels,73,0.9697567389875082,1,0.0,13568
280120-15,fix_A_labels,74,0.6295548194231235,1,0.0,12268
280120-15,fix_A_labels,75,0.694831013916501,1,0.0,11937
280120-15,fix_A_labels,76,0.0,0,0.06995884773662552,10596
280120-15,fix_A_labels,77,0.5078434143583945,1,0.0,13980
280120-15,fix_A_labels,78,0.9636768694304533,1,0.0,10285
280120-15,fix_A_labels,79,0.9618971792538672,1,0.0,8659
280120-15,fix_A_labels,80,0.9381996268656716,1,0.0,8546
280120-15,fix_A_labels,81,0.9581125410042897,1,0.0,11756
280120-15,fix_A_labels,82,0.35605723935650163,0,0.0,9306
280120-15,fix_A_labels,83,0.8992329149232915,1,0.0,13017
280120-15,fix_A_labels,84,0.9398342371840785,1,0.0,9437
280120-15,fix_A_labels,85,0.004538485127261576,0,0.11940298507462686,19469
280120-15,fix_A_labels,86,0.47616835994194484,0,0.0,17012
280120-15,fix_A_labels,87,0.9538352988610019,1,0.0,9707
280120-15,fix_A_labels,88,0.9480627402098265,1,0.0,9436
280120-15,fix_A_labels,89,0.902848738194767,1,0.07276119402985075,12623
280120-15,fix_A_labels,90,0.7886540600667408,1,0.0,11615
280120-15,fix_A_labels,91,0.84450313634863,1,0.0,12860
280120-15,fix_A_labels,92,8.595495960116899e-05,0,0.004357298474945534,8279
280120-15,fix_A_labels,93,0.9631123919308358,1,0.0,17180
280120-15,fix_A_labels,94,0.9584061838593908,1,0.0,10631
280120-15,fix_A_labels,95,0.8838287752675387,1,0.0,8337
280120-15,fix_A_labels,96,0.9283945726453402,1,0.0,9627
280120-15,fix_A_labels,97,0.0,0,0.05392156862745098,14448
280120-15,fix_A_labels,98,0.9423746781765864,1,0.0,12735
280120-15,fix_A_labels,99,0.9323974879940894,1,0.0,12808
280120-15,fix_A_labels,100,0.8478244810519318,1,0.0,11700
280120-15,fix_A_labels,101,0.0,0,0.020089285714285716,8536
280120-15,fix_A_labels,102,0.0,0,0.061930783242258654,10155
280120-15,fix_A_labels,103,0.941777821049557,1,0.0,9823
280120-15,fix_A_labels,104,0.9103247293921732,1,0.0,11092
280120-15,fix_A_labels,105,0.9056392508143323,1,0.0,9165
280120-15,fix_A_labels,106,0.7602887308769661,1,0.0,9210
280120-15,fix_A_labels,107,0.7972725189090075,1,0.0,8632
280120-15,fix_A_labels,108,0.8260296057452733,1,0.0,6072
280120-15,fix_A_labels,109,0.0,0,0.18900343642611683,11489
280120-15,fix_A_labels,110,0.5195121951219512,1,0.0,10587
280120-15,fix_A_labels,111,0.8105071688422855,1,0.05868544600938967,7811
280120-15,fix_A_labels,112,0.8957654723127035,1,0.0,9700
280120-15,fix_A_labels,113,0.4991543851171781,0,0.0,11601
280120-15,fix_A_labels,114,0.08393562686710995,0,0.030927835051546393,11931
280120-15,fix_A_labels,115,0.0,0,0.13157894736842105,7726
280120-15,fix_A_labels,116,0.0001849796522382538,0,0.2647058823529412,6903
280120-15,fix_A_labels,117,0.00014739117618158592,0,0.11041666666666666,9706
280120-15,fix_A_labels,118,0.5659191141972413,1,0.021634615384615384,6123
280120-15,fix_A_labels,119,0.0,0,0.004273504273504274,9707
280120-15,fix_A_labels,120,0.8848447878541412,1,0.0,13197
280120-15,fix_A_labels,121,0.0,0,0.08093994778067885,4119
280120-15,fix_A_labels,122,0.9106914527392544,1,0.05605381165919283,10076
280120-15,fix_A_labels,123,0.88792469480806,1,0.0,12736
280120-15,fix_A_labels,124,0.0,0,0.0,6408
280120-15,fix_A_labels,125,0.0,0,0.0,5351
280120-15,fix_B_labels_local_seeds,1,0.9737952192253612,1,0.0,15449
280120-15,fix_B_labels_local_seeds,2,0.9758539008176053,1,0.0,12995
280120-15,fix_B_labels_local_seeds,3,0.0,0,0.0,18923
280120-15,fix_B_labels_local_seeds,4,0.9771748097900815,1,0.0,10794
280120-15,fix_B_labels_local_seeds,5,0.9616735867135101,1,0.0,6159
280120-15,fix_B_labels_local_seeds,6,0.977204244726844,1,0.0,15065
280120-15,fix_B_labels_local_seeds,7,0.9574657700721056,1,0.0,12011
280120-15,fix_B_labels_local_seeds,8,0.9654504984031743,1,0.0,10248
280120-15,fix_B_labels_local_seeds,9,0.9670940976805582,1,0.0,10449
280120-15,fix_B_labels_local_seeds,10,0.9675310984608897,1,0.0,9387
280120-15,fix_B_labels_local_seeds,11,0.9781702417948912,1,0.0,12999
280120-15,fix_B_labels_local_seeds,12,0.9673572511369378,1,0.0,9756
280120-15,fix_B_labels_local_seeds,13,0.9653279399017625,1,0.0,10312
280120-15,fix_B_labels_local_seeds,14,0.930213380063911,1,0.0,9150
280120-15,fix_B_labels_local_seeds,15,0.9714494112743566,1,0.0,9483
280120-15,fix_B_labels_local_seeds,16,0.0,0,0.0,19981
280120-15,fix_B_labels_local_seeds,17,0.9414784394250514,1,0.0,7687
280120-15,fix_B_labels_local_seeds,18,0.9539292630720619,1,0.0,9674
280120-15,fix_B_labels_local_seeds,19,0.9675658978583196,1,0.0,9643
280120-15,fix_B_labels_local_seeds,20,0.8164322000781555,1,0.07939914163090128,10208
280120-15,fix_B_labels_local_seeds,21,0.9692365835222978,1,0.0,12972
280120-15,fix_B_labels_local_seeds,22,0.9210611452604335,1,0.0,6165
280120-15,fix_B_labels_local_seeds,23,0.960123036361639,1,0.0,9079
280120-15,fix_B_labels_local_seeds,24,0.0045704351727231946,0,0.0,23976
280120-15,fix_B_labels_local_seeds,25,0.9342795038997571,1,0.0,7673
280120-15,fix_B_labels_local_seeds,26,0.9555347843503805,1,0.0,7455
280120-15,fix_B_labels_local_seeds,27,0.9701072142467745,1,0.0,10917
280120-15,fix_B_labels_local_seeds,28,0.9192847386067304,1,0.0,8000
280120-15,fix_B_labels_local_seeds,29,0.9676526920621409,1,0.0,13969
280120-15,fix_B_labels_local_seeds,30,0.0,0,0.0,8281
280120-15,fix_B_labels_local_seeds,31,0.9676457693993862,1,0.0,11167
280120-15,fix_B_labels_local_seeds,32,0.0,0,0.0,5140
280120-15,fix_B_labels_local_seeds,33,0.9655933976519818,1,0.0,8512
280120-15,fix_B_labels_local_seeds,34,0.9377909856364537,1,0.0,9653
280120-15,fix_B_labels_local_seeds,35,0.9638985766801772,1,0.0,10541
280120-15,fix_B_labels_local_seeds,36,0.964053702901689,1,0.0,9132
280120-15,fix_B_labels_local_seeds,37,0.9262983209683717,1,0.0,9744
280120-15,fix_B_labels_local_seeds,38,0.9638725583159492,1,0.0,10471
280120-15,fix_B_labels_local_seeds,39,0.9779361066421512,1,0.0,12980
280120-15,fix_B_labels_local_seeds,40,0.9650397055975208,1,0.0,10232
280120-15,fix_B_labels_local_seeds,41,0.9787049736519166,1,0.0,13711
280120-15,fix_B_labels_local_seeds,42,0.9321240491515506,1,0.02531645569620253,11294
280120-15,fix_B_labels_local_seeds,43,0.9220756978934749,1,0.0,5828
280120-15,fix_B_labels_local_seeds,44,0.0,0,0.0,19805
280120-15,fix_B_labels_local_seeds,45,0.9697874265038444,1,0.0,10963
280120-15,fix_B_labels_local_seeds,46,0.9527946050977254,1,0.0,8596
280120-15,fix_B_labels_local_seeds,47,0.9611440906637885,1,0.0,9198
280120-15,fix_B_labels_local_seeds,48,0.9680806383872322,1,0.0,9357
280120-15,fix_B_labels_local_seeds,49,0.8995324675324675,1,0.0,8880
280120-15,fix_B_labels_local_seeds,50,0.9387612542688606,1,0.0,12254
280120-15,fix_B_labels_local_seeds,51,0.913971807628524,1,0.0,9087
280120-15,fix_B_labels_local_seeds,52,0.9020743786208185,1,0.019927536231884056,10559
280120-15,fix_B_labels_local_seeds,53,0.9740384615384615,1,0.0,16523
280120-15,fix_B_labels_local_seeds,54,0.9598384808468842,1,0.0,9052
280120-15,fix_B_labels_local_seeds,55,0.9430752948291503,1,0.0,12624
280120-15,fix_B_labels_local_seeds,56,0.9401205450733753,1,0.0,14610
280120-15,fix_B_labels_local_seeds,57,0.8424492258194249,1,0.0,8729
280120-15,fix_B_labels_local_seeds,58,0.9351446099912357,1,0.0,8827
280120-15,fix_B_labels_local_seeds,59,0.0,0,0.1306532663316583,13684
280120-15,fix_B_labels_local_seeds,60,0.0,0,0.0,12534
280120-15,fix_B_labels_local_seeds,61,0.9705641119110544,1,0.0,10834
280120-15,fix_B_labels_local_seeds,62,0.9595345424048642,1,0.0,9413
280120-15,fix_B_labels_local_seeds,63,0.0,0,0.0,22513
280120-15,fix_B_labels_local_seeds,64,0.9621179134372551,1,0.0,11269
280120-15,fix_B_labels_local_seeds,65,0.928287269681742,1,0.0,9131
280120-15,fix_B_labels_local_seeds,66,0.9608572267345141,1,0.0,10111
280120-15,fix_B_labels_local_seeds,67,0.7669263031755542,1,0.0,9963
280120-15,fix_B_labels_local_seeds,68,0.869303667078698,1,0.0,10878
280120-15,fix_B_labels_local_seeds,69,0.9478726401803325,1,0.0,10329
280120-15,fix_B_labels_local_seeds,70,0.9120879120879121,1,0.0,9112
280120-15,fix_B_labels_local_seeds,71,0.0,0,0.0,9240
280120-15,fix_B_labels_local_seeds,72,0.9397477814105558,1,0.0,8425
280120-15,fix_B_labels_local_seeds,73,0.8153136666422663,1,0.0,13568
280120-15,fix_B_labels_local_seeds,74,0.942010412494994,1,0.0,12268
280120-15,fix_B_labels_local_seeds,75,0.9429817344084253,1,0.0,11937
280120-15,fix_B_labels_local_seeds,76,0.0,0,0.06995884773662552,10596
280120-15,fix_B_labels_local_seeds,77,0.9691929824561404,1,0.0,13980
280120-15,fix_B_labels_local_seeds,78,0.9625145292522278,1,0.0,10285
280120-15,fix_B_labels_local_seeds,79,0.9592605272167066,1,0.0,8659
280120-15,fix_B_labels_local_seeds,80,0.9381996268656716,1,0.0,8546
280120-15,fix_B_labels_local_seeds,81,0.8493312021536132,1,0.0,11756
280120-15,fix_B_labels_local_seeds,82,0.9555555555555556,1,0.0,9306
280120-15,fix_B_labels_local_seeds,83,0.8992329149232915,1,0.0,13017
280120-15,fix_B_labels_local_seeds,84,0.9398342371840785,1,0.0,9437
280120-15,fix_B_labels_local_seeds,85,0.0,0,0.11940298507462686,19469
280120-15,fix_B_labels_local_seeds,86,0.40266651073036663,0,0.0,17012
280120-15,fix_B_labels_local_seeds,87,0.9527693856998993,1,0.0,9707
280120-15,fix_B_labels_local_seeds,88,0.9470184915852898,1,0.0,9436
280120-15,fix_B_labels_local_seeds,89,0.9027713268307788,1,0.07276119402985075,12623
280120-15,fix_B_labels_local_seeds,90,0.9500213583938488,1,0.0,11615
280120-15,fix_B_labels_local_seeds,91,0.84450313634863,1,0.0,12860
280120-15,fix_B_labels_local_seeds,92,8.590696275933165e-05,0,0.004357298474945534,8279
280120-15,fix_B_labels_local_seeds,93,0.0,0,0.0,17180
280120-15,fix_B_labels_local_seeds,94,0.0,0,0.0,10631
280120-15,fix_B_labels_local_seeds,95,0.0,0,0.0,8337
280120-15,fix_B_labels_local_seeds,96,0.9283945726453402,1,0.0,9627
280120-15,fix_B_labels_local_seeds,97,0.9226374203717082,1,0.05392156862745098,14448
280120-15,fix_B_labels_local_seeds,98,0.9423746781765864,1,0.0,12735
280120-15,fix_B_labels_local_seeds,99,0.9326041974578776,1,0.0,12808
280120-15,fix_B_labels_local_seeds,100,0.847949759881788,1,0.0,11700
280120-15,fix_B_labels_local_seeds,101,0.0,0,0.020089285714285716,8536
280120-15,fix_B_labels_local_seeds,102,0.0,0,0.061930783242258654,10155
280120-15,fix_B_labels_local_seeds,103,0.941777821049557,1,0.0,9823
280120-15,fix_B_labels_local_seeds,104,0.9103247293921732,1,0.0,11092
280120-15,fix_B_labels_local_seeds,105,0.9051109753614335,1,0.0,9165
280120-15,fix_B_labels_local_seeds,106,0.9587318645889307,1,0.0,9210
280120-15,fix_B_labels_local_seeds,107,0.901518485915493,1,0.0,8632
280120-15,fix_B_labels_local_seeds,108,0.8293325526932084,1,0.0,6072
280120-15,fix_B_labels_local_seeds,109,0.0,0,0.18900343642611683,11489
280120-15,fix_B_labels_local_seeds,110,0.783748361730013,1,0.0,10587
280120-15,fix_B_labels_local_seeds,111,0.0,0,0.05868544600938967,7811
280120-15,fix_B_labels_local_seeds,112,0.8975614439324117,1,0.0,9700
280120-15,fix_B_labels_local_seeds,113,0.0,0,0.0,11601
280120-15,fix_B_labels_local_seeds,114,0.08827214031030163,0,0.030927835051546393,11931
280120-15,fix_B_labels_local_seeds,115,0.0,0,0.13157894736842105,7726
280120-15,fix_B_labels_local_seeds,116,0.00018511662347278786,0,0.2647058823529412,6903
280120-15,fix_B_labels_local_seeds,117,0.0,0,0.11041666666666666,9706
280120-15,fix_B_labels_local_seeds,118,0.5611798641481344,1,0.021634615384615384,6123
280120-15,fix_B_labels_local_seeds,119,0.0,0,0.004273504273504274,9707
280120-15,fix_B_labels_local_seeds,120,0.8846961587968295,1,0.0,13197
280120-15,fix_B_labels_local_seeds,121,0.02107135158439319,0,0.08093994778067885,4119
280120-15,fix_B_labels_local_seeds,122,0.0,0,0.05605381165919283,10076
280120-15,fix_B_labels_local_seeds,123,0.8880877050989625,1,0.0,12736
280120-15,fix_B_labels_local_seeds,124,0.0,0,0.0,6408
280120-15,fix_B_labels_local_seeds,125,0.0,0,0.0,5351
280120-15,cellpose_sam,1,0.9465139076093616,1,0.0,15449
280120-15,cellpose_sam,2,0.9635204270779268,1,0.0,12995
280120-15,cellpose_sam,3,0.957884079979752,1,0.0,18923
280120-15,cellpose_sam,4,0.9500088012673825,1,0.0,10794
280120-15,cellpose_sam,5,0.9618809561006093,1,0.0,6159
280120-15,cellpose_sam,6,0.9512533939508745,1,0.0,15065
280120-15,cellpose_sam,7,0.9723841917719469,1,0.0,12011
280120-15,cellpose_sam,8,0.9689841601062317,1,0.0,10248
280120-15,cellpose_sam,9,0.9666944213155704,1,0.0,10449
280120-15,cellpose_sam,10,0.9474162293096487,1,0.0,9387
280120-15,cellpose_sam,11,0.9447634275746783,1,0.0,12999
280120-15,cellpose_sam,12,0.9468983593825843,1,0.0,9756
280120-15,cellpose_sam,13,0.9691468347286238,1,0.0,10312
280120-15,cellpose_sam,14,0.944467382328654,1,0.0,9150
280120-15,cellpose_sam,15,0.956100514683621,1,0.0,9483
280120-15,cellpose_sam,16,0.9667134355798539,1,0.0,19981
280120-15,cellpose_sam,17,0.9189479976090855,1,0.0,7687
280120-15,cellpose_sam,18,0.9451880801172448,1,0.0,9674
280120-15,cellpose_sam,19,0.9620796327711805,1,0.0,9643
280120-15,cellpose_sam,20,0.9702499762380002,1,0.07939914163090128,10208
280120-15,cellpose_sam,21,0.9531990521327014,1,0.0,12972
280120-15,cellpose_sam,22,0.0,0,0.0,6165
280120-15,cellpose_sam,23,0.9570629813271442,1,0.0,9079
280120-15,cellpose_sam,24,0.9601842579611456,1,0.0,23976
280120-15,cellpose_sam,25,0.9790515357923146,1,0.0,7673
280120-15,cellpose_sam,26,0.93626138189609,1,0.0,7455
280120-15,cellpose_sam,27,0.9567922874671341,1,0.0,10917
280120-15,cellpose_sam,28,0.9532967032967034,1,0.0,8000
280120-15,cellpose_sam,29,0.9513690232938292,1,0.0,13969
280120-15,cellpose_sam,30,0.9579130434782609,1,0.0,8281
280120-15,cellpose_sam,31,0.9490472949982988,1,0.0,11167
280120-15,cellpose_sam,32,0.9624060150375939,1,0.0,5140
280120-15,cellpose_sam,33,0.9527550091074681,1,0.0,8512
280120-15,cellpose_sam,34,0.9438740588637919,1,0.0,9653
280120-15,cellpose_sam,35,0.933493804047428,1,0.0,10541
280120-15,cellpose_sam,36,0.9573151546932355,1,0.0,9132
280120-15,cellpose_sam,37,0.9431288819875776,1,0.0,9744
280120-15,cellpose_sam,38,0.9306728290818594,1,0.0,10471
280120-15,cellpose_sam,39,0.9438627108784177,1,0.0,12980
280120-15,cellpose_sam,40,0.927231536021749,1,0.0,10232
280120-15,cellpose_sam,41,0.9665139231582658,1,0.0,13711
280120-15,cellpose_sam,42,0.9414804934978326,1,0.02531645569620253,11294
280120-15,cellpose_sam,43,0.8109128345916267,1,0.0,5828
280120-15,cellpose_sam,44,0.9612211221122112,1,0.0,19805
280120-15,cellpose_sam,45,0.9607894736842105,1,0.0,10963
280120-15,cellpose_sam,46,0.9455325704225352,1,0.0,8596
280120-15,cellpose_sam,47,0.9474609576998656,1,0.0,9198
280120-15,cellpose_sam,48,0.9572702121118967,1,0.0,9357
280120-15,cellpose_sam,49,0.9522939722789299,1,0.0,8880
280120-15,cellpose_sam,50,0.9208333333333333,1,0.0,12254
280120-15,cellpose_sam,51,0.9652421029620724,1,0.0,9087
280120-15,cellpose_sam,52,0.9377459749552772,1,0.019927536231884056,10559
280120-15,cellpose_sam,53,0.96625533656939,1,0.0,16523
280120-15,cellpose_sam,54,0.9557222868012258,1,0.0,9052
280120-15,cellpose_sam,55,0.9481748535376295,1,0.0,12624
280120-15,cellpose_sam,56,0.9536818658280922,1,0.0,14610
280120-15,cellpose_sam,57,0.9393906538002819,1,0.0,8729
280120-15,cellpose_sam,58,0.9384844614729673,1,0.0,8827
280120-15,cellpose_sam,59,0.9362983236400958,1,0.1306532663316583,13684
280120-15,cellpose_sam,60,0.9384546271338724,1,0.0,12534
280120-15,cellpose_sam,61,0.9434550311665183,1,0.0,10834
280120-15,cellpose_sam,62,0.9485702738203496,1,0.0,9413
280120-15,cellpose_sam,63,0.9516804058338617,1,0.0,22513
280120-15,cellpose_sam,64,0.966168982480366,1,0.0,11269
280120-15,cellpose_sam,65,0.9405265875064532,1,0.0,9131
280120-15,cellpose_sam,66,0.9496723957838762,1,0.0,10111
280120-15,cellpose_sam,67,0.945615034168565,1,0.0,9963
280120-15,cellpose_sam,68,0.9260836242868091,1,0.0,10878
280120-15,cellpose_sam,69,0.97671777399205,1,0.0,10329
280120-15,cellpose_sam,70,0.9453262786596119,1,0.0,9112
280120-15,cellpose_sam,71,0.941068515497553,1,0.0,9240
280120-15,cellpose_sam,72,0.9143354740394035,1,0.0,8425
280120-15,cellpose_sam,73,0.9611264808115202,1,0.0,13568
280120-15,cellpose_sam,74,0.9473887515451175,1,0.0,12268
280120-15,cellpose_sam,75,0.9564937157589429,1,0.0,11937
280120-15,cellpose_sam,76,0.937118599097904,1,0.06995884773662552,10596
280120-15,cellpose_sam,77,0.952037062270064,1,0.0,13980
280120-15,cellpose_sam,78,0.9528441726885306,1,0.0,10285
280120-15,cellpose_sam,79,0.9153080669066271,1,0.0,8659
280120-15,cellpose_sam,80,0.9363780958872984,1,0.0,8546
280120-15,cellpose_sam,81,0.955255450699642,1,0.0,11756
280120-15,cellpose_sam,82,0.934439416792358,1,0.0,9306
280120-15,cellpose_sam,83,0.9350621363407802,1,0.0,13017
280120-15,cellpose_sam,84,0.9503524672708963,1,0.0,9437
280120-15,cellpose_sam,85,0.951828724353256,1,0.11940298507462686,19469
280120-15,cellpose_sam,86,0.9361620163997578,1,0.0,17012
280120-15,cellpose_sam,87,0.9418615937105698,1,0.0,9707
280120-15,cellpose_sam,88,0.9507915700312595,1,0.0,9436
280120-15,cellpose_sam,89,0.9655091689426454,1,0.07276119402985075,12623
280120-15,cellpose_sam,90,0.9553807947019868,1,0.0,11615
280120-15,cellpose_sam,91,0.9488674094296465,1,0.0,12860
280120-15,cellpose_sam,92,0.9377631129821368,1,0.004357298474945534,8279
280120-15,cellpose_sam,93,0.9524337509701741,1,0.0,17180
280120-15,cellpose_sam,94,0.9398230088495575,1,0.0,10631
280120-15,cellpose_sam,95,0.9063417817904927,1,0.0,8337
280120-15,cellpose_sam,96,0.9653753512645524,1,0.0,9627
280120-15,cellpose_sam,97,0.9090165481658592,1,0.05392156862745098,14448
280120-15,cellpose_sam,98,0.9544330360488645,1,0.0,12735
280120-15,cellpose_sam,99,0.9569707401032702,1,0.0,12808
280120-15,cellpose_sam,100,0.8194619588062211,1,0.0,11700
280120-15,cellpose_sam,101,0.895864106351551,1,0.020089285714285716,8536
280120-15,cellpose_sam,102,0.931636633847297,1,0.061930783242258654,10155
280120-15,cellpose_sam,103,0.9291524782444193,1,0.0,9823
280120-15,cellpose_sam,104,0.9222426163857834,1,0.0,11092
280120-15,cellpose_sam,105,0.8964673647127899,1,0.0,9165
280120-15,cellpose_sam,106,0.9536403235843186,1,0.0,9210
280120-15,cellpose_sam,107,0.9211748191340028,1,0.0,8632
280120-15,cellpose_sam,108,0.7107573451948964,1,0.0,6072
280120-15,cellpose_sam,109,0.9082605884254769,1,0.18900343642611683,11489
280120-15,cellpose_sam,110,0.9382002489774142,1,0.0,10587
280120-15,cellpose_sam,111,0.9316874400767018,1,0.05868544600938967,7811
280120-15,cellpose_sam,112,0.9067962980274843,1,0.0,9700
280120-15,cellpose_sam,113,0.9501079196413748,1,0.0,11601
280120-15,cellpose_sam,114,0.09833289229955014,0,0.030927835051546393,11931
280120-15,cellpose_sam,115,0.9128162489606841,1,0.13157894736842105,7726
280120-15,cellpose_sam,116,0.8951020952889364,1,0.2647058823529412,6903
280120-15,cellpose_sam,117,0.9202919427638528,1,0.11041666666666666,9706
280120-15,cellpose_sam,118,0.6862236263116326,1,0.021634615384615384,6123
280120-15,cellpose_sam,119,0.9307063911580971,1,0.004273504273504274,9707
280120-15,cellpose_sam,120,0.8992844974446337,1,0.0,13197
280120-15,cellpose_sam,121,0.010911846425865117,0,0.08093994778067885,4119
280120-15,cellpose_sam,122,0.9720191089012382,1,0.05605381165919283,10076
280120-15,cellpose_sam,123,0.9377606177606178,1,0.0,12736
280120-15,cellpose_sam,124,0.0,0,0.0,6408
280120-15,cellpose_sam,125,0.0,0,0.0,5351
280120-18,original,1,0.9744973452867961,1,0.0,11331
280120-18,original,2,0.9743289409468033,1,0.0,10163
280120-18,original,3,0.8522195318805488,1,0.0,12309
280120-18,original,4,0.0,0,0.0,17661
280120-18,original,5,0.9755995304376991,1,0.0,11765
280120-18,original,6,0.9818385470837667,1,0.0,12357
280120-18,original,7,0.9750159642401022,1,0.0,12310
280120-18,original,8,0.9793737574552683,1,0.0,11893
280120-18,original,9,0.9810516703447226,1,0.0,12981
280120-18,original,10,0.9757249456881081,1,0.0,10428
280120-18,original,11,0.9759542626534387,1,0.0,11779
280120-18,original,12,0.9797368818992893,1,0.0,13000
280120-18,original,13,0.9772256728778468,1,0.0,10007
280120-18,original,14,0.9769193391642371,1,0.0,8148
280120-18,original,15,0.0,0,0.0,14069
280120-18,original,16,0.979655372140168,1,0.0,13648
280120-18,original,17,0.978974358974359,1,0.0,13385
280120-18,original,18,0.9813645464346219,1,0.0,12864
280120-18,original,19,0.9783015656909462,1,0.0,11618
280120-18,original,20,0.9693144722524483,1,0.0,9033
280120-18,original,21,0.0,0,0.0,12801
280120-18,original,22,0.9823924362839134,1,0.0,14406
280120-18,original,23,0.9778338772243088,1,0.0,15968
280120-18,original,24,0.9807709270530123,1,0.0,11212
280120-18,original,25,0.9768903011482631,1,0.0,13596
280120-18,original,26,0.9776575729068674,1,0.0,12570
280120-18,original,27,0.981261078754115,1,0.0,11721
280120-18,original,28,0.861,1,0.0,15881
280120-18,original,29,0.9799043909348442,1,0.0,11223
280120-18,original,30,0.9850719424460431,1,0.0,11028
280120-18,original,31,0.9770293767731307,1,0.0,10733
280120-18,original,32,0.9785464387088256,1,0.0,14868
280120-18,original,33,0.9805355303810505,1,0.0,9619
280120-18,original,34,0.9761109952013353,1,0.0,9500
280120-18,original,35,0.9804100547675888,1,0.0,14014
280120-18,original,36,0.9787603390176657,1,0.0,9699
280120-18,original,37,0.9779947427713106,1,0.0,13101
280120-18,original,38,0.9787582975400234,1,0.0,12622
280120-18,original,39,0.9800528719057918,1,0.0,12324
280120-18,original,40,0.9728633811603243,1,0.0,12531
280120-18,original,41,0.0,0,0.0,13692
280120-18,original,42,0.9829311359623308,1,0.0,11748
280120-18,original,43,0.0,0,0.05188679245283019,8954
280120-18,original,44,0.9793128925009236,1,0.0,10662
280120-18,original,45,0.9797971795278085,1,0.0,12453
280120-18,original,46,0.9756072457801565,1,0.0,9586
280120-18,original,47,0.0,0,0.0,4025
280120-18,original,48,0.9603994490358126,1,0.0,14470
280120-18,original,49,0.9805930308058581,1,0.0,13669
280120-18,original,50,0.982998757601517,1,0.0,15085
280120-18,original,51,0.982079826228618,1,0.0,10950
280120-18,original,52,0.0,0,0.0,4247
280120-18,original,53,0.0,0,0.0,9970
280120-18,original,54,0.6674008810572687,1,0.0,13054
280120-18,original,55,0.9758812615955473,1,0.0,9509
280120-18,original,56,0.9790949649458254,1,0.0,7809
280120-18,original,57,0.9770047858059998,1,0.0,8509
280120-18,original,58,0.962924071082391,1,0.0,11989
280120-18,original,59,0.9480499924710134,1,0.0,6563
280120-18,original,60,0.9787133841951587,1,0.0,10533
280120-18,original,61,0.9833528722157092,1,0.0,12680
280120-18,original,62,0.0,0,0.0,16508
280120-18,original,63,0.973836753877487,1,0.0,12589
280120-18,original,64,0.9814022255077426,1,0.0,12679
280120-18,original,65,0.9780339475356268,1,0.0,10915
280120-18,original,66,0.9743563547200654,1,0.0,9692
280120-18,original,67,0.9767023624621924,1,0.0,12030
280120-18,original,68,0.0,0,0.1015625,12715
280120-18,original,69,0.0,0,0.002232142857142857,9758
280120-18,original,70,0.9493237150586114,1,0.0,5459
280120-18,original,71,0.982367447595561,1,0.0,16014
280120-18,original,72,0.9666786098172698,1,0.0,8223
280120-18,original,73,0.9805529831988358,1,0.0,14909
280120-18,original,74,0.972590451510017,1,0.0,9966
280120-18,original,75,0.9745442418852823,1,0.0,8943
280120-18,original,76,0.968022024565862,1,0.0,9193
280120-18,original,77,0.971380872883377,1,0.0,8311
280120-18,original,78,0.0,0,0.029411764705882353,11399
280120-18,original,79,0.979466252105195,1,0.0,15255
280120-18,original,80,0.0,0,0.03625954198473282,13574
280120-18,original,81,0.982386039305227,1,0.0,12099
280120-18,original,82,0.9770770867588742,1,0.0,10195
280120-18,original,83,0.9727523116269919,1,0.0,10053
280120-18,original,84,0.9712864102829896,1,0.0,9474
280120-18,original,85,0.9628057408530423,1,0.0,9823
280120-18,original,86,0.9128787878787878,1,0.0,8107
280120-18,original,87,0.9754653130287648,1,0.0,11613
280120-18,original,88,0.9665417057169634,1,0.0,10418
280120-18,original,89,0.9780451127819549,1,0.0,9863
280120-18,original,90,0.9769966399586456,1,0.0,11419
280120-18,original,91,0.9690260660922674,1,0.0,9098
280120-18,original,92,0.9813283314860602,1,0.0,11660
280120-18,original,93,0.9807240625253097,1,0.0,12228
280120-18,original,94,0.9386337991493794,1,0.0,11011
280120-18,original,95,0.0,0,0.0,13439
280120-18,original,96,0.0,0,0.029661016949152543,10905
280120-18,original,97,0.9778832378223495,1,0.0,10942
280120-18,original,98,0.0,0,0.004739336492890996,8395
280120-18,original,99,0.0,0,0.004366812227074236,10004
280120-18,original,100,0.0,0,0.10743801652892562,11081
280120-18,original,101,0.81725584182145,1,0.0,14905
280120-18,original,102,0.965136229496946,1,0.0,14076
280120-18,original,103,0.0,0,0.040339702760084924,9741
280120-18,original,104,0.9764278537754076,1,0.0,12690
280120-18,original,105,0.0,0,0.20575221238938052,10158
280120-18,original,106,0.9498835926969734,1,0.0,7892
280120-18,original,107,0.965665896843726,1,0.0,6455
280120-18,original,108,0.9682060390763766,1,0.0,11122
280120-18,original,109,0.0,0,0.0,4378
280120-18,original,110,0.9685466377440347,1,0.0,7301
280120-18,original,111,0.9733370754981757,1,0.0,10576
280120-18,original,112,0.0,0,0.19791666666666666,10439
280120-18,original,113,0.966282165039929,1,0.0,9919
280120-18,original,114,0.9680981595092024,1,0.0,9715
280120-18,original,115,0.0,0,0.0,9443
280120-18,original,116,0.969149804917884,1,0.0,10908
280120-18,original,117,0.0,0,0.0,11538
280120-18,original,118,0.0,0,0.03177966101694915,10528
280120-18,original,119,0.0,0,0.0020408163265306124,8162
280120-18,original,120,0.0,0,0.047311827956989246,9067
280120-18,original,121,0.9778833743986859,1,0.0,16746
280120-18,original,122,0.954229571052001,1,0.0,8241
280120-18,original,123,0.977029346848688,1,0.0,12080
280120-18,original,124,0.0,0,0.0,17192
280120-18,original,125,0.9361591807634974,1,0.0,14546
280120-18,original,126,0.0,0,0.025597269624573378,16325
280120-18,original,127,0.0,0,0.0,19609
280120-18,original,128,0.0,0,0.0,9528
280120-18,original,129,0.0,0,0.0,6565
280120-18,original,130,0.5319235738083906,1,0.0,14702
280120-18,original,131,0.9545121823695493,1,0.0,9295
280120-18,original,132,0.0,0,0.0,10302
280120-18,fix_A_labels,1,0.9744973452867961,1,0.0,11331
280120-18,fix_A_labels,2,0.9743289409468033,1,0.0,10163
280120-18,fix_A_labels,3,0.8326069410815173,1,0.0,12309
280120-18,fix_A_labels,4,0.0,0,0.0,17661
280120-18,fix_A_labels,5,0.9755995304376991,1,0.0,11765
280120-18,fix_A_labels,6,0.9818385470837667,1,0.0,12357
280120-18,fix_A_labels,7,0.9750159642401022,1,0.0,12310
280120-18,fix_A_labels,8,0.9793737574552683,1,0.0,11893
280120-18,fix_A_labels,9,0.9810516703447226,1,0.0,12981
280120-18,fix_A_labels,10,0.9757249456881081,1,0.0,10428
280120-18,fix_A_labels,11,0.9759542626534387,1,0.0,11779
280120-18,fix_A_labels,12,0.9797368818992893,1,0.0,13000
280120-18,fix_A_labels,13,0.9772256728778468,1,0.0,10007
280120-18,fix_A_labels,14,0.9769193391642371,1,0.0,8148
280120-18,fix_A_labels,15,0.944811747512005,1,0.0,14069
280120-18,fix_A_labels,16,0.979655372140168,1,0.0,13648
280120-18,fix_A_labels,17,0.978974358974359,1,0.0,13385
280120-18,fix_A_labels,18,0.9813645464346219,1,0.0,12864
280120-18,fix_A_labels,19,0.9783015656909462,1,0.0,11618
280120-18,fix_A_labels,20,0.9693144722524483,1,0.0,9033
280120-18,fix_A_labels,21,0.9827053736874614,1,0.0,12801
280120-18,fix_A_labels,22,0.9823924362839134,1,0.0,14406
280120-18,fix_A_labels,23,0.9778338772243088,1,0.0,15968
280120-18,fix_A_labels,24,0.9807709270530123,1,0.0,11212
280120-18,fix_A_labels,25,0.9768903011482631,1,0.0,13596
280120-18,fix_A_labels,26,0.9776575729068674,1,0.0,12570
280120-18,fix_A_labels,27,0.981261078754115,1,0.0,11721
280120-18,fix_A_labels,28,0.861,1,0.0,15881
280120-18,fix_A_labels,29,0.6690909090909091,1,0.0,11223
280120-18,fix_A_labels,30,0.9850719424460431,1,0.0,11028
280120-18,fix_A_labels,31,0.9404696385984223,1,0.0,10733
280120-18,fix_A_labels,32,0.9785464387088256,1,0.0,14868
280120-18,fix_A_labels,33,0.9805355303810505,1,0.0,9619
280120-18,fix_A_labels,34,0.9761109952013353,1,0.0,9500
280120-18,fix_A_labels,35,0.9804100547675888,1,0.0,14014
280120-18,fix_A_labels,36,0.9787603390176657,1,0.0,9699
280120-18,fix_A_labels,37,0.9779947427713106,1,0.0,13101
280120-18,fix_A_labels,38,0.8021402905795969,1,0.0,12622
280120-18,fix_A_labels,39,0.9800528719057918,1,0.0,12324
280120-18,fix_A_labels,40,0.9728633811603243,1,0.0,12531
280120-18,fix_A_labels,41,0.9030996523754345,1,0.0,13692
280120-18,fix_A_labels,42,0.9829311359623308,1,0.0,11748
280120-18,fix_A_labels,43,0.0,0,0.05188679245283019,8954
280120-18,fix_A_labels,44,0.9793128925009236,1,0.0,10662
280120-18,fix_A_labels,45,0.9797971795278085,1,0.0,12453
280120-18,fix_A_labels,46,0.9756072457801565,1,0.0,9586
280120-18,fix_A_labels,47,0.0,0,0.0,4025
280120-18,fix_A_labels,48,0.9603994490358126,1,0.0,14470
280120-18,fix_A_labels,49,0.9805930308058581,1,0.0,13669
280120-18,fix_A_labels,50,0.982998757601517,1,0.0,15085
280120-18,fix_A_labels,51,0.982079826228618,1,0.0,10950
280120-18,fix_A_labels,52,0.0,0,0.0,4247
280120-18,fix_A_labels,53,0.9682696097753252,1,0.0,9970
280120-18,fix_A_labels,54,0.6674008810572687,1,0.0,13054
280120-18,fix_A_labels,55,0.9758812615955473,1,0.0,9509
280120-18,fix_A_labels,56,0.9790949649458254,1,0.0,7809
280120-18,fix_A_labels,57,0.9770047858059998,1,0.0,8509
280120-18,fix_A_labels,58,0.5868038543197779,1,0.0,11989
280120-18,fix_A_labels,59,0.9480499924710134,1,0.0,6563
280120-18,fix_A_labels,60,0.9787133841951587,1,0.0,10533
280120-18,fix_A_labels,61,0.9833528722157092,1,0.0,12680
280120-18,fix_A_labels,62,0.0,0,0.0,16508
280120-18,fix_A_labels,63,0.6923620378365649,1,0.0,12589
280120-18,fix_A_labels,64,0.7544406357120599,1,0.0,12679
280120-18,fix_A_labels,65,0.9780339475356268,1,0.0,10915
280120-18,fix_A_labels,66,0.9743563547200654,1,0.0,9692
280120-18,fix_A_labels,67,0.6946176567115195,1,0.0,12030
280120-18,fix_A_labels,68,0.9749051196654016,1,0.1015625,12715
280120-18,fix_A_labels,69,0.9747285090835278,1,0.002232142857142857,9758
280120-18,fix_A_labels,70,0.9493237150586114,1,0.0,5459
280120-18,fix_A_labels,71,0.982367447595561,1,0.0,16014
280120-18,fix_A_labels,72,0.0,0,0.0,8223
280120-18,fix_A_labels,73,0.9805529831988358,1,0.0,14909
280120-18,fix_A_labels,74,0.972590451510017,1,0.0,9966
280120-18,fix_A_labels,75,0.9745442418852823,1,0.0,8943
280120-18,fix_A_labels,76,0.968022024565862,1,0.0,9193
280120-18,fix_A_labels,77,0.971380872883377,1,0.0,8311
280120-18,fix_A_labels,78,0.95233539184135,1,0.029411764705882353,11399
280120-18,fix_A_labels,79,0.979466252105195,1,0.0,15255
280120-18,fix_A_labels,80,0.9667154352596927,1,0.03625954198473282,13574
280120-18,fix_A_labels,81,0.982386039305227,1,0.0,12099
280120-18,fix_A_labels,82,0.9770770867588742,1,0.0,10195
280120-18,fix_A_labels,83,0.9727523116269919,1,0.0,10053
280120-18,fix_A_labels,84,0.9712864102829896,1,0.0,9474
280120-18,fix_A_labels,85,0.9628057408530423,1,0.0,9823
280120-18,fix_A_labels,86,0.9128787878787878,1,0.0,8107
280120-18,fix_A_labels,87,0.9754653130287648,1,0.0,11613
280120-18,fix_A_labels,88,0.5123480243161094,1,0.0,10418
280120-18,fix_A_labels,89,0.9780451127819549,1,0.0,9863
280120-18,fix_A_labels,90,0.9769966399586456,1,0.0,11419
280120-18,fix_A_labels,91,0.9690260660922674,1,0.0,9098
280120-18,fix_A_labels,92,0.9813283314860602,1,0.0,11660
280120-18,fix_A_labels,93,0.9807240625253097,1,0.0,12228
280120-18,fix_A_labels,94,0.9386337991493794,1,0.0,11011
280120-18,fix_A_labels,95,0.8160994764397905,1,0.0,13439
280120-18,fix_A_labels,96,0.9553658753445363,1,0.029661016949152543,10905
280120-18,fix_A_labels,97,0.9778832378223495,1,0.0,10942
280120-18,fix_A_labels,98,0.5086892669195937,1,0.004739336492890996,8395
280120-18,fix_A_labels,99,0.40848393843513703,0,0.004366812227074236,10004
280120-18,fix_A_labels,100,0.9756446991404012,1,0.10743801652892562,11081
280120-18,fix_A_labels,101,0.4072316535222564,0,0.0,14905
280120-18,fix_A_labels,102,0.965136229496946,1,0.0,14076
280120-18,fix_A_labels,103,0.9407452043788289,1,0.040339702760084924,9741
280120-18,fix_A_labels,104,0.9764278537754076,1,0.0,12690
280120-18,fix_A_labels,105,0.0,0,0.20575221238938052,10158
280120-18,fix_A_labels,106,0.9498835926969734,1,0.0,7892
280120-18,fix_A_labels,107,0.965665896843726,1,0.0,6455
280120-18,fix_A_labels,108,0.9682060390763766,1,0.0,11122
280120-18,fix_A_labels,109,0.0,0,0.0,4378
280120-18,fix_A_labels,110,0.9685466377440347,1,0.0,7301
280120-18,fix_A_labels,111,0.9733370754981757,1,0.0,10576
280120-18,fix_A_labels,112,0.0,0,0.19791666666666666,10439
280120-18,fix_A_labels,113,0.966282165039929,1,0.0,9919
280120-18,fix_A_labels,114,0.9680981595092024,1,0.0,9715
280120-18,fix_A_labels,115,0.9612435668522215,1,0.0,9443
280120-18,fix_A_labels,116,0.969149804917884,1,0.0,10908
280120-18,fix_A_labels,117,0.9687207022926788,1,0.0,11538
280120-18,fix_A_labels,118,0.0,0,0.03177966101694915,10528
280120-18,fix_A_labels,119,0.9378421116652476,1,0.0020408163265306124,8162
280120-18,fix_A_labels,120,0.0,0,0.047311827956989246,9067
280120-18,fix_A_labels,121,0.9778833743986859,1,0.0,16746
280120-18,fix_A_labels,122,0.954229571052001,1,0.0,8241
280120-18,fix_A_labels,123,0.977029346848688,1,0.0,12080
280120-18,fix_A_labels,124,0.4487587523870146,0,0.0,17192
280120-18,fix_A_labels,125,0.9361591807634974,1,0.0,14546
280120-18,fix_A_labels,126,0.0005381938215349288,0,0.025597269624573378,16325
280120-18,fix_A_labels,127,0.0,0,0.0,19609
280120-18,fix_A_labels,128,0.5333817126269956,1,0.0,9528
280120-18,fix_A_labels,129,0.9391201303510591,1,0.0,6565
280120-18,fix_A_labels,130,0.5319235738083906,1,0.0,14702
280120-18,fix_A_labels,131,0.9545121823695493,1,0.0,9295
280120-18,fix_A_labels,132,0.00011886366337810531,0,0.0,10302
280120-18,fix_B_labels_local_seeds,1,0.9744147593769037,1,0.0,11331
280120-18,fix_B_labels_local_seeds,2,0.9743264349863334,1,0.0,10163
280120-18,fix_B_labels_local_seeds,3,0.978773204196933,1,0.0,12309
280120-18,fix_B_labels_local_seeds,4,0.0,0,0.0,17661
280120-18,fix_B_labels_local_seeds,5,0.9755995304376991,1,0.0,11765
280120-18,fix_B_labels_local_seeds,6,0.9818385470837667,1,0.0,12357
280120-18,fix_B_labels_local_seeds,7,0.9751716429825962,1,0.0,12310
280120-18,fix_B_labels_local_seeds,8,0.9793737574552683,1,0.0,11893
280120-18,fix_B_labels_local_seeds,9,0.981205295997565,1,0.0,12981
280120-18,fix_B_labels_local_seeds,10,0.9751699395770392,1,0.0,10428
280120-18,fix_B_labels_local_seeds,11,0.9759542626534387,1,0.0,11779
280120-18,fix_B_labels_local_seeds,12,0.9797368818992893,1,0.0,13000
280120-18,fix_B_labels_local_seeds,13,0.9772256728778468,1,0.0,10007
280120-18,fix_B_labels_local_seeds,14,0.9769193391642371,1,0.0,8148
280120-18,fix_B_labels_local_seeds,15,0.9447498434346949,1,0.0,14069
280120-18,fix_B_labels_local_seeds,16,0.979655372140168,1,0.0,13648
280120-18,fix_B_labels_local_seeds,17,0.978974358974359,1,0.0,13385
280120-18,fix_B_labels_local_seeds,18,0.9812192118226601,1,0.0,12864
280120-18,fix_B_labels_local_seeds,19,0.9782997191728363,1,0.0,11618
280120-18,fix_B_labels_local_seeds,20,0.9693144722524483,1,0.0,9033
280120-18,fix_B_labels_local_seeds,21,0.9826295066779897,1,0.0,12801
280120-18,fix_B_labels_local_seeds,22,0.9825270659175004,1,0.0,14406
280120-18,fix_B_labels_local_seeds,23,0.9778338772243088,1,0.0,15968
280120-18,fix_B_labels_local_seeds,24,0.980686127524473,1,0.0,11212
280120-18,fix_B_labels_local_seeds,25,0.9767475447718083,1,0.0,13596
280120-18,fix_B_labels_local_seeds,26,0.97765582124657,1,0.0,12570
280120-18,fix_B_labels_local_seeds,27,0.981261078754115,1,0.0,11721
280120-18,fix_B_labels_local_seeds,28,0.8673125,1,0.0,15881
280120-18,fix_B_labels_local_seeds,29,0.9801787452437838,1,0.0,11223
280120-18,fix_B_labels_local_seeds,30,0.9848975188781014,1,0.0,11028
280120-18,fix_B_labels_local_seeds,31,0.9772124096275281,1,0.0,10733
280120-18,fix_B_labels_local_seeds,32,0.9782881277634792,1,0.0,14868
280120-18,fix_B_labels_local_seeds,33,0.9807474518686297,1,0.0,9619
280120-18,fix_B_labels_local_seeds,34,0.9761109952013353,1,0.0,9500
280120-18,fix_B_labels_local_seeds,35,0.9804830103903398,1,0.0,14014
280120-18,fix_B_labels_local_seeds,36,0.9787603390176657,1,0.0,9699
280120-18,fix_B_labels_local_seeds,37,0.9779947427713106,1,0.0,13101
280120-18,fix_B_labels_local_seeds,38,0.9792155024222535,1,0.0,12622
280120-18,fix_B_labels_local_seeds,39,0.9800528719057918,1,0.0,12324
280120-18,fix_B_labels_local_seeds,40,0.9724842154493725,1,0.0,12531
280120-18,fix_B_labels_local_seeds,41,0.9028099652375434,1,0.0,13692
280120-18,fix_B_labels_local_seeds,42,0.9827658680117697,1,0.0,11748
280120-18,fix_B_labels_local_seeds,43,0.0,0,0.05188679245283019,8954
280120-18,fix_B_labels_local_seeds,44,0.9792224582140548,1,0.0,10662
280120-18,fix_B_labels_local_seeds,45,0.9797971795278085,1,0.0,12453
280120-18,fix_B_labels_local_seeds,46,0.9758130918073281,1,0.0,9586
280120-18,fix_B_labels_local_seeds,47,0.0,0,0.0,4025
280120-18,fix_B_labels_local_seeds,48,0.9597796143250689,1,0.0,14470
280120-18,fix_B_labels_local_seeds,49,0.9804529717253317,1,0.0,13669
280120-18,fix_B_labels_local_seeds,50,0.9828713389121339,1,0.0,15085
280120-18,fix_B_labels_local_seeds,51,0.9819844287524896,1,0.0,10950
280120-18,fix_B_labels_local_seeds,52,0.0,0,0.0,4247
280120-18,fix_B_labels_local_seeds,53,0.9682696097753252,1,0.0,9970
280120-18,fix_B_labels_local_seeds,54,0.982314990512334,1,0.0,13054
280120-18,fix_B_labels_local_seeds,55,0.9756801319043693,1,0.0,9509
280120-18,fix_B_labels_local_seeds,56,0.9792224346717655,1,0.0,7809
280120-18,fix_B_labels_local_seeds,57,0.9770047858059998,1,0.0,8509
280120-18,fix_B_labels_local_seeds,58,0.8497455367961871,1,0.0,11989
280120-18,fix_B_labels_local_seeds,59,0.9480499924710134,1,0.0,6563
280120-18,fix_B_labels_local_seeds,60,0.9787133841951587,1,0.0,10533
280120-18,fix_B_labels_local_seeds,61,0.9833528722157092,1,0.0,12680
280120-18,fix_B_labels_local_seeds,62,0.0,0,0.0,16508
280120-18,fix_B_labels_local_seeds,63,0.9741419840150447,1,0.0,12589
280120-18,fix_B_labels_local_seeds,64,0.9802334630350195,1,0.0,12679
280120-18,fix_B_labels_local_seeds,65,0.9783062539711355,1,0.0,10915
280120-18,fix_B_labels_local_seeds,66,0.9742568188783328,1,0.0,9692
280120-18,fix_B_labels_local_seeds,67,0.9759862778730704,1,0.0,12030
280120-18,fix_B_labels_local_seeds,68,0.9743689019668577,1,0.1015625,12715
280120-18,fix_B_labels_local_seeds,69,0.0,0,0.002232142857142857,9758
280120-18,fix_B_labels_local_seeds,70,0.9495040577096483,1,0.0,5459
280120-18,fix_B_labels_local_seeds,71,0.9823057953144266,1,0.0,16014
280120-18,fix_B_labels_local_seeds,72,0.9672796751850967,1,0.0,8223
280120-18,fix_B_labels_local_seeds,73,0.9804855460739564,1,0.0,14909
280120-18,fix_B_labels_local_seeds,74,0.9726901225954351,1,0.0,9966
280120-18,fix_B_labels_local_seeds,75,0.9755446865273455,1,0.0,8943
280120-18,fix_B_labels_local_seeds,76,0.968022024565862,1,0.0,9193
280120-18,fix_B_labels_local_seeds,77,0.971500119246363,1,0.0,8311
280120-18,fix_B_labels_local_seeds,78,0.9534742151491434,1,0.029411764705882353,11399
280120-18,fix_B_labels_local_seeds,79,0.979466252105195,1,0.0,15255
280120-18,fix_B_labels_local_seeds,80,0.0,0,0.03625954198473282,13574
280120-18,fix_B_labels_local_seeds,81,0.9822258459029759,1,0.0,12099
280120-18,fix_B_labels_local_seeds,82,0.9773672502176226,1,0.0,10195
280120-18,fix_B_labels_local_seeds,83,0.9726485635576545,1,0.0,10053
280120-18,fix_B_labels_local_seeds,84,0.9712864102829896,1,0.0,9474
280120-18,fix_B_labels_local_seeds,85,0.9623938536190861,1,0.0,9823
280120-18,fix_B_labels_local_seeds,86,0.9134897360703812,1,0.0,8107
280120-18,fix_B_labels_local_seeds,87,0.9755519837577193,1,0.0,11613
280120-18,fix_B_labels_local_seeds,88,0.9665417057169634,1,0.0,10418
280120-18,fix_B_labels_local_seeds,89,0.9779448621553885,1,0.0,9863
280120-18,fix_B_labels_local_seeds,90,0.9769966399586456,1,0.0,11419
280120-18,fix_B_labels_local_seeds,91,0.9692374822733719,1,0.0,9098
280120-18,fix_B_labels_local_seeds,92,0.9787633262260128,1,0.0,11660
280120-18,fix_B_labels_local_seeds,93,0.9807225012149684,1,0.0,12228
280120-18,fix_B_labels_local_seeds,94,0.9386337991493794,1,0.0,11011
280120-18,fix_B_labels_local_seeds,95,0.9656997824510515,1,0.0,13439
280120-18,fix_B_labels_local_seeds,96,0.955276962745621,1,0.029661016949152543,10905
280120-18,fix_B_labels_local_seeds,97,0.9778832378223495,1,0.0,10942
280120-18,fix_B_labels_local_seeds,98,0.0,0,0.004739336492890996,8395
280120-18,fix_B_labels_local_seeds,99,0.0,0,0.004366812227074236,10004
280120-18,fix_B_labels_local_seeds,100,0.975825946817083,1,0.10743801652892562,11081
280120-18,fix_B_labels_local_seeds,101,0.9139227033858844,1,0.0,14905
280120-18,fix_B_labels_local_seeds,102,0.9650699972550096,1,0.0,14076
280120-18,fix_B_labels_local_seeds,103,0.0,0,0.040339702760084924,9741
280120-18,fix_B_labels_local_seeds,104,0.9764278537754076,1,0.0,12690
280120-18,fix_B_labels_local_seeds,105,0.0,0,0.20575221238938052,10158
280120-18,fix_B_labels_local_seeds,106,0.9498835926969734,1,0.0,7892
280120-18,fix_B_labels_local_seeds,107,0.965665896843726,1,0.0,6455
280120-18,fix_B_labels_local_seeds,108,0.9682060390763766,1,0.0,11122
280120-18,fix_B_labels_local_seeds,109,0.0,0,0.0,4378
280120-18,fix_B_labels_local_seeds,110,0.9675888256034717,1,0.0,7301
280120-18,fix_B_labels_local_seeds,111,0.973076563522483,1,0.0,10576
280120-18,fix_B_labels_local_seeds,112,0.0,0,0.19791666666666666,10439
280120-18,fix_B_labels_local_seeds,113,0.9683825708922044,1,0.0,9919
280120-18,fix_B_labels_local_seeds,114,0.9680981595092024,1,0.0,9715
280120-18,fix_B_labels_local_seeds,115,0.0,0,0.0,9443
280120-18,fix_B_labels_local_seeds,116,0.969061876247505,1,0.0,10908
280120-18,fix_B_labels_local_seeds,117,0.9680633622892182,1,0.0,11538
280120-18,fix_B_labels_local_seeds,118,0.0,0,0.03177966101694915,10528
280120-18,fix_B_labels_local_seeds,119,0.0,0,0.0020408163265306124,8162
280120-18,fix_B_labels_local_seeds,120,0.0,0,0.047311827956989246,9067
280120-18,fix_B_labels_local_seeds,121,0.7265017667844523,1,0.0,16746
280120-18,fix_B_labels_local_seeds,122,0.954115250988379,1,0.0,8241
280120-18,fix_B_labels_local_seeds,123,0.9760483936892014,1,0.0,12080
280120-18,fix_B_labels_local_seeds,124,0.0,0,0.0,17192
280120-18,fix_B_labels_local_seeds,125,0.9257194129334102,1,0.0,14546
280120-18,fix_B_labels_local_seeds,126,0.0006456704211205969,0,0.025597269624573378,16325
280120-18,fix_B_labels_local_seeds,127,0.0,0,0.0,19609
280120-18,fix_B_labels_local_seeds,128,0.0,0,0.0,9528
280120-18,fix_B_labels_local_seeds,129,0.9397608150007383,1,0.0,6565
280120-18,fix_B_labels_local_seeds,130,0.7204593327444452,1,0.0,14702
280120-18,fix_B_labels_local_seeds,131,0.9544266750287447,1,0.0,9295
280120-18,fix_B_labels_local_seeds,132,0.00011853256682273455,0,0.0,10302
280120-18,cellpose_sam,1,0.947487248097667,1,0.0,11331
280120-18,cellpose_sam,2,0.9646085053753211,1,0.0,10163
280120-18,cellpose_sam,3,0.970453468162427,1,0.0,12309
280120-18,cellpose_sam,4,0.946260180025718,1,0.0,17661
280120-18,cellpose_sam,5,0.9504766521247374,1,0.0,11765
280120-18,cellpose_sam,6,0.9612602100350058,1,0.0,12357
280120-18,cellpose_sam,7,0.9553675386167818,1,0.0,12310
280120-18,cellpose_sam,8,0.9451641103075579,1,0.0,11893
280120-18,cellpose_sam,9,0.9410613310134841,1,0.0,12981
280120-18,cellpose_sam,10,0.9461692084241103,1,0.0,10428
280120-18,cellpose_sam,11,0.9629872256796593,1,0.0,11779
280120-18,cellpose_sam,12,0.9457984721716988,1,0.0,13000
280120-18,cellpose_sam,13,0.9452054794520548,1,0.0,10007
280120-18,cellpose_sam,14,0.9367670728903196,1,0.0,8148
280120-18,cellpose_sam,15,0.9500709411526248,1,0.0,14069
280120-18,cellpose_sam,16,0.9577543859649122,1,0.0,13648
280120-18,cellpose_sam,17,0.9429376541035576,1,0.0,13385
280120-18,cellpose_sam,18,0.9628021854651598,1,0.0,12864
280120-18,cellpose_sam,19,0.9520609686142751,1,0.0,11618
280120-18,cellpose_sam,20,0.9497625329815303,1,0.0,9033
280120-18,cellpose_sam,21,0.9550846825337611,1,0.0,12801
280120-18,cellpose_sam,22,0.9546087071764628,1,0.0,14406
280120-18,cellpose_sam,23,0.9414539237073286,1,0.0,15968
280120-18,cellpose_sam,24,0.9529151793302737,1,0.0,11212
280120-18,cellpose_sam,25,0.9430533398071721,1,0.0,13596
280120-18,cellpose_sam,26,0.9478208415020359,1,0.0,12570
280120-18,cellpose_sam,27,0.9542457054465522,1,0.0,11721
280120-18,cellpose_sam,28,0.9554512070314851,1,0.0,15881
280120-18,cellpose_sam,29,0.969168321962173,1,0.0,11223
280120-18,cellpose_sam,30,0.9459598558929491,1,0.0,11028
280120-18,cellpose_sam,31,0.9446400281640557,1,0.0,10733
280120-18,cellpose_sam,32,0.9519784863618901,1,0.0,14868
280120-18,cellpose_sam,33,0.9542658730158731,1,0.0,9619
280120-18,cellpose_sam,34,0.9595837122360311,1,0.0,9500
280120-18,cellpose_sam,35,0.944021556079488,1,0.0,14014
280120-18,cellpose_sam,36,0.9394614490507556,1,0.0,9699
280120-18,cellpose_sam,37,0.9421790722761596,1,0.0,13101
280120-18,cellpose_sam,38,0.9466736668416711,1,0.0,12622
280120-18,cellpose_sam,39,0.950852557673019,1,0.0,12324
280120-18,cellpose_sam,40,0.9368271531100478,1,0.0,12531
280120-18,cellpose_sam,41,0.9613818283948884,1,0.0,13692
280120-18,cellpose_sam,42,0.9551219512195122,1,0.0,11748
280120-18,cellpose_sam,43,0.9462376971108054,1,0.05188679245283019,8954
280120-18,cellpose_sam,44,0.9491676310869759,1,0.0,10662
280120-18,cellpose_sam,45,0.9510462807392699,1,0.0,12453
280120-18,cellpose_sam,46,0.9449921135646687,1,0.0,9586
280120-18,cellpose_sam,47,0.0,0,0.0,4025
280120-18,cellpose_sam,48,0.9554939249867934,1,0.0,14470
280120-18,cellpose_sam,49,0.9554064443978472,1,0.0,13669
280120-18,cellpose_sam,50,0.9483246369522852,1,0.0,15085
280120-18,cellpose_sam,51,0.9602736122073139,1,0.0,10950
280120-18,cellpose_sam,52,0.0,0,0.0,4247
280120-18,cellpose_sam,53,0.9454717875770507,1,0.0,9970
280120-18,cellpose_sam,54,0.9593591533769383,1,0.0,13054
280120-18,cellpose_sam,55,0.9366627265563435,1,0.0,9509
280120-18,cellpose_sam,56,0.9368926214757048,1,0.0,7809
280120-18,cellpose_sam,57,0.9557452544086263,1,0.0,8509
280120-18,cellpose_sam,58,0.935708692247455,1,0.0,11989
280120-18,cellpose_sam,59,0.0,0,0.0,6563
280120-18,cellpose_sam,60,0.9481501485282203,1,0.0,10533
280120-18,cellpose_sam,61,0.9488177192457348,1,0.0,12680
280120-18,cellpose_sam,62,0.9656604656604657,1,0.0,16508
280120-18,cellpose_sam,63,0.9592349893325206,1,0.0,12589
280120-18,cellpose_sam,64,0.9459116681587586,1,0.0,12679
280120-18,cellpose_sam,65,0.9539416185981472,1,0.0,10915
280120-18,cellpose_sam,66,0.9308490203611218,1,0.0,9692
280120-18,cellpose_sam,67,0.9513641755634639,1,0.0,12030
280120-18,cellpose_sam,68,0.9540575031904511,1,0.1015625,12715
280120-18,cellpose_sam,69,0.9620165745856354,1,0.002232142857142857,9758
280120-18,cellpose_sam,70,0.8576923076923076,1,0.0,5459
280120-18,cellpose_sam,71,0.9556032939491587,1,0.0,16014
280120-18,cellpose_sam,72,0.9586602646679939,1,0.0,8223
280120-18,cellpose_sam,73,0.9582851266229593,1,0.0,14909
280120-18,cellpose_sam,74,0.9666666666666667,1,0.0,9966
280120-18,cellpose_sam,75,0.9620566993640185,1,0.0,8943
280120-18,cellpose_sam,76,0.9314083080040527,1,0.0,9193
280120-18,cellpose_sam,77,0.9536058796508957,1,0.0,8311
280120-18,cellpose_sam,78,0.9481648691580972,1,0.029411764705882353,11399
280120-18,cellpose_sam,79,0.963128985415746,1,0.0,15255
280120-18,cellpose_sam,80,0.9635446276293349,1,0.03625954198473282,13574
280120-18,cellpose_sam,81,0.9542550674343403,1,0.0,12099
280120-18,cellpose_sam,82,0.9408453303802141,1,0.0,10195
280120-18,cellpose_sam,83,0.9663906009244992,1,0.0,10053
280120-18,cellpose_sam,84,0.9352418558736426,1,0.0,9474
280120-18,cellpose_sam,85,0.9430300701316169,1,0.0,9823
280120-18,cellpose_sam,86,0.9742784687839633,1,0.0,8107
280120-18,cellpose_sam,87,0.9339713688274087,1,0.0,11613
280120-18,cellpose_sam,88,0.9266210086275904,1,0.0,10418
280120-18,cellpose_sam,89,0.9533152909336942,1,0.0,9863
280120-18,cellpose_sam,90,0.9450467599106183,1,0.0,11419
280120-18,cellpose_sam,91,0.9520719966513186,1,0.0,9098
280120-18,cellpose_sam,92,0.9631587642491327,1,0.0,11660
280120-18,cellpose_sam,93,0.968324358568261,1,0.0,12228
280120-18,cellpose_sam,94,0.963922942206655,1,0.0,11011
280120-18,cellpose_sam,95,0.9476554752797847,1,0.0,13439
280120-18,cellpose_sam,96,0.937097189997422,1,0.029661016949152543,10905
280120-18,cellpose_sam,97,0.937939310817761,1,0.0,10942
280120-18,cellpose_sam,98,0.9338153503893215,1,0.004739336492890996,8395
280120-18,cellpose_sam,99,0.9472188003411353,1,0.004366812227074236,10004
280120-18,cellpose_sam,100,0.9562505414536949,1,0.10743801652892562,11081
280120-18,cellpose_sam,101,0.9611788224672728,1,0.0,14905
280120-18,cellpose_sam,102,0.926845328241259,1,0.0,14076
280120-18,cellpose_sam,103,0.9443096924420297,1,0.040339702760084924,9741
280120-18,cellpose_sam,104,0.9375,1,0.0,12690
280120-18,cellpose_sam,105,0.9498636064340137,1,0.20575221238938052,10158
280120-18,cellpose_sam,106,0.9345174659561871,1,0.0,7892
280120-18,cellpose_sam,107,0.9644730924898816,1,0.0,6455
280120-18,cellpose_sam,108,0.9506215173596229,1,0.0,11122
280120-18,cellpose_sam,109,0.0,0,0.0,4378
280120-18,cellpose_sam,110,0.9320822162645219,1,0.0,7301
280120-18,cellpose_sam,111,0.9558065973791233,1,0.0,10576
280120-18,cellpose_sam,112,0.9567012200715531,1,0.19791666666666666,10439
280120-18,cellpose_sam,113,0.943319067998098,1,0.0,9919
280120-18,cellpose_sam,114,0.9597905552262399,1,0.0,9715
280120-18,cellpose_sam,115,0.9406256226339909,1,0.0,9443
280120-18,cellpose_sam,116,0.954414209467145,1,0.0,10908
280120-18,cellpose_sam,117,0.9580564784053156,1,0.0,11538
280120-18,cellpose_sam,118,0.9526879767526335,1,0.03177966101694915,10528
280120-18,cellpose_sam,119,0.9614614024749558,1,0.0020408163265306124,8162
280120-18,cellpose_sam,120,0.9476330121491412,1,0.047311827956989246,9067
280120-18,cellpose_sam,121,0.9448205822613406,1,0.0,16746
280120-18,cellpose_sam,122,0.9208496366685299,1,0.0,8241
280120-18,cellpose_sam,123,0.949760201273685,1,0.0,12080
280120-18,cellpose_sam,124,0.9461750137589433,1,0.0,17192
280120-18,cellpose_sam,125,0.9552415379559646,1,0.0,14546
280120-18,cellpose_sam,126,0.9440235933614758,1,0.025597269624573378,16325
280120-18,cellpose_sam,127,0.500150436265169,1,0.0,19609
280120-18,cellpose_sam,128,0.9575604838709677,1,0.0,9528
280120-18,cellpose_sam,129,0.6598653130967936,1,0.0,6565
280120-18,cellpose_sam,130,0.0,0,0.0,14702
280120-18,cellpose_sam,131,0.9236504622725917,1,0.0,9295
280120-18,cellpose_sam,132,0.8932393630905768,1,0.0,10302
280120-19,original,1,0.9602845287492591,1,0.0,8332
280120-19,original,2,0.9806600596555374,1,0.0,10333
280120-19,original,3,0.9791560428352881,1,0.0,15531
280120-19,original,4,0.9630305796439982,1,0.0,8718
280120-19,original,5,0.9713576672526109,1,0.0,9520
280120-19,original,6,0.0,0,0.0035714285714285713,14659
280120-19,original,7,0.9778545625883461,1,0.0,12637
280120-19,original,8,0.9736137155103134,1,0.0,7405
280120-19,original,9,0.0,0,0.006097560975609756,11280
280120-19,original,10,0.9665924276169265,1,0.0,6246
280120-19,original,11,0.9738303781243324,1,0.0,9246
280120-19,original,12,0.9740532185050237,1,0.0,8933
280120-19,original,13,0.9700325732899023,1,0.0,9089
280120-19,original,14,0.9770375620127569,1,0.0,13859
280120-19,original,15,0.9710462820794034,1,0.0,9054
280120-19,original,16,0.9750473783954516,1,0.0,9336
280120-19,original,17,0.9698666965385908,1,0.0,8818
280120-19,original,18,0.9738106915154487,1,0.0,10047
280120-19,original,19,0.9777798789712556,1,0.0,10406
280120-19,original,20,0.0,0,0.0,4271
280120-19,original,21,0.8851782092147203,1,0.0,13653
280120-19,original,22,0.9716661196805602,1,0.0,9001
280120-19,original,23,0.9697547035008335,1,0.0,12403
280120-19,original,24,0.9696854509170388,1,0.0,10353
280120-19,original,25,0.9698067632850241,1,0.0,8175
280120-19,original,26,0.9662686306981609,1,0.0,11117
280120-19,original,27,0.9672247951549697,1,0.0,8241
280120-19,original,28,0.9716789569306402,1,0.0,9308
280120-19,original,29,0.9641288433382138,1,0.0,9443
280120-19,original,30,0.9708789456902965,1,0.0,9222
280120-19,original,31,0.977788430808565,1,0.0,12337
280120-19,original,32,0.9786404160475483,1,0.0,10619
280120-19,original,33,0.0,0,0.0,8669
280120-19,original,34,0.9766938735372209,1,0.0,10011
280120-19,original,35,0.9678383378397609,1,0.0,6862
280120-19,original,36,0.974907387991892,1,0.0,14163
280120-19,original,37,0.9543813192103996,1,0.0,7977
280120-19,original,38,0.9726499839589349,1,0.0,12283
280120-19,original,39,0.9754846066134549,1,0.0,8662
280120-19,original,40,0.0,0,0.0,12022
280120-19,original,41,0.9684149760844466,1,0.0,11781
280120-19,original,42,0.9651911886949294,1,0.0,9504
280120-19,original,43,0.0,0,0.0,4120
280120-19,original,44,0.7341152710890166,1,0.0,9633
280120-19,original,45,0.0,0,0.12391304347826088,10288
280120-19,original,46,0.9626129400768512,1,0.0,9438
280120-19,original,47,0.0,0,0.0,10468
280120-19,original,48,0.9488737028600355,1,0.0,7714
280120-19,original,49,0.9631632653061224,1,0.0,9754
280120-19,original,50,0.0,0,0.0,5187
280120-19,original,51,0.9738433872813471,1,0.0,12140
280120-19,original,52,0.9193504978918094,1,0.02575107296137339,10451
280120-19,original,53,0.9646965838236585,1,0.0,11314
280120-19,original,54,0.9695756605284227,1,0.0,9854
280120-19,original,55,0.9729800400941341,1,0.0,11235
280120-19,original,56,0.9657129059519498,1,0.0,8194
280120-19,original,57,0.9478997881091861,1,0.0,7951
280120-19,original,58,0.0,0,0.0,17815
280120-19,original,59,0.9639205662603224,1,0.0,10111
280120-19,original,60,0.9666445182724253,1,0.0,7459
280120-19,original,61,0.9577631578947369,1,0.0,7508
280120-19,original,62,0.8913562770945767,1,0.0,11115
280120-19,original,63,0.9641548927263213,1,0.0,11279
280120-19,original,64,0.0,0,0.16367713004484305,8387
280120-19,original,65,0.0,0,0.09433962264150944,8789
280120-19,original,66,0.9731402990761024,1,0.0,10328
280120-19,original,67,0.9620866325104798,1,0.0,10634
280120-19,original,68,0.9537084398976982,1,0.0,7687
280120-19,original,69,0.9470874548594755,1,0.0,6286
280120-19,original,70,0.0,0,0.0,10630
280120-19,original,71,0.9773438160453124,1,0.0,11750
280120-19,original,72,0.0,0,0.09333333333333334,9237
280120-19,original,73,0.9460743556241834,1,0.0,8094
280120-19,original,74,0.0,0,0.0,8009
280120-19,original,75,0.9634303072788877,1,0.0,8475
280120-19,original,76,0.9640619848334981,1,0.0,8990
280120-19,original,77,0.0,0,0.0,16798
280120-19,original,78,0.971033150949469,1,0.0,9216
280120-19,original,79,0.0,0,0.0,4845
280120-19,original,80,0.9494819761965921,1,0.0,11212
280120-19,original,81,0.958076740881099,1,0.0,8229
280120-19,original,82,0.0,0,0.006756756756756757,7160
280120-19,original,83,0.9644633972992182,1,0.0,9661
280120-19,original,84,0.48052418187083695,0,0.0,6791
280120-19,original,85,0.9529030265596047,1,0.0,6429
280120-19,original,86,0.9491719017704169,1,0.0,10106
280120-19,original,87,0.0,0,0.10931174089068826,10264
280120-19,original,88,0.8620134482432048,1,0.0,10456
280120-19,original,89,0.0,0,0.0,17201
280120-19,original,90,0.0,0,0.0,8921
280120-19,original,91,0.0,0,0.00390625,11724
280120-19,original,92,0.0,0,0.017374517374517374,13232
280120-19,original,93,0.0,0,0.0,21807
280120-19,original,94,0.0,0,0.05652173913043478,8782
280120-19,original,95,0.943089430894309,1,0.0,10156
280120-19,original,96,0.0,0,0.0,16097
280120-19,original,97,0.0,0,0.1443089430894309,11361
280120-19,original,98,0.9750469250303633,1,0.0,8947
280120-19,original,99,0.965126139495442,1,0.0,9358
280120-19,original,100,0.9650829193198517,1,0.0,14047
280120-19,original,101,0.9790314528207689,1,0.0,9885
280120-19,original,102,0.0,0,0.0,9741
280120-19,original,103,0.9733705056719861,1,0.0,10277
280120-19,original,104,0.0,0,0.0,8651
280120-19,original,105,0.9755821360322741,1,0.0,14006
280120-19,original,106,0.9660008499787506,1,0.0,9396
280120-19,original,107,0.974044097125314,1,0.0,10626
280120-19,original,108,0.0,0,0.0,4378
280120-19,original,109,0.7169547943734564,1,0.0,8838
280120-19,original,110,0.9514950166112957,1,0.0,8917
280120-19,original,111,0.0,0,0.11894273127753303,9460
280120-19,original,112,0.0,0,0.0,20463
280120-19,original,113,0.9785011050833836,1,0.0,9814
280120-19,original,114,0.9670922210768377,1,0.0,12485
280120-19,original,115,0.7361129612361795,1,0.0,7487
280120-19,original,116,0.9591563142371973,1,0.0,10843
280120-19,original,117,0.8736276303751144,1,0.0,8643
280120-19,original,118,0.0,0,0.0,9244
280120-19,original,119,0.0,0,0.0,14316
280120-19,original,120,0.0,0,0.10756972111553785,11449
280120-19,original,121,0.9480266529984623,1,0.0,9432
280120-19,original,122,0.9543164259321465,1,0.0,11682
280120-19,original,123,0.4025250387924954,0,0.0,14060
280120-19,original,124,0.9689569087159449,1,0.0,9086
280120-19,original,125,0.8269910301712422,1,0.0,7157
280120-19,original,126,0.5924065496770826,1,0.189010989010989,9171
280120-19,original,127,0.6475445084716608,1,0.0,7657
280120-19,original,128,0.0,0,0.0,8262
280120-19,original,129,0.0,0,0.0,8044
280120-19,original,130,0.946505933320776,1,0.0,5274
280120-19,original,131,0.476975797815378,0,0.0,7030
280120-19,original,132,0.0,0,0.25,8667
280120-19,original,133,0.87492391965916,1,0.0,9752
280120-19,original,134,0.9664783427495292,1,0.0,10460
280120-19,original,135,0.0,0,0.0,11416
280120-19,original,136,0.0,0,0.0,5472
280120-19,original,137,0.0,0,0.1748768472906404,8208
280120-19,original,138,0.0,0,0.016423357664233577,14214
280120-19,original,139,0.97492528609957,1,0.0,13536
280120-19,original,140,0.37934810615820663,0,0.16895874263261296,6174
280120-19,original,141,0.0,0,0.05531914893617021,10639
280120-19,original,142,0.0,0,0.11875,10898
280120-19,original,143,0.026743358633776092,0,0.024896265560165973,6371
280120-19,original,144,0.9019127773527161,1,0.0,6433
280120-19,original,145,0.9471250740960284,1,0.0,8340
280120-19,fix_A_labels,1,0.9602845287492591,1,0.0,8332
280120-19,fix_A_labels,2,0.9806600596555374,1,0.0,10333
280120-19,fix_A_labels,3,0.9791560428352881,1,0.0,15531
280120-19,fix_A_labels,4,0.9630305796439982,1,0.0,8718
280120-19,fix_A_labels,5,0.9713576672526109,1,0.0,9520
280120-19,fix_A_labels,6,0.0,0,0.0035714285714285713,14659
280120-19,fix_A_labels,7,0.5246367656348705,1,0.0,12637
280120-19,fix_A_labels,8,0.9736137155103134,1,0.0,7405
280120-19,fix_A_labels,9,0.9634230503795721,1,0.006097560975609756,11280
280120-19,fix_A_labels,10,0.9665924276169265,1,0.0,6246
280120-19,fix_A_labels,11,0.9738303781243324,1,0.0,9246
280120-19,fix_A_labels,12,0.9740532185050237,1,0.0,8933
280120-19,fix_A_labels,13,0.9700325732899023,1,0.0,9089
280120-19,fix_A_labels,14,0.6019230769230769,1,0.0,13859
280120-19,fix_A_labels,15,0.9710462820794034,1,0.0,9054
280120-19,fix_A_labels,16,0.9750473783954516,1,0.0,9336
280120-19,fix_A_labels,17,0.9698666965385908,1,0.0,8818
280120-19,fix_A_labels,18,0.9738106915154487,1,0.0,10047
280120-19,fix_A_labels,19,0.9777798789712556,1,0.0,10406
280120-19,fix_A_labels,20,0.0,0,0.0,4271
280120-19,fix_A_labels,21,0.6167468299081766,1,0.0,13653
280120-19,fix_A_labels,22,0.9716661196805602,1,0.0,9001
280120-19,fix_A_labels,23,0.5863059612161838,1,0.0,12403
280120-19,fix_A_labels,24,0.9696854509170388,1,0.0,10353
280120-19,fix_A_labels,25,0.9698067632850241,1,0.0,8175
280120-19,fix_A_labels,26,0.9662686306981609,1,0.0,11117
280120-19,fix_A_labels,27,0.0,0,0.0,8241
280120-19,fix_A_labels,28,0.9716789569306402,1,0.0,9308
280120-19,fix_A_labels,29,0.5789861945410475,1,0.0,9443
280120-19,fix_A_labels,30,0.9708789456902965,1,0.0,9222
280120-19,fix_A_labels,31,0.6737697008684465,1,0.0,12337
280120-19,fix_A_labels,32,0.9786404160475483,1,0.0,10619
280120-19,fix_A_labels,33,0.9654974782209995,1,0.0,8669
280120-19,fix_A_labels,34,0.9766938735372209,1,0.0,10011
280120-19,fix_A_labels,35,0.9678383378397609,1,0.0,6862
280120-19,fix_A_labels,36,0.974907387991892,1,0.0,14163
280120-19,fix_A_labels,37,0.9543813192103996,1,0.0,7977
280120-19,fix_A_labels,38,0.9726499839589349,1,0.0,12283
280120-19,fix_A_labels,39,0.9754846066134549,1,0.0,8662
280120-19,fix_A_labels,40,0.0,0,0.0,12022
280120-19,fix_A_labels,41,0.9684149760844466,1,0.0,11781
280120-19,fix_A_labels,42,0.9651911886949294,1,0.0,9504
280120-19,fix_A_labels,43,0.0,0,0.0,4120
280120-19,fix_A_labels,44,0.9620654396728017,1,0.0,9633
280120-19,fix_A_labels,45,0.23914674167838726,0,0.12391304347826088,10288
280120-19,fix_A_labels,46,0.9626129400768512,1,0.0,9438
280120-19,fix_A_labels,47,0.9584420424897503,1,0.0,10468
280120-19,fix_A_labels,48,0.9488737028600355,1,0.0,7714
280120-19,fix_A_labels,49,0.9631632653061224,1,0.0,9754
280120-19,fix_A_labels,50,0.0,0,0.0,5187
280120-19,fix_A_labels,51,0.9738433872813471,1,0.0,12140
280120-19,fix_A_labels,52,0.9193504978918094,1,0.02575107296137339,10451
280120-19,fix_A_labels,53,0.9646965838236585,1,0.0,11314
280120-19,fix_A_labels,54,0.9695756605284227,1,0.0,9854
280120-19,fix_A_labels,55,0.5193661971830986,1,0.0,11235
280120-19,fix_A_labels,56,0.9657129059519498,1,0.0,8194
280120-19,fix_A_labels,57,0.9478997881091861,1,0.0,7951
280120-19,fix_A_labels,58,0.0,0,0.0,17815
280120-19,fix_A_labels,59,0.9639205662603224,1,0.0,10111
280120-19,fix_A_labels,60,0.9666445182724253,1,0.0,7459
280120-19,fix_A_labels,61,0.9577631578947369,1,0.0,7508
280120-19,fix_A_labels,62,0.647965090390952,1,0.0,11115
280120-19,fix_A_labels,63,0.9641548927263213,1,0.0,11279
280120-19,fix_A_labels,64,0.0,0,0.16367713004484305,8387
280120-19,fix_A_labels,65,0.3059237665694956,0,0.09433962264150944,8789
280120-19,fix_A_labels,66,0.0,0,0.0,10328
280120-19,fix_A_labels,67,0.9620866325104798,1,0.0,10634
280120-19,fix_A_labels,68,0.9537084398976982,1,0.0,7687
280120-19,fix_A_labels,69,0.9470874548594755,1,0.0,6286
280120-19,fix_A_labels,70,0.9654538772510106,1,0.0,10630
280120-19,fix_A_labels,71,0.9773438160453124,1,0.0,11750
280120-19,fix_A_labels,72,0.6110149174214171,1,0.09333333333333334,9237
280120-19,fix_A_labels,73,0.9460743556241834,1,0.0,8094
280120-19,fix_A_labels,74,0.7928636570907432,1,0.0,8009
280120-19,fix_A_labels,75,0.9634303072788877,1,0.0,8475
280120-19,fix_A_labels,76,0.9640619848334981,1,0.0,8990
280120-19,fix_A_labels,77,0.0,0,0.0,16798
280120-19,fix_A_labels,78,0.971033150949469,1,0.0,9216
280120-19,fix_A_labels,79,0.0,0,0.0,4845
280120-19,fix_A_labels,80,0.9494819761965921,1,0.0,11212
280120-19,fix_A_labels,81,0.958076740881099,1,0.0,8229
280120-19,fix_A_labels,82,0.9567977915804002,1,0.006756756756756757,7160
280120-19,fix_A_labels,83,0.9644633972992182,1,0.0,9661
280120-19,fix_A_labels,84,0.953444525018129,1,0.0,6791
280120-19,fix_A_labels,85,0.9529030265596047,1,0.0,6429
280120-19,fix_A_labels,86,0.9491719017704169,1,0.0,10106
280120-19,fix_A_labels,87,0.0,0,0.10931174089068826,10264
280120-19,fix_A_labels,88,0.8620134482432048,1,0.0,10456
280120-19,fix_A_labels,89,0.0,0,0.0,17201
280120-19,fix_A_labels,90,0.9213376800925439,1,0.0,8921
280120-19,fix_A_labels,91,0.6150258627999661,1,0.00390625,11724
280120-19,fix_A_labels,92,0.8929853425067305,1,0.017374517374517374,13232
280120-19,fix_A_labels,93,0.6360210660128939,1,0.0,21807
280120-19,fix_A_labels,94,0.8675175062118816,1,0.05652173913043478,8782
280120-19,fix_A_labels,95,0.943089430894309,1,0.0,10156
280120-19,fix_A_labels,96,0.9728651237031125,1,0.0,16097
280120-19,fix_A_labels,97,0.0,0,0.1443089430894309,11361
280120-19,fix_A_labels,98,0.9750469250303633,1,0.0,8947
280120-19,fix_A_labels,99,0.5945199660152931,1,0.0,9358
280120-19,fix_A_labels,100,0.9650829193198517,1,0.0,14047
280120-19,fix_A_labels,101,0.9790314528207689,1,0.0,9885
280120-19,fix_A_labels,102,0.9491457688080728,1,0.0,9741
280120-19,fix_A_labels,103,0.49719860896445134,0,0.0,10277
280120-19,fix_A_labels,104,0.7515418502202643,1,0.0,8651
280120-19,fix_A_labels,105,0.9755821360322741,1,0.0,14006
280120-19,fix_A_labels,106,0.9660008499787506,1,0.0,9396
280120-19,fix_A_labels,107,0.974044097125314,1,0.0,10626
280120-19,fix_A_labels,108,0.0,0,0.0,4378
280120-19,fix_A_labels,109,0.7169547943734564,1,0.0,8838
280120-19,fix_A_labels,110,0.9514950166112957,1,0.0,8917
280120-19,fix_A_labels,111,0.9255852842809364,1,0.11894273127753303,9460
280120-19,fix_A_labels,112,0.544713870029098,1,0.0,20463
280120-19,fix_A_labels,113,0.9785011050833836,1,0.0,9814
280120-19,fix_A_labels,114,0.9670922210768377,1,0.0,12485
280120-19,fix_A_labels,115,0.7361129612361795,1,0.0,7487
280120-19,fix_A_labels,116,0.0,0,0.0,10843
280120-19,fix_A_labels,117,0.8736276303751144,1,0.0,8643
280120-19,fix_A_labels,118,0.9518304431599229,1,0.0,9244
280120-19,fix_A_labels,119,0.9451215451215451,1,0.0,14316
280120-19,fix_A_labels,120,0.0,0,0.10756972111553785,11449
280120-19,fix_A_labels,121,0.9480266529984623,1,0.0,9432
280120-19,fix_A_labels,122,0.7072298390530529,1,0.0,11682
280120-19,fix_A_labels,123,0.4025250387924954,0,0.0,14060
280120-19,fix_A_labels,124,0.9689569087159449,1,0.0,9086
280120-19,fix_A_labels,125,0.8269910301712422,1,0.0,7157
280120-19,fix_A_labels,126,0.5924065496770826,1,0.189010989010989,9171
280120-19,fix_A_labels,127,0.6475445084716608,1,0.0,7657
280120-19,fix_A_labels,128,0.7542128069330766,1,0.0,8262
280120-19,fix_A_labels,129,0.0,0,0.0,8044
280120-19,fix_A_labels,130,0.946505933320776,1,0.0,5274
280120-19,fix_A_labels,131,0.9170101676284693,1,0.0,7030
280120-19,fix_A_labels,132,0.8078322481807737,1,0.25,8667
280120-19,fix_A_labels,133,0.87492391965916,1,0.0,9752
280120-19,fix_A_labels,134,0.9664783427495292,1,0.0,10460
280120-19,fix_A_labels,135,0.8438802858844551,1,0.0,11416
280120-19,fix_A_labels,136,0.0,0,0.0,5472
280120-19,fix_A_labels,137,0.07523492674954765,0,0.1748768472906404,8208
280120-19,fix_A_labels,138,0.8640171316999433,1,0.016423357664233577,14214
280120-19,fix_A_labels,139,0.97492528609957,1,0.0,13536
280120-19,fix_A_labels,140,0.37934810615820663,0,0.16895874263261296,6174
280120-19,fix_A_labels,141,0.9161536460591346,1,0.05531914893617021,10639
280120-19,fix_A_labels,142,0.6654964276915496,1,0.11875,10898
280120-19,fix_A_labels,143,0.026743358633776092,0,0.024896265560165973,6371
280120-19,fix_A_labels,144,0.9019127773527161,1,0.0,6433
280120-19,fix_A_labels,145,0.9471250740960284,1,0.0,8340
280120-19,fix_B_labels_local_seeds,1,0.9602845287492591,1,0.0,8332
280120-19,fix_B_labels_local_seeds,2,0.9806600596555374,1,0.0,10333
280120-19,fix_B_labels_local_seeds,3,0.9792197858235594,1,0.0,15531
280120-19,fix_B_labels_local_seeds,4,0.9625656242866926,1,0.0,8718
280120-19,fix_B_labels_local_seeds,5,0.9713576672526109,1,0.0,9520
280120-19,fix_B_labels_local_seeds,6,0.9696243005595524,1,0.0035714285714285713,14659
280120-19,fix_B_labels_local_seeds,7,0.9773958088062161,1,0.0,12637
280120-19,fix_B_labels_local_seeds,8,0.9736137155103134,1,0.0,7405
280120-19,fix_B_labels_local_seeds,9,0.0,0,0.006097560975609756,11280
280120-19,fix_B_labels_local_seeds,10,0.9665924276169265,1,0.0,6246
280120-19,fix_B_labels_local_seeds,11,0.9738303781243324,1,0.0,9246
280120-19,fix_B_labels_local_seeds,12,0.9740532185050237,1,0.0,8933
280120-19,fix_B_labels_local_seeds,13,0.9700423314881146,1,0.0,9089
280120-19,fix_B_labels_local_seeds,14,0.977442008938072,1,0.0,13859
280120-19,fix_B_labels_local_seeds,15,0.9710462820794034,1,0.0,9054
280120-19,fix_B_labels_local_seeds,16,0.9747288617458145,1,0.0,9336
280120-19,fix_B_labels_local_seeds,17,0.9698666965385908,1,0.0,8818
280120-19,fix_B_labels_local_seeds,18,0.9738106915154487,1,0.0,10047
280120-19,fix_B_labels_local_seeds,19,0.9777777777777777,1,0.0,10406
280120-19,fix_B_labels_local_seeds,20,0.0,0,0.0,4271
280120-19,fix_B_labels_local_seeds,21,0.8843897138717856,1,0.0,13653
280120-19,fix_B_labels_local_seeds,22,0.9716661196805602,1,0.0,9001
280120-19,fix_B_labels_local_seeds,23,0.9186637041739406,1,0.0,12403
280120-19,fix_B_labels_local_seeds,24,0.9363178405094573,1,0.0,10353
280120-19,fix_B_labels_local_seeds,25,0.9698067632850241,1,0.0,8175
280120-19,fix_B_labels_local_seeds,26,0.9666056325747667,1,0.0,11117
280120-19,fix_B_labels_local_seeds,27,0.966646884272997,1,0.0,8241
280120-19,fix_B_labels_local_seeds,28,0.9716789569306402,1,0.0,9308
280120-19,fix_B_labels_local_seeds,29,0.9656364588789942,1,0.0,9443
280120-19,fix_B_labels_local_seeds,30,0.9708789456902965,1,0.0,9222
280120-19,fix_B_labels_local_seeds,31,0.9778541733290694,1,0.0,12337
280120-19,fix_B_labels_local_seeds,32,0.9790931053707489,1,0.0,10619
280120-19,fix_B_labels_local_seeds,33,0.9653828519027969,1,0.0,8669
280120-19,fix_B_labels_local_seeds,34,0.9773688871396241,1,0.0,10011
280120-19,fix_B_labels_local_seeds,35,0.9686654322746048,1,0.0,6862
280120-19,fix_B_labels_local_seeds,36,0.974907387991892,1,0.0,14163
280120-19,fix_B_labels_local_seeds,37,0.9538128458022612,1,0.0,7977
280120-19,fix_B_labels_local_seeds,38,0.9726499839589349,1,0.0,12283
280120-19,fix_B_labels_local_seeds,39,0.9756014137498575,1,0.0,8662
280120-19,fix_B_labels_local_seeds,40,0.5037147102526003,1,0.0,12022
280120-19,fix_B_labels_local_seeds,41,0.8422623984076961,1,0.0,11781
280120-19,fix_B_labels_local_seeds,42,0.9672693266832918,1,0.0,9504
280120-19,fix_B_labels_local_seeds,43,0.0,0,0.0,4120
280120-19,fix_B_labels_local_seeds,44,0.7342923794712286,1,0.0,9633
280120-19,fix_B_labels_local_seeds,45,0.0,0,0.12391304347826088,10288
280120-19,fix_B_labels_local_seeds,46,0.794949075036375,1,0.0,9438
280120-19,fix_B_labels_local_seeds,47,0.9584420424897503,1,0.0,10468
280120-19,fix_B_labels_local_seeds,48,0.9476082004555809,1,0.0,7714
280120-19,fix_B_labels_local_seeds,49,0.9628571428571429,1,0.0,9754
280120-19,fix_B_labels_local_seeds,50,0.0,0,0.0,5187
280120-19,fix_B_labels_local_seeds,51,0.9738433872813471,1,0.0,12140
280120-19,fix_B_labels_local_seeds,52,0.9193360251233738,1,0.02575107296137339,10451
280120-19,fix_B_labels_local_seeds,53,0.9647813103811699,1,0.0,11314
280120-19,fix_B_labels_local_seeds,54,0.9696544817225838,1,0.0,9854
280120-19,fix_B_labels_local_seeds,55,0.9727256883931683,1,0.0,11235
280120-19,fix_B_labels_local_seeds,56,0.9653465346534653,1,0.0,8194
280120-19,fix_B_labels_local_seeds,57,0.9469621513944223,1,0.0,7951
280120-19,fix_B_labels_local_seeds,58,0.0,0,0.0,17815
280120-19,fix_B_labels_local_seeds,59,0.9632287877298201,1,0.0,10111
280120-19,fix_B_labels_local_seeds,60,0.9666445182724253,1,0.0,7459
280120-19,fix_B_labels_local_seeds,61,0.9588374539715939,1,0.0,7508
280120-19,fix_B_labels_local_seeds,62,0.8915236241373208,1,0.0,11115
280120-19,fix_B_labels_local_seeds,63,0.9641548927263213,1,0.0,11279
280120-19,fix_B_labels_local_seeds,64,0.0,0,0.16367713004484305,8387
280120-19,fix_B_labels_local_seeds,65,0.0,0,0.09433962264150944,8789
280120-19,fix_B_labels_local_seeds,66,0.9727670919824796,1,0.0,10328
280120-19,fix_B_labels_local_seeds,67,0.9618071727992548,1,0.0,10634
280120-19,fix_B_labels_local_seeds,68,0.9537084398976982,1,0.0,7687
280120-19,fix_B_labels_local_seeds,69,0.9464678178963893,1,0.0,6286
280120-19,fix_B_labels_local_seeds,70,0.9654538772510106,1,0.0,10630
280120-19,fix_B_labels_local_seeds,71,0.9773438160453124,1,0.0,11750
280120-19,fix_B_labels_local_seeds,72,0.0,0,0.09333333333333334,9237
280120-19,fix_B_labels_local_seeds,73,0.9457437967470023,1,0.0,8094
280120-19,fix_B_labels_local_seeds,74,0.0,0,0.0,8009
280120-19,fix_B_labels_local_seeds,75,0.9636639794368501,1,0.0,8475
280120-19,fix_B_labels_local_seeds,76,0.9639481204660365,1,0.0,8990
280120-19,fix_B_labels_local_seeds,77,0.7820423758249392,1,0.0,16798
280120-19,fix_B_labels_local_seeds,78,0.9708217120789531,1,0.0,9216
280120-19,fix_B_labels_local_seeds,79,0.0,0,0.0,4845
280120-19,fix_B_labels_local_seeds,80,0.9502227553118574,1,0.0,11212
280120-19,fix_B_labels_local_seeds,81,0.957484604452866,1,0.0,8229
280120-19,fix_B_labels_local_seeds,82,0.0,0,0.006756756756756757,7160
280120-19,fix_B_labels_local_seeds,83,0.9643690995837986,1,0.0,9661
280120-19,fix_B_labels_local_seeds,84,0.9531544597534445,1,0.0,6791
280120-19,fix_B_labels_local_seeds,85,0.9524471205805156,1,0.0,6429
280120-19,fix_B_labels_local_seeds,86,0.9587539659648111,1,0.0,10106
280120-19,fix_B_labels_local_seeds,87,0.0,0,0.10931174089068826,10264
280120-19,fix_B_labels_local_seeds,88,0.8632316726652776,1,0.0,10456
280120-19,fix_B_labels_local_seeds,89,0.0,0,0.0,17201
280120-19,fix_B_labels_local_seeds,90,0.9213376800925439,1,0.0,8921
280120-19,fix_B_labels_local_seeds,91,0.6167217841092173,1,0.00390625,11724
280120-19,fix_B_labels_local_seeds,92,0.0,0,0.017374517374517374,13232
280120-19,fix_B_labels_local_seeds,93,0.0,0,0.0,21807
280120-19,fix_B_labels_local_seeds,94,0.895301558617574,1,0.05652173913043478,8782
280120-19,fix_B_labels_local_seeds,95,0.9433730383815466,1,0.0,10156
280120-19,fix_B_labels_local_seeds,96,0.9726792730844793,1,0.0,16097
280120-19,fix_B_labels_local_seeds,97,0.0,0,0.1443089430894309,11361
280120-19,fix_B_labels_local_seeds,98,0.975267748702661,1,0.0,8947
280120-19,fix_B_labels_local_seeds,99,0.9661861352554589,1,0.0,9358
280120-19,fix_B_labels_local_seeds,100,0.9650829193198517,1,0.0,14047
280120-19,fix_B_labels_local_seeds,101,0.9788359788359788,1,0.0,9885
280120-19,fix_B_labels_local_seeds,102,0.9491305216869879,1,0.0,9741
280120-19,fix_B_labels_local_seeds,103,0.973466641030571,1,0.0,10277
280120-19,fix_B_labels_local_seeds,104,0.0,0,0.0,8651
280120-19,fix_B_labels_local_seeds,105,0.8144950102625805,1,0.0,14006
280120-19,fix_B_labels_local_seeds,106,0.9660008499787506,1,0.0,9396
280120-19,fix_B_labels_local_seeds,107,0.9739583333333334,1,0.0,10626
280120-19,fix_B_labels_local_seeds,108,0.0,0,0.0,4378
280120-19,fix_B_labels_local_seeds,109,0.7172791747259832,1,0.0,8838
280120-19,fix_B_labels_local_seeds,110,0.9511627906976744,1,0.0,8917
280120-19,fix_B_labels_local_seeds,111,0.0,0,0.11894273127753303,9460
280120-19,fix_B_labels_local_seeds,112,0.7308736546106855,1,0.0,20463
280120-19,fix_B_labels_local_seeds,113,0.9782084755975096,1,0.0,9814
280120-19,fix_B_labels_local_seeds,114,0.9670922210768377,1,0.0,12485
280120-19,fix_B_labels_local_seeds,115,0.7361129612361795,1,0.0,7487
280120-19,fix_B_labels_local_seeds,116,0.9595174262734585,1,0.0,10843
280120-19,fix_B_labels_local_seeds,117,0.8731846769582619,1,0.0,8643
280120-19,fix_B_labels_local_seeds,118,0.9515248796147673,1,0.0,9244
280120-19,fix_B_labels_local_seeds,119,0.9452474522080864,1,0.0,14316
280120-19,fix_B_labels_local_seeds,120,0.0,0,0.10756972111553785,11449
280120-19,fix_B_labels_local_seeds,121,0.9489387880652107,1,0.0,9432
280120-19,fix_B_labels_local_seeds,122,0.9308186326314933,1,0.0,11682
280120-19,fix_B_labels_local_seeds,123,0.9743679041582504,1,0.0,14060
280120-19,fix_B_labels_local_seeds,124,0.9688483664387278,1,0.0,9086
280120-19,fix_B_labels_local_seeds,125,0.8275346561565643,1,0.0,7157
280120-19,fix_B_labels_local_seeds,126,0.5920203403090162,1,0.189010989010989,9171
280120-19,fix_B_labels_local_seeds,127,0.7125011829279834,1,0.0,7657
280120-19,fix_B_labels_local_seeds,128,0.9247012414433229,1,0.0,8262
280120-19,fix_B_labels_local_seeds,129,0.968432780391186,1,0.0,8044
280120-19,fix_B_labels_local_seeds,130,0.9467043314500941,1,0.0,5274
280120-19,fix_B_labels_local_seeds,131,0.9171703296703296,1,0.0,7030
280120-19,fix_B_labels_local_seeds,132,0.0,0,0.25,8667
280120-19,fix_B_labels_local_seeds,133,0.7386144639415763,1,0.0,9752
280120-19,fix_B_labels_local_seeds,134,0.9669366993217784,1,0.0,10460
280120-19,fix_B_labels_local_seeds,135,0.0,0,0.0,11416
280120-19,fix_B_labels_local_seeds,136,0.5750326228795128,1,0.0,5472
280120-19,fix_B_labels_local_seeds,137,0.0,0,0.1748768472906404,8208
280120-19,fix_B_labels_local_seeds,138,0.0,0,0.016423357664233577,14214
280120-19,fix_B_labels_local_seeds,139,0.97492528609957,1,0.0,13536
280120-19,fix_B_labels_local_seeds,140,0.3799033816425121,0,0.16895874263261296,6174
280120-19,fix_B_labels_local_seeds,141,0.9348960636886333,1,0.05531914893617021,10639
280120-19,fix_B_labels_local_seeds,142,0.0,0,0.11875,10898
280120-19,fix_B_labels_local_seeds,143,0.026749703440094898,0,0.024896265560165973,6371
280120-19,fix_B_labels_local_seeds,144,0.9020807833537332,1,0.0,6433
280120-19,fix_B_labels_local_seeds,145,0.9468879668049792,1,0.0,8340
280120-19,cellpose_sam,1,0.961667631731326,1,0.0,8332
280120-19,cellpose_sam,2,0.9725176470588235,1,0.0,10333
280120-19,cellpose_sam,3,0.9644077271880241,1,0.0,15531
280120-19,cellpose_sam,4,0.957386051619989,1,0.0,8718
280120-19,cellpose_sam,5,0.9444444444444444,1,0.0,9520
280120-19,cellpose_sam,6,0.9609308423467715,1,0.0035714285714285713,14659
280120-19,cellpose_sam,7,0.9569102612646725,1,0.0,12637
280120-19,cellpose_sam,8,0.966322934342775,1,0.0,7405
280120-19,cellpose_sam,9,0.9603134048714018,1,0.006097560975609756,11280
280120-19,cellpose_sam,10,0.9355353438646881,1,0.0,6246
280120-19,cellpose_sam,11,0.9649342517219787,1,0.0,9246
280120-19,cellpose_sam,12,0.9547883710987601,1,0.0,8933
280120-19,cellpose_sam,13,0.9481535572710202,1,0.0,9089
280120-19,cellpose_sam,14,0.9509400301907507,1,0.0,13859
280120-19,cellpose_sam,15,0.9430267680449953,1,0.0,9054
280120-19,cellpose_sam,16,0.9580297588506926,1,0.0,9336
280120-19,cellpose_sam,17,0.9390841320553781,1,0.0,8818
280120-19,cellpose_sam,18,0.9395866454689984,1,0.0,10047
280120-19,cellpose_sam,19,0.9476368272470631,1,0.0,10406
280120-19,cellpose_sam,20,0.8421915242332007,1,0.0,4271
280120-19,cellpose_sam,21,0.9499546311160746,1,0.0,13653
280120-19,cellpose_sam,22,0.9362388183898481,1,0.0,9001
280120-19,cellpose_sam,23,0.9457831325301205,1,0.0,12403
280120-19,cellpose_sam,24,0.949252087730568,1,0.0,10353
280120-19,cellpose_sam,25,0.9471671880431004,1,0.0,8175
280120-19,cellpose_sam,26,0.9339662270015963,1,0.0,11117
280120-19,cellpose_sam,27,0.945177199220094,1,0.0,8241
280120-19,cellpose_sam,28,0.9734578262694084,1,0.0,9308
280120-19,cellpose_sam,29,0.952683615819209,1,0.0,9443
280120-19,cellpose_sam,30,0.9397737694894528,1,0.0,9222
280120-19,cellpose_sam,31,0.9539163380499497,1,0.0,12337
280120-19,cellpose_sam,32,0.9438272153586348,1,0.0,10619
280120-19,cellpose_sam,33,0.9608410279230171,1,0.0,8669
280120-19,cellpose_sam,34,0.947473026689381,1,0.0,10011
280120-19,cellpose_sam,35,0.9267963263101027,1,0.0,6862
280120-19,cellpose_sam,36,0.9578904610385214,1,0.0,14163
280120-19,cellpose_sam,37,0.9357184750733137,1,0.0,7977
280120-19,cellpose_sam,38,0.943539714241819,1,0.0,12283
280120-19,cellpose_sam,39,0.9587161040398451,1,0.0,8662
280120-19,cellpose_sam,40,0.9571656050955414,1,0.0,12022
280120-19,cellpose_sam,41,0.9263977353149327,1,0.0,11781
280120-19,cellpose_sam,42,0.9427465767017266,1,0.0,9504
280120-19,cellpose_sam,43,0.0,0,0.0,4120
280120-19,cellpose_sam,44,0.9561847988077496,1,0.0,9633
280120-19,cellpose_sam,45,0.9471552200331431,1,0.12391304347826088,10288
280120-19,cellpose_sam,46,0.9389176283326701,1,0.0,9438
280120-19,cellpose_sam,47,0.967061435973353,1,0.0,10468
280120-19,cellpose_sam,48,0.9676036808269255,1,0.0,7714
280120-19,cellpose_sam,49,0.9545854947636292,1,0.0,9754
280120-19,cellpose_sam,50,0.0,0,0.0,5187
280120-19,cellpose_sam,51,0.9459248870188561,1,0.0,12140
280120-19,cellpose_sam,52,0.9552975591918823,1,0.02575107296137339,10451
280120-19,cellpose_sam,53,0.9493957703927492,1,0.0,11314
280120-19,cellpose_sam,54,0.9514761765565624,1,0.0,9854
280120-19,cellpose_sam,55,0.9329070829527526,1,0.0,11235
280120-19,cellpose_sam,56,0.9505685773961476,1,0.0,8194
280120-19,cellpose_sam,57,0.959265079173214,1,0.0,7951
280120-19,cellpose_sam,58,0.9547159699892819,1,0.0,17815
280120-19,cellpose_sam,59,0.9611068847470521,1,0.0,10111
280120-19,cellpose_sam,60,0.9687663355985363,1,0.0,7459
280120-19,cellpose_sam,61,0.9426095692578174,1,0.0,7508
280120-19,cellpose_sam,62,0.9559000861326443,1,0.0,11115
280120-19,cellpose_sam,63,0.9587585034013606,1,0.0,11279
280120-19,cellpose_sam,64,0.9384753564612103,1,0.16367713004484305,8387
280120-19,cellpose_sam,65,0.9492808478425435,1,0.09433962264150944,8789
280120-19,cellpose_sam,66,0.9619074229300549,1,0.0,10328
280120-19,cellpose_sam,67,0.953125,1,0.0,10634
280120-19,cellpose_sam,68,0.9487051169773552,1,0.0,7687
280120-19,cellpose_sam,69,0.9345822182575082,1,0.0,6286
280120-19,cellpose_sam,70,0.9549047790154509,1,0.0,10630
280120-19,cellpose_sam,71,0.9592619805698425,1,0.0,11750
280120-19,cellpose_sam,72,0.9499484004127967,1,0.09333333333333334,9237
280120-19,cellpose_sam,73,0.958436944937833,1,0.0,8094
280120-19,cellpose_sam,74,0.9398919934256867,1,0.0,8009
280120-19,cellpose_sam,75,0.945553943991967,1,0.0,8475
280120-19,cellpose_sam,76,0.9497147686456793,1,0.0,8990
280120-19,cellpose_sam,77,0.9534566920195254,1,0.0,16798
280120-19,cellpose_sam,78,0.9560975609756097,1,0.0,9216
280120-19,cellpose_sam,79,0.8231166150670794,1,0.0,4845
280120-19,cellpose_sam,80,0.9342738869646026,1,0.0,11212
280120-19,cellpose_sam,81,0.9327816821582408,1,0.0,8229
280120-19,cellpose_sam,82,0.9552198903889855,1,0.006756756756756757,7160
280120-19,cellpose_sam,83,0.9556830547037294,1,0.0,9661
280120-19,cellpose_sam,84,0.9528156157843,1,0.0,6791
280120-19,cellpose_sam,85,0.9541270783847982,1,0.0,6429
280120-19,cellpose_sam,86,0.9635496183206107,1,0.0,10106
280120-19,cellpose_sam,87,0.9625,1,0.10931174089068826,10264
280120-19,cellpose_sam,88,0.9803626796955746,1,0.0,10456
280120-19,cellpose_sam,89,0.9554518691329222,1,0.0,17201
280120-19,cellpose_sam,90,0.9604781391341805,1,0.0,8921
280120-19,cellpose_sam,91,0.961627140974967,1,0.00390625,11724
280120-19,cellpose_sam,92,0.9606115762650164,1,0.017374517374517374,13232
280120-19,cellpose_sam,93,0.5740872662511131,1,0.0,21807
280120-19,cellpose_sam,94,0.9362639724849527,1,0.05652173913043478,8782
280120-19,cellpose_sam,95,0.9647539426182785,1,0.0,10156
280120-19,cellpose_sam,96,0.9611064643326562,1,0.0,16097
280120-19,cellpose_sam,97,0.9446294754371357,1,0.1443089430894309,11361
280120-19,cellpose_sam,98,0.9413930976430976,1,0.0,8947
280120-19,cellpose_sam,99,0.9610282776349615,1,0.0,9358
280120-19,cellpose_sam,100,0.9560875512995896,1,0.0,14047
280120-19,cellpose_sam,101,0.945752009184845,1,0.0,9885
280120-19,cellpose_sam,102,0.9612158294680746,1,0.0,9741
280120-19,cellpose_sam,103,0.949815157116451,1,0.0,10277
280120-19,cellpose_sam,104,0.9584037876225905,1,0.0,8651
280120-19,cellpose_sam,105,0.9642635819045652,1,0.0,14006
280120-19,cellpose_sam,106,0.9719664839143478,1,0.0,9396
280120-19,cellpose_sam,107,0.9630233822729745,1,0.0,10626
280120-19,cellpose_sam,108,0.0,0,0.0,4378
280120-19,cellpose_sam,109,0.9470638662666095,1,0.0,8838
280120-19,cellpose_sam,110,0.9470212765957446,1,0.0,8917
280120-19,cellpose_sam,111,0.9630988786952089,1,0.11894273127753303,9460
280120-19,cellpose_sam,112,0.9724059184547315,1,0.0,20463
280120-19,cellpose_sam,113,0.9582112868580356,1,0.0,9814
280120-19,cellpose_sam,114,0.9615474794841735,1,0.0,12485
280120-19,cellpose_sam,115,0.9651657850599923,1,0.0,7487
280120-19,cellpose_sam,116,0.9519669827889006,1,0.0,10843
280120-19,cellpose_sam,117,0.9766519324492803,1,0.0,8643
280120-19,cellpose_sam,118,0.9481199917813848,1,0.0,9244
280120-19,cellpose_sam,119,0.9435180913464707,1,0.0,14316
280120-19,cellpose_sam,120,0.9430833951992081,1,0.10756972111553785,11449
280120-19,cellpose_sam,121,0.9530854189887527,1,0.0,9432
280120-19,cellpose_sam,122,0.9536212950110231,1,0.0,11682
280120-19,cellpose_sam,123,0.9345918638659931,1,0.0,14060
280120-19,cellpose_sam,124,0.9460304230047927,1,0.0,9086
280120-19,cellpose_sam,125,0.9644176816751061,1,0.0,7157
280120-19,cellpose_sam,126,0.9567226890756303,1,0.189010989010989,9171
280120-19,cellpose_sam,127,0.9453308596165739,1,0.0,7657
280120-19,cellpose_sam,128,0.949293818013429,1,0.0,8262
280120-19,cellpose_sam,129,0.9548907882241215,1,0.0,8044
280120-19,cellpose_sam,130,0.9531899512018797,1,0.0,5274
280120-19,cellpose_sam,131,0.9227072486984381,1,0.0,7030
280120-19,cellpose_sam,132,0.8829656862745098,1,0.25,8667
280120-19,cellpose_sam,133,0.8847454256165473,1,0.0,9752
280120-19,cellpose_sam,134,0.9522942461762564,1,0.0,10460
280120-19,cellpose_sam,135,0.8274862278921427,1,0.0,11416
280120-19,cellpose_sam,136,0.610258707582036,1,0.0,5472
280120-19,cellpose_sam,137,0.8795642284209266,1,0.1748768472906404,8208
280120-19,cellpose_sam,138,0.9462559178502367,1,0.016423357664233577,14214
280120-19,cellpose_sam,139,0.953169014084507,1,0.0,13536
280120-19,cellpose_sam,140,0.9437701643877707,1,0.16895874263261296,6174
280120-19,cellpose_sam,141,0.9292461080986532,1,0.05531914893617021,10639
280120-19,cellpose_sam,142,0.9530851157468533,1,0.11875,10898
280120-19,cellpose_sam,143,0.0008673528391349601,0,0.024896265560165973,6371
280120-19,cellpose_sam,144,0.826497446215756,1,0.0,6433
280120-19,cellpose_sam,145,0.9490155912142938,1,0.0,8340
280120-20,original,1,0.9477114921354683,1,0.0,7028
280120-20,original,2,0.9773522975929978,1,0.0,9060
280120-20,original,3,0.9708416169648774,1,0.0,11925
280120-20,original,4,0.9742808798646362,1,0.0,11682
280120-20,original,5,0.9698422208907529,1,0.0,9901
280120-20,original,6,0.0,0,0.0,9904
280120-20,original,7,0.7555229626913558,1,0.0,10811
280120-20,original,8,0.9629576659038902,1,0.0,6872
280120-20,original,9,0.9640645731977001,1,0.0,8955
280120-20,original,10,0.9677221654749745,1,0.0,9631
280120-20,original,11,0.9682760755184153,1,0.0,6359
280120-20,original,12,0.9670712654728999,1,0.0,8190
280120-20,original,13,0.9774251943350016,1,0.0,9258
280120-20,original,14,0.9648499210110585,1,0.0,9978
280120-20,original,15,0.961006602715834,1,0.0,7911
280120-20,original,16,0.9687348756170748,1,0.0,10162
280120-20,original,17,0.9493637675455857,1,0.0,7585
280120-20,original,18,0.0,0,0.0,8289
280120-20,original,19,0.9797541576283442,1,0.0,9573
280120-20,original,20,0.0,0,0.0,9214
280120-20,original,21,0.9693189819937632,1,0.0,9769
280120-20,original,22,0.0,0,0.0,12026
280120-20,original,23,0.9593752994155409,1,0.0,10276
280120-20,original,24,0.9672219818260493,1,0.0,9175
280120-20,original,25,0.9683984454898752,1,0.0,9600
280120-20,original,26,0.9656454156341518,1,0.0,8801
280120-20,original,27,0.9591547967172909,1,0.0,10310
280120-20,original,28,0.6753731343283582,1,0.0,11597
280120-20,original,29,0.7083599234205488,1,0.0,10932
280120-20,original,30,0.9626280892103677,1,0.0,9694
280120-20,original,31,0.974939029518123,1,0.0,11729
280120-20,original,32,0.9516468114926419,1,0.0,7060
280120-20,original,33,0.6760402614921656,1,0.0,9471
280120-20,original,34,0.9609624600638977,1,0.0,9775
280120-20,original,35,0.6638783881605405,1,0.0,12282
280120-20,original,36,0.9703425735383125,1,0.0,8086
280120-20,original,37,0.7161758773699072,1,0.0,12290
280120-20,original,38,0.0,0,0.0,11745
280120-20,original,39,0.0,0,0.0,9839
280120-20,original,40,0.9649595687331537,1,0.0,7343
280120-20,original,41,0.9569312273128617,1,0.0,9946
280120-20,original,42,0.8042290748898678,1,0.0,11215
280120-20,original,43,0.0,0,0.0,11056
280120-20,original,44,0.5230084116773874,1,0.0,10005
280120-20,original,45,0.9721933471933472,1,0.0,11417
280120-20,original,46,0.9730941704035875,1,0.0,9460
280120-20,original,47,0.0,0,0.0,8645
280120-20,original,48,0.9678798727128083,1,0.0,9980
280120-20,original,49,0.9641922436354985,1,0.0,8299
280120-20,original,50,0.0,0,0.0,7748
280120-20,original,51,0.0,0,0.16942148760330578,11627
280120-20,original,52,0.9556240782946775,1,0.0,7344
280120-20,original,53,0.7155795523817817,1,0.0,11371
280120-20,original,54,0.7698955707598127,1,0.0,10932
280120-20,original,55,0.9710316287318947,1,0.0,10011
280120-20,original,56,0.9692023406221127,1,0.0,9609
280120-20,original,57,0.9729456018518519,1,0.0,13618
280120-20,original,58,0.9686598348423042,1,0.0,9880
280120-20,original,59,0.9704745456040793,1,0.0,12001
280120-20,original,60,0.8485940246045695,1,0.0,11053
280120-20,original,61,0.746576117713639,1,0.0,8758
280120-20,original,62,0.0,0,0.0,8301
280120-20,original,63,0.0,0,0.0,10139
280120-20,original,64,0.9715583432464583,1,0.0,9102
280120-20,original,65,0.7835812791834076,1,0.0,9152
280120-20,original,66,0.0,0,0.0,6196
280120-20,original,67,0.9611802674043338,1,0.0,10715
280120-20,original,68,0.9214241866175568,1,0.0,6442
280120-20,original,69,0.0,0,0.10900473933649289,8545
280120-20,original,70,0.0,0,0.0,10991
280120-20,original,71,0.0,0,0.10222222222222223,9681
280120-20,original,72,0.0,0,0.0,7503
280120-20,original,73,0.9615615615615616,1,0.0,8158
280120-20,original,74,0.9660689441953935,1,0.0,12613
280120-20,original,75,0.0,0,0.0,4886
280120-20,original,76,0.9386760525247055,1,0.0,7326
280120-20,original,77,0.7141379958638842,1,0.0,10565
280120-20,original,78,0.9787305590584279,1,0.0,11817
280120-20,original,79,0.0,0,0.0,7595
280120-20,original,80,0.0,0,0.10900473933649289,9088
280120-20,original,81,0.0,0,0.09274193548387097,11922
280120-20,original,82,0.0,0,0.0,9089
280120-20,original,83,0.0,0,0.0,7798
280120-20,original,84,0.9727165817326539,1,0.0,12481
280120-20,original,85,0.0,0,0.0,5062
280120-20,original,86,0.0,0,0.1891891891891892,8355
280120-20,original,87,0.0,0,0.07349665924276169,9855
280120-20,original,88,0.9643046007403491,1,0.0,11193
280120-20,original,89,0.0,0,0.02330097087378641,12400
280120-20,original,90,0.0,0,0.0,5825
280120-20,original,91,0.0,0,0.0,8983
280120-20,original,92,0.9685344827586206,1,0.0,9173
280120-20,original,93,0.9630510624801776,1,0.0,6188
280120-20,original,94,0.9280456385719543,1,0.0,5424
280120-20,original,95,0.9587360191117386,1,0.0,9160
280120-20,original,96,0.9302474676240544,1,0.0,7584
280120-20,original,97,0.0,0,0.0,5618
280120-20,original,98,0.956013303293638,1,0.0,9170
280120-20,original,99,0.5289200936141759,1,0.03217821782178218,8091
280120-20,original,100,0.0,0,0.0,9548
280120-20,original,101,0.9590497319282677,1,0.0,10641
280120-20,original,102,0.0,0,0.0,10021
280120-20,original,103,0.9705812761258774,1,0.0,12513
280120-20,original,104,0.970962064919828,1,0.0,10158
280120-20,original,105,0.0,0,0.047619047619047616,11295
280120-20,original,106,0.9706455102776776,1,0.0,13716
280120-20,original,107,0.0,0,0.14107883817427386,10136
280120-20,original,108,0.3554478885646644,0,0.028634361233480177,9845
280120-20,original,109,0.0,0,0.0,8537
280120-20,original,110,0.9760012842122161,1,0.0,12287
280120-20,original,111,0.0,0,0.0,5017
280120-20,original,112,0.9570033229282046,1,0.0,9795
280120-20,original,113,0.9617480136208854,1,0.0,8694
280120-20,original,114,0.0,0,0.17660044150110377,9270
280120-20,original,115,0.0,0,0.14285714285714285,9860
280120-20,original,116,0.0,0,0.0,8272
280120-20,original,117,0.9263115087433916,1,0.0,12191
280120-20,original,118,0.0,0,0.1337448559670782,10119
280120-20,original,119,0.0,0,0.0,8949
280120-20,original,120,0.0,0,0.0,14744
280120-20,original,121,0.0,0,0.24776785714285715,9832
280120-20,original,122,0.0,0,0.0,8911
280120-20,original,123,0.9605584997961679,1,0.0,9625
280120-20,original,124,0.9636989414897071,1,0.0,15127
280120-20,original,125,0.9349660086821198,1,0.0,12063
280120-20,original,126,0.0,0,0.1337579617834395,7687
280120-20,original,127,0.0,0,0.17777777777777778,9439
280120-20,original,128,0.0,0,0.02926829268292683,6714
280120-20,original,129,0.9629811228242217,1,0.0,8040
280120-20,original,130,0.0,0,0.028634361233480177,9057
280120-20,original,131,0.7194633211360865,1,0.0,11429
280120-20,original,132,0.0,0,0.0593607305936073,8780
280120-20,original,133,0.9694036584365515,1,0.0,12033
280120-20,original,134,0.0,0,0.0,12061
280120-20,original,135,0.0,0,0.24949698189134809,9787
280120-20,original,136,0.0,0,0.1966824644549763,7459
280120-20,original,137,0.0,0,0.18925233644859812,7762
280120-20,original,138,0.5248695026099478,1,0.0228310502283105,8910
280120-20,original,139,0.0,0,0.0,7652
280120-20,original,140,0.0,0,0.0525164113785558,10186
280120-20,original,141,0.0,0,0.06846473029045644,10793
280120-20,original,142,0.0,0,0.0,8035
280120-20,original,143,0.0,0,0.0045871559633027525,8367
280120-20,original,144,0.0,0,0.004395604395604396,8958
280120-20,original,145,0.9054608245197496,1,0.0,8625
280120-20,original,146,0.0,0,0.09428571428571429,4937
280120-20,original,147,0.0,0,0.05627705627705628,9343
280120-20,original,148,0.0,0,0.1261682242990654,7410
280120-20,original,149,0.0,0,0.0022026431718061676,8654
280120-20,original,150,4.7103155911446066e-05,0,0.0,5631
280120-20,original,151,0.7838224767358626,1,0.0,9717
280120-20,original,152,0.0,0,0.0,22427
280120-20,original,153,0.0,0,0.008016032064128256,11648
280120-20,original,154,0.0,0,0.21914893617021278,9729
280120-20,original,155,0.0,0,0.0,8878
280120-20,original,156,0.5631252374319362,1,0.002136752136752137,9177
280120-20,original,157,0.37834054466785444,0,0.002004008016032064,6151
280120-20,original,158,0.0,0,0.0020161290322580645,11283
280120-20,original,159,0.9384098544232923,1,0.0,7930
280120-20,original,160,0.0,0,0.040697674418604654,12119
280120-20,original,161,0.9691338582677166,1,0.0,15660
280120-20,original,162,0.0,0,0.11946902654867257,8341
280120-20,original,163,0.0,0,0.0,7153
280120-20,original,164,0.0,0,0.0,4684
280120-20,original,165,0.2630414163768574,0,0.0044943820224719105,7798
280120-20,original,166,0.32068185579522257,0,0.020618556701030927,7435
280120-20,original,167,0.0,0,0.06458333333333334,10688
280120-20,original,168,0.0,0,0.0,8155
280120-20,original,169,0.0,0,0.22384937238493724,9313
280120-20,original,170,0.0,0,0.12560386473429952,8090
280120-20,original,171,0.62002575265191,1,0.0037174721189591076,10249
280120-20,original,172,0.0,0,0.24267782426778242,8772
280120-20,original,173,0.0,0,0.3098159509202454,4718
280120-20,original,174,0.0,0,0.1,7578
280120-20,fix_A_labels,1,0.9477114921354683,1,0.0,7028
280120-20,fix_A_labels,2,0.9773522975929978,1,0.0,9060
280120-20,fix_A_labels,3,0.9708416169648774,1,0.0,11925
280120-20,fix_A_labels,4,0.48758714504336,0,0.0,11682
280120-20,fix_A_labels,5,0.9698422208907529,1,0.0,9901
280120-20,fix_A_labels,6,0.0,0,0.0,9904
280120-20,fix_A_labels,7,0.7555229626913558,1,0.0,10811
280120-20,fix_A_labels,8,0.9629576659038902,1,0.0,6872
280120-20,fix_A_labels,9,0.6381047271117015,1,0.0,8955
280120-20,fix_A_labels,10,0.9677221654749745,1,0.0,9631
280120-20,fix_A_labels,11,0.9682760755184153,1,0.0,6359
280120-20,fix_A_labels,12,0.9670712654728999,1,0.0,8190
280120-20,fix_A_labels,13,0.9774251943350016,1,0.0,9258
280120-20,fix_A_labels,14,0.0,0,0.0,9978
280120-20,fix_A_labels,15,0.961006602715834,1,0.0,7911
280120-20,fix_A_labels,16,0.9687348756170748,1,0.0,10162
280120-20,fix_A_labels,17,0.9493637675455857,1,0.0,7585
280120-20,fix_A_labels,18,0.0,0,0.0,8289
280120-20,fix_A_labels,19,0.9797541576283442,1,0.0,9573
280120-20,fix_A_labels,20,0.9570806331668968,1,0.0,9214
280120-20,fix_A_labels,21,0.9693189819937632,1,0.0,9769
280120-20,fix_A_labels,22,0.0,0,0.0,12026
280120-20,fix_A_labels,23,0.9593752994155409,1,0.0,10276
280120-20,fix_A_labels,24,0.9672219818260493,1,0.0,9175
280120-20,fix_A_labels,25,0.5115822130299896,1,0.0,9600
280120-20,fix_A_labels,26,0.9656454156341518,1,0.0,8801
280120-20,fix_A_labels,27,0.9591547967172909,1,0.0,10310
280120-20,fix_A_labels,28,0.6753731343283582,1,0.0,11597
280120-20,fix_A_labels,29,0.7083599234205488,1,0.0,10932
280120-20,fix_A_labels,30,0.9626280892103677,1,0.0,9694
280120-20,fix_A_labels,31,0.974939029518123,1,0.0,11729
280120-20,fix_A_labels,32,0.9516468114926419,1,0.0,7060
280120-20,fix_A_labels,33,0.0,0,0.0,9471
280120-20,fix_A_labels,34,0.9609624600638977,1,0.0,9775
280120-20,fix_A_labels,35,0.0,0,0.0,12282
280120-20,fix_A_labels,36,0.9703425735383125,1,0.0,8086
280120-20,fix_A_labels,37,0.7161758773699072,1,0.0,12290
280120-20,fix_A_labels,38,0.9743892165122157,1,0.0,11745
280120-20,fix_A_labels,39,0.0,0,0.0,9839
280120-20,fix_A_labels,40,0.9649595687331537,1,0.0,7343
280120-20,fix_A_labels,41,0.9569312273128617,1,0.0,9946
280120-20,fix_A_labels,42,0.8042290748898678,1,0.0,11215
280120-20,fix_A_labels,43,0.9644769725098179,1,0.0,11056
280120-20,fix_A_labels,44,0.5230084116773874,1,0.0,10005
280120-20,fix_A_labels,45,0.9721933471933472,1,0.0,11417
280120-20,fix_A_labels,46,0.9730941704035875,1,0.0,9460
280120-20,fix_A_labels,47,0.0,0,0.0,8645
280120-20,fix_A_labels,48,0.9678798727128083,1,0.0,9980
280120-20,fix_A_labels,49,0.9641922436354985,1,0.0,8299
280120-20,fix_A_labels,50,0.0,0,0.0,7748
280120-20,fix_A_labels,51,0.0,0,0.16942148760330578,11627
280120-20,fix_A_labels,52,0.9556240782946775,1,0.0,7344
280120-20,fix_A_labels,53,0.7155795523817817,1,0.0,11371
280120-20,fix_A_labels,54,0.7698955707598127,1,0.0,10932
280120-20,fix_A_labels,55,0.9710316287318947,1,0.0,10011
280120-20,fix_A_labels,56,0.9692023406221127,1,0.0,9609
280120-20,fix_A_labels,57,0.9729456018518519,1,0.0,13618
280120-20,fix_A_labels,58,0.9686598348423042,1,0.0,9880
280120-20,fix_A_labels,59,0.9704745456040793,1,0.0,12001
280120-20,fix_A_labels,60,0.8485940246045695,1,0.0,11053
280120-20,fix_A_labels,61,0.746576117713639,1,0.0,8758
280120-20,fix_A_labels,62,0.9494290375203915,1,0.0,8301
280120-20,fix_A_labels,63,0.0,0,0.0,10139
280120-20,fix_A_labels,64,0.9715583432464583,1,0.0,9102
280120-20,fix_A_labels,65,0.0,0,0.0,9152
280120-20,fix_A_labels,66,0.0,0,0.0,6196
280120-20,fix_A_labels,67,0.9611802674043338,1,0.0,10715
280120-20,fix_A_labels,68,0.9214241866175568,1,0.0,6442
280120-20,fix_A_labels,69,0.9640353900953694,1,0.10900473933649289,8545
280120-20,fix_A_labels,70,0.0,0,0.0,10991
280120-20,fix_A_labels,71,0.0,0,0.10222222222222223,9681
280120-20,fix_A_labels,72,0.9470347378153481,1,0.0,7503
280120-20,fix_A_labels,73,0.9615615615615616,1,0.0,8158
280120-20,fix_A_labels,74,0.634096451892062,1,0.0,12613
280120-20,fix_A_labels,75,0.0,0,0.0,4886
280120-20,fix_A_labels,76,0.0,0,0.0,7326
280120-20,fix_A_labels,77,0.7141379958638842,1,0.0,10565
280120-20,fix_A_labels,78,0.9787305590584279,1,0.0,11817
280120-20,fix_A_labels,79,0.0,0,0.0,7595
280120-20,fix_A_labels,80,0.0,0,0.10900473933649289,9088
280120-20,fix_A_labels,81,0.9606649111257406,1,0.09274193548387097,11922
280120-20,fix_A_labels,82,0.9473345489649254,1,0.0,9089
280120-20,fix_A_labels,83,0.0,0,0.0,7798
280120-20,fix_A_labels,84,0.9727165817326539,1,0.0,12481
280120-20,fix_A_labels,85,0.0,0,0.0,5062
280120-20,fix_A_labels,86,0.0,0,0.1891891891891892,8355
280120-20,fix_A_labels,87,0.9078332398579174,1,0.07349665924276169,9855
280120-20,fix_A_labels,88,0.9643046007403491,1,0.0,11193
280120-20,fix_A_labels,89,0.0,0,0.02330097087378641,12400
280120-20,fix_A_labels,90,0.0,0,0.0,5825
280120-20,fix_A_labels,91,0.0,0,0.0,8983
280120-20,fix_A_labels,92,0.8689781810326205,1,0.0,9173
280120-20,fix_A_labels,93,0.9630510624801776,1,0.0,6188
280120-20,fix_A_labels,94,0.9280456385719543,1,0.0,5424
280120-20,fix_A_labels,95,0.9587360191117386,1,0.0,9160
280120-20,fix_A_labels,96,0.9302474676240544,1,0.0,7584
280120-20,fix_A_labels,97,0.0,0,0.0,5618
280120-20,fix_A_labels,98,0.956013303293638,1,0.0,9170
280120-20,fix_A_labels,99,0.9222338813104816,1,0.03217821782178218,8091
280120-20,fix_A_labels,100,0.0,0,0.0,9548
280120-20,fix_A_labels,101,0.9590497319282677,1,0.0,10641
280120-20,fix_A_labels,102,0.0,0,0.0,10021
280120-20,fix_A_labels,103,0.9705812761258774,1,0.0,12513
280120-20,fix_A_labels,104,0.970962064919828,1,0.0,10158
280120-20,fix_A_labels,105,0.9249476987447699,1,0.047619047619047616,11295
280120-20,fix_A_labels,106,0.9706455102776776,1,0.0,13716
280120-20,fix_A_labels,107,0.0,0,0.14107883817427386,10136
280120-20,fix_A_labels,108,0.6080960412739359,1,0.028634361233480177,9845
280120-20,fix_A_labels,109,0.0,0,0.0,8537
280120-20,fix_A_labels,110,0.9760012842122161,1,0.0,12287
280120-20,fix_A_labels,111,0.0,0,0.0,5017
280120-20,fix_A_labels,112,0.9570033229282046,1,0.0,9795
280120-20,fix_A_labels,113,0.7532939572921399,1,0.0,8694
280120-20,fix_A_labels,114,0.9563790365272631,1,0.17660044150110377,9270
280120-20,fix_A_labels,115,0.0,0,0.14285714285714285,9860
280120-20,fix_A_labels,116,0.0,0,0.0,8272
280120-20,fix_A_labels,117,0.9263115087433916,1,0.0,12191
280120-20,fix_A_labels,118,0.7505112474437627,1,0.1337448559670782,10119
280120-20,fix_A_labels,119,0.9466019417475728,1,0.0,8949
280120-20,fix_A_labels,120,0.952085942134054,1,0.0,14744
280120-20,fix_A_labels,121,0.0,0,0.24776785714285715,9832
280120-20,fix_A_labels,122,0.9601868327402135,1,0.0,8911
280120-20,fix_A_labels,123,0.9605584997961679,1,0.0,9625
280120-20,fix_A_labels,124,0.9636989414897071,1,0.0,15127
280120-20,fix_A_labels,125,0.9349660086821198,1,0.0,12063
280120-20,fix_A_labels,126,0.853941531111364,1,0.1337579617834395,7687
280120-20,fix_A_labels,127,0.6383823978812264,1,0.17777777777777778,9439
280120-20,fix_A_labels,128,0.0,0,0.02926829268292683,6714
280120-20,fix_A_labels,129,0.9629811228242217,1,0.0,8040
280120-20,fix_A_labels,130,0.9377309280591176,1,0.028634361233480177,9057
280120-20,fix_A_labels,131,0.7194633211360865,1,0.0,11429
280120-20,fix_A_labels,132,0.0,0,0.0593607305936073,8780
280120-20,fix_A_labels,133,0.9694036584365515,1,0.0,12033
280120-20,fix_A_labels,134,0.0,0,0.0,12061
280120-20,fix_A_labels,135,0.0,0,0.24949698189134809,9787
280120-20,fix_A_labels,136,0.4460207827764296,0,0.1966824644549763,7459
280120-20,fix_A_labels,137,0.4783045525902669,0,0.18925233644859812,7762
280120-20,fix_A_labels,138,0.7862794461427801,1,0.0228310502283105,8910
280120-20,fix_A_labels,139,0.8751326494517156,1,0.0,7652
280120-20,fix_A_labels,140,0.9254162255798287,1,0.0525164113785558,10186
280120-20,fix_A_labels,141,0.6632558139534884,1,0.06846473029045644,10793
280120-20,fix_A_labels,142,0.8859915100060642,1,0.0,8035
280120-20,fix_A_labels,143,0.0,0,0.0045871559633027525,8367
280120-20,fix_A_labels,144,0.0,0,0.004395604395604396,8958
280120-20,fix_A_labels,145,0.6241159023499886,1,0.0,8625
280120-20,fix_A_labels,146,0.2964749536178108,0,0.09428571428571429,4937
280120-20,fix_A_labels,147,0.0,0,0.05627705627705628,9343
280120-20,fix_A_labels,148,0.7981062255115368,1,0.1261682242990654,7410
280120-20,fix_A_labels,149,0.0,0,0.0022026431718061676,8654
280120-20,fix_A_labels,150,4.7103155911446066e-05,0,0.0,5631
280120-20,fix_A_labels,151,0.0,0,0.0,9717
280120-20,fix_A_labels,152,0.0,0,0.0,22427
280120-20,fix_A_labels,153,0.5123346137430644,1,0.008016032064128256,11648
280120-20,fix_A_labels,154,0.0,0,0.21914893617021278,9729
280120-20,fix_A_labels,155,0.0,0,0.0,8878
280120-20,fix_A_labels,156,0.578232032184408,1,0.002136752136752137,9177
280120-20,fix_A_labels,157,0.2689685506927645,0,0.002004008016032064,6151
280120-20,fix_A_labels,158,0.0,0,0.0020161290322580645,11283
280120-20,fix_A_labels,159,0.9384098544232923,1,0.0,7930
280120-20,fix_A_labels,160,0.8407358187032244,1,0.040697674418604654,12119
280120-20,fix_A_labels,161,0.9691338582677166,1,0.0,15660
280120-20,fix_A_labels,162,0.09232334981099156,0,0.11946902654867257,8341
280120-20,fix_A_labels,163,0.6229186155285313,1,0.0,7153
280120-20,fix_A_labels,164,0.0,0,0.0,4684
280120-20,fix_A_labels,165,0.6174801362088536,1,0.0044943820224719105,7798
280120-20,fix_A_labels,166,0.7034944823962165,1,0.020618556701030927,7435
280120-20,fix_A_labels,167,0.8883023061961656,1,0.06458333333333334,10688
280120-20,fix_A_labels,168,0.642337426102774,1,0.0,8155
280120-20,fix_A_labels,169,0.0,0,0.22384937238493724,9313
280120-20,fix_A_labels,170,0.7333008288639687,1,0.12560386473429952,8090
280120-20,fix_A_labels,171,0.8971123944913372,1,0.0037174721189591076,10249
280120-20,fix_A_labels,172,0.0001710083794105911,0,0.24267782426778242,8772
280120-20,fix_A_labels,173,0.0,0,0.3098159509202454,4718
280120-20,fix_A_labels,174,0.0,0,0.1,7578
280120-20,fix_B_labels_local_seeds,1,0.9482489720686232,1,0.0,7028
280120-20,fix_B_labels_local_seeds,2,0.9773522975929978,1,0.0,9060
280120-20,fix_B_labels_local_seeds,3,0.971996685998343,1,0.0,11925
280120-20,fix_B_labels_local_seeds,4,0.9742808798646362,1,0.0,11682
280120-20,fix_B_labels_local_seeds,5,0.969742360695027,1,0.0,9901
280120-20,fix_B_labels_local_seeds,6,0.9707200478040036,1,0.0,9904
280120-20,fix_B_labels_local_seeds,7,0.8721004859264693,1,0.0,10811
280120-20,fix_B_labels_local_seeds,8,0.9629576659038902,1,0.0,6872
280120-20,fix_B_labels_local_seeds,9,0.9641751437417072,1,0.0,8955
280120-20,fix_B_labels_local_seeds,10,0.9674157303370786,1,0.0,9631
280120-20,fix_B_labels_local_seeds,11,0.9682760755184153,1,0.0,6359
280120-20,fix_B_labels_local_seeds,12,0.9684717208182912,1,0.0,8190
280120-20,fix_B_labels_local_seeds,13,0.9774251943350016,1,0.0,9258
280120-20,fix_B_labels_local_seeds,14,0.9638506487075369,1,0.0,9978
280120-20,fix_B_labels_local_seeds,15,0.9608820231717952,1,0.0,7911
280120-20,fix_B_labels_local_seeds,16,0.9685565015479877,1,0.0,10162
280120-20,fix_B_labels_local_seeds,17,0.9506755870392234,1,0.0,7585
280120-20,fix_B_labels_local_seeds,18,0.9686902485659655,1,0.0,8289
280120-20,fix_B_labels_local_seeds,19,0.9797541576283442,1,0.0,9573
280120-20,fix_B_labels_local_seeds,20,0.9573948151296218,1,0.0,9214
280120-20,fix_B_labels_local_seeds,21,0.9694164989939638,1,0.0,9769
280120-20,fix_B_labels_local_seeds,22,0.9684846505551927,1,0.0,12026
280120-20,fix_B_labels_local_seeds,23,0.9593752994155409,1,0.0,10276
280120-20,fix_B_labels_local_seeds,24,0.8801210679926494,1,0.0,9175
280120-20,fix_B_labels_local_seeds,25,0.9685965630114566,1,0.0,9600
280120-20,fix_B_labels_local_seeds,26,0.9657580536156792,1,0.0,8801
280120-20,fix_B_labels_local_seeds,27,0.9591547967172909,1,0.0,10310
280120-20,fix_B_labels_local_seeds,28,0.7094285229777854,1,0.0,11597
280120-20,fix_B_labels_local_seeds,29,0.9633679606342264,1,0.0,10932
280120-20,fix_B_labels_local_seeds,30,0.9625351546805946,1,0.0,9694
280120-20,fix_B_labels_local_seeds,31,0.9746888664648503,1,0.0,11729
280120-20,fix_B_labels_local_seeds,32,0.9516468114926419,1,0.0,7060
280120-20,fix_B_labels_local_seeds,33,0.9637980968142326,1,0.0,9471
280120-20,fix_B_labels_local_seeds,34,0.9609624600638977,1,0.0,9775
280120-20,fix_B_labels_local_seeds,35,0.973942415956249,1,0.0,12282
280120-20,fix_B_labels_local_seeds,36,0.9703389830508474,1,0.0,8086
280120-20,fix_B_labels_local_seeds,37,0.8192372813029106,1,0.0,12290
280120-20,fix_B_labels_local_seeds,38,0.9743892165122157,1,0.0,11745
280120-20,fix_B_labels_local_seeds,39,0.7985553772070626,1,0.0,9839
280120-20,fix_B_labels_local_seeds,40,0.9657681940700809,1,0.0,7343
280120-20,fix_B_labels_local_seeds,41,0.9568373553070434,1,0.0,9946
280120-20,fix_B_labels_local_seeds,42,0.9638638551054336,1,0.0,11215
280120-20,fix_B_labels_local_seeds,43,0.9641199571581578,1,0.0,11056
280120-20,fix_B_labels_local_seeds,44,0.5764473033151905,1,0.0,10005
280120-20,fix_B_labels_local_seeds,45,0.9721067221067221,1,0.0,11417
280120-20,fix_B_labels_local_seeds,46,0.9731984565648139,1,0.0,9460
280120-20,fix_B_labels_local_seeds,47,0.9651468403611015,1,0.0,8645
280120-20,fix_B_labels_local_seeds,48,0.9681845297275801,1,0.0,9980
280120-20,fix_B_labels_local_seeds,49,0.9638267491670633,1,0.0,8299
280120-20,fix_B_labels_local_seeds,50,0.8018964633521272,1,0.0,7748
280120-20,fix_B_labels_local_seeds,51,0.0,0,0.16942148760330578,11627
280120-20,fix_B_labels_local_seeds,52,0.9556240782946775,1,0.0,7344
280120-20,fix_B_labels_local_seeds,53,0.9643292152427353,1,0.0,11371
280120-20,fix_B_labels_local_seeds,54,0.9709726854773281,1,0.0,10932
280120-20,fix_B_labels_local_seeds,55,0.9710344827586207,1,0.0,10011
280120-20,fix_B_labels_local_seeds,56,0.7762036751873524,1,0.0,9609
280120-20,fix_B_labels_local_seeds,57,0.9728771879068422,1,0.0,13618
280120-20,fix_B_labels_local_seeds,58,0.9688588200179087,1,0.0,9880
280120-20,fix_B_labels_local_seeds,59,0.970803520026318,1,0.0,12001
280120-20,fix_B_labels_local_seeds,60,0.96530827331811,1,0.0,11053
280120-20,fix_B_labels_local_seeds,61,0.9636877828054299,1,0.0,8758
280120-20,fix_B_labels_local_seeds,62,0.94989512934048,1,0.0,8301
280120-20,fix_B_labels_local_seeds,63,0.9735439480569823,1,0.0,10139
280120-20,fix_B_labels_local_seeds,64,0.9719909159727479,1,0.0,9102
280120-20,fix_B_labels_local_seeds,65,0.9523602821486706,1,0.0,9152
280120-20,fix_B_labels_local_seeds,66,0.9455569461827285,1,0.0,6196
280120-20,fix_B_labels_local_seeds,67,0.9611802674043338,1,0.0,10715
280120-20,fix_B_labels_local_seeds,68,0.9226519337016574,1,0.0,6442
280120-20,fix_B_labels_local_seeds,69,0.9641461732934957,1,0.10900473933649289,8545
280120-20,fix_B_labels_local_seeds,70,0.9778581111613195,1,0.0,10991
280120-20,fix_B_labels_local_seeds,71,0.0,0,0.10222222222222223,9681
280120-20,fix_B_labels_local_seeds,72,0.9470347378153481,1,0.0,7503
280120-20,fix_B_labels_local_seeds,73,0.9615615615615616,1,0.0,8158
280120-20,fix_B_labels_local_seeds,74,0.9656397189406224,1,0.0,12613
280120-20,fix_B_labels_local_seeds,75,0.0,0,0.0,4886
280120-20,fix_B_labels_local_seeds,76,0.9379991877622851,1,0.0,7326
280120-20,fix_B_labels_local_seeds,77,0.7315284827975184,1,0.0,10565
280120-20,fix_B_labels_local_seeds,78,0.9787341346557956,1,0.0,11817
280120-20,fix_B_labels_local_seeds,79,0.9712211563391236,1,0.0,7595
280120-20,fix_B_labels_local_seeds,80,0.0,0,0.10900473933649289,9088
280120-20,fix_B_labels_local_seeds,81,0.9608294930875576,1,0.09274193548387097,11922
280120-20,fix_B_labels_local_seeds,82,0.9471427039776992,1,0.0,9089
280120-20,fix_B_labels_local_seeds,83,0.9658444022770398,1,0.0,7798
280120-20,fix_B_labels_local_seeds,84,0.9727165817326539,1,0.0,12481
280120-20,fix_B_labels_local_seeds,85,0.0,0,0.0,5062
280120-20,fix_B_labels_local_seeds,86,0.0,0,0.1891891891891892,8355
280120-20,fix_B_labels_local_seeds,87,0.910215557638238,1,0.07349665924276169,9855
280120-20,fix_B_labels_local_seeds,88,0.9673817478459645,1,0.0,11193
280120-20,fix_B_labels_local_seeds,89,0.0,0,0.02330097087378641,12400
280120-20,fix_B_labels_local_seeds,90,0.0,0,0.0,5825
280120-20,fix_B_labels_local_seeds,91,0.9710843373493976,1,0.0,8983
280120-20,fix_B_labels_local_seeds,92,0.9679956896551725,1,0.0,9173
280120-20,fix_B_labels_local_seeds,93,0.9633682207421503,1,0.0,6188
280120-20,fix_B_labels_local_seeds,94,0.9280456385719543,1,0.0,5424
280120-20,fix_B_labels_local_seeds,95,0.9589487402258905,1,0.0,9160
280120-20,fix_B_labels_local_seeds,96,0.9304024609074596,1,0.0,7584
280120-20,fix_B_labels_local_seeds,97,0.0,0,0.0,5618
280120-20,fix_B_labels_local_seeds,98,0.9583780304655654,1,0.0,9170
280120-20,fix_B_labels_local_seeds,99,0.0,0,0.03217821782178218,8091
280120-20,fix_B_labels_local_seeds,100,0.9737059187461332,1,0.0,9548
280120-20,fix_B_labels_local_seeds,101,0.9587647928994083,1,0.0,10641
280120-20,fix_B_labels_local_seeds,102,0.976792415563895,1,0.0,10021
280120-20,fix_B_labels_local_seeds,103,0.9704212020823474,1,0.0,12513
280120-20,fix_B_labels_local_seeds,104,0.9698865858427845,1,0.0,10158
280120-20,fix_B_labels_local_seeds,105,0.0,0,0.047619047619047616,11295
280120-20,fix_B_labels_local_seeds,106,0.9709340064911648,1,0.0,13716
280120-20,fix_B_labels_local_seeds,107,0.0,0,0.14107883817427386,10136
280120-20,fix_B_labels_local_seeds,108,0.0,0,0.028634361233480177,9845
280120-20,fix_B_labels_local_seeds,109,0.9705882352941176,1,0.0,8537
280120-20,fix_B_labels_local_seeds,110,0.9760012842122161,1,0.0,12287
280120-20,fix_B_labels_local_seeds,111,0.0,0,0.0,5017
280120-20,fix_B_labels_local_seeds,112,0.9567143144755386,1,0.0,9795
280120-20,fix_B_labels_local_seeds,113,0.960412885662432,1,0.0,8694
280120-20,fix_B_labels_local_seeds,114,0.0,0,0.17660044150110377,9270
280120-20,fix_B_labels_local_seeds,115,0.0,0,0.14285714285714285,9860
280120-20,fix_B_labels_local_seeds,116,0.9695208728652751,1,0.0,8272
280120-20,fix_B_labels_local_seeds,117,0.9337987481945114,1,0.0,12191
280120-20,fix_B_labels_local_seeds,118,0.0,0,0.1337448559670782,10119
280120-20,fix_B_labels_local_seeds,119,0.9466019417475728,1,0.0,8949
280120-20,fix_B_labels_local_seeds,120,0.9551993693752874,1,0.0,14744
280120-20,fix_B_labels_local_seeds,121,0.0,0,0.24776785714285715,9832
280120-20,fix_B_labels_local_seeds,122,0.9609044330585876,1,0.0,8911
280120-20,fix_B_labels_local_seeds,123,0.9609661638809621,1,0.0,9625
280120-20,fix_B_labels_local_seeds,124,0.9636989414897071,1,0.0,15127
280120-20,fix_B_labels_local_seeds,125,0.9357031697927758,1,0.0,12063
280120-20,fix_B_labels_local_seeds,126,0.0,0,0.1337579617834395,7687
280120-20,fix_B_labels_local_seeds,127,0.0,0,0.17777777777777778,9439
280120-20,fix_B_labels_local_seeds,128,0.0,0,0.02926829268292683,6714
280120-20,fix_B_labels_local_seeds,129,0.9629811228242217,1,0.0,8040
280120-20,fix_B_labels_local_seeds,130,0.0,0,0.028634361233480177,9057
280120-20,fix_B_labels_local_seeds,131,0.7619379574764726,1,0.0,11429
280120-20,fix_B_labels_local_seeds,132,0.0,0,0.0593607305936073,8780
280120-20,fix_B_labels_local_seeds,133,0.9703879911410057,1,0.0,12033
280120-20,fix_B_labels_local_seeds,134,0.0,0,0.0,12061
280120-20,fix_B_labels_local_seeds,135,0.0006154387198874626,0,0.24949698189134809,9787
280120-20,fix_B_labels_local_seeds,136,0.0,0,0.1966824644549763,7459
280120-20,fix_B_labels_local_seeds,137,0.0,0,0.18925233644859812,7762
280120-20,fix_B_labels_local_seeds,138,0.7721172523397493,1,0.0228310502283105,8910
280120-20,fix_B_labels_local_seeds,139,0.4533072741708911,0,0.0,7652
280120-20,fix_B_labels_local_seeds,140,0.0,0,0.0525164113785558,10186
280120-20,fix_B_labels_local_seeds,141,0.6652985074626866,1,0.06846473029045644,10793
280120-20,fix_B_labels_local_seeds,142,0.4804972138876982,0,0.0,8035
280120-20,fix_B_labels_local_seeds,143,0.0,0,0.0045871559633027525,8367
280120-20,fix_B_labels_local_seeds,144,0.0,0,0.004395604395604396,8958
280120-20,fix_B_labels_local_seeds,145,0.9044015773206864,1,0.0,8625
280120-20,fix_B_labels_local_seeds,146,0.2945981065528123,0,0.09428571428571429,4937
280120-20,fix_B_labels_local_seeds,147,0.0,0,0.05627705627705628,9343
280120-20,fix_B_labels_local_seeds,148,0.0,0,0.1261682242990654,7410
280120-20,fix_B_labels_local_seeds,149,0.0,0,0.0022026431718061676,8654
280120-20,fix_B_labels_local_seeds,150,4.7165361758324685e-05,0,0.0,5631
280120-20,fix_B_labels_local_seeds,151,0.9159251304081006,1,0.0,9717
280120-20,fix_B_labels_local_seeds,152,0.0,0,0.0,22427
280120-20,fix_B_labels_local_seeds,153,0.0,0,0.008016032064128256,11648
280120-20,fix_B_labels_local_seeds,154,0.0,0,0.21914893617021278,9729
280120-20,fix_B_labels_local_seeds,155,0.0,0,0.0,8878
280120-20,fix_B_labels_local_seeds,156,0.5632162076606521,1,0.002136752136752137,9177
280120-20,fix_B_labels_local_seeds,157,0.37826833768051404,0,0.002004008016032064,6151
280120-20,fix_B_labels_local_seeds,158,0.0,0,0.0020161290322580645,11283
280120-20,fix_B_labels_local_seeds,159,0.9390738238545633,1,0.0,7930
280120-20,fix_B_labels_local_seeds,160,0.9318498992091797,1,0.040697674418604654,12119
280120-20,fix_B_labels_local_seeds,161,0.967494015371047,1,0.0,15660
280120-20,fix_B_labels_local_seeds,162,0.7322462483752806,1,0.11946902654867257,8341
280120-20,fix_B_labels_local_seeds,163,0.0,0,0.0,7153
280120-20,fix_B_labels_local_seeds,164,0.0,0,0.0,4684
280120-20,fix_B_labels_local_seeds,165,0.6733062674448109,1,0.0044943820224719105,7798
280120-20,fix_B_labels_local_seeds,166,0.70372312532774,1,0.020618556701030927,7435
280120-20,fix_B_labels_local_seeds,167,0.8002891052951917,1,0.06458333333333334,10688
280120-20,fix_B_labels_local_seeds,168,0.6652418172936004,1,0.0,8155
280120-20,fix_B_labels_local_seeds,169,0.0,0,0.22384937238493724,9313
280120-20,fix_B_labels_local_seeds,170,0.0,0,0.12560386473429952,8090
280120-20,fix_B_labels_local_seeds,171,0.8506237963660722,1,0.0037174721189591076,10249
280120-20,fix_B_labels_local_seeds,172,0.0,0,0.24267782426778242,8772
280120-20,fix_B_labels_local_seeds,173,0.0,0,0.3098159509202454,4718
280120-20,fix_B_labels_local_seeds,174,0.0955172965193753,0,0.1,7578
280120-20,cellpose_sam,1,0.9741091314031181,1,0.0,7028
280120-20,cellpose_sam,2,0.9727262965746806,1,0.0,9060
280120-20,cellpose_sam,3,0.9551461754104926,1,0.0,11925
280120-20,cellpose_sam,4,0.9553483807654564,1,0.0,11682
280120-20,cellpose_sam,5,0.9634098871156092,1,0.0,9901
280120-20,cellpose_sam,6,0.9522161330641284,1,0.0,9904
280120-20,cellpose_sam,7,0.9685455685993368,1,0.0,10811
280120-20,cellpose_sam,8,0.9497634288895074,1,0.0,6872
280120-20,cellpose_sam,9,0.9403549301690644,1,0.0,8955
280120-20,cellpose_sam,10,0.94366059180874,1,0.0,9631
280120-20,cellpose_sam,11,0.9448736998514116,1,0.0,6359
280120-20,cellpose_sam,12,0.9451817657241778,1,0.0,8190
280120-20,cellpose_sam,13,0.9564049586776859,1,0.0,9258
280120-20,cellpose_sam,14,0.9522809696506968,1,0.0,9978
280120-20,cellpose_sam,15,0.9598398446978889,1,0.0,7911
280120-20,cellpose_sam,16,0.9473291693856624,1,0.0,10162
280120-20,cellpose_sam,17,0.964555642428981,1,0.0,7585
280120-20,cellpose_sam,18,0.9617124956491472,1,0.0,8289
280120-20,cellpose_sam,19,0.9669630228328955,1,0.0,9573
280120-20,cellpose_sam,20,0.9499948448293638,1,0.0,9214
280120-20,cellpose_sam,21,0.9618690111626989,1,0.0,9769
280120-20,cellpose_sam,22,0.9554160375109274,1,0.0,12026
280120-20,cellpose_sam,23,0.963244256915143,1,0.0,10276
280120-20,cellpose_sam,24,0.9400614754098361,1,0.0,9175
280120-20,cellpose_sam,25,0.9319483545286865,1,0.0,9600
280120-20,cellpose_sam,26,0.948173688180153,1,0.0,8801
280120-20,cellpose_sam,27,0.9444851593990473,1,0.0,10310
280120-20,cellpose_sam,28,0.9384963988022983,1,0.0,11597
280120-20,cellpose_sam,29,0.9649510020305465,1,0.0,10932
280120-20,cellpose_sam,30,0.9335516178736518,1,0.0,9694
280120-20,cellpose_sam,31,0.9552858771786936,1,0.0,11729
280120-20,cellpose_sam,32,0.9507422402159245,1,0.0,7060
280120-20,cellpose_sam,33,0.9560372771474879,1,0.0,9471
280120-20,cellpose_sam,34,0.9486457625473255,1,0.0,9775
280120-20,cellpose_sam,35,0.9566741993298528,1,0.0,12282
280120-20,cellpose_sam,36,0.9354465525219806,1,0.0,8086
280120-20,cellpose_sam,37,0.9683953341740227,1,0.0,12290
280120-20,cellpose_sam,38,0.9660681930489211,1,0.0,11745
280120-20,cellpose_sam,39,0.9584023380418899,1,0.0,9839
280120-20,cellpose_sam,40,0.9330368487928844,1,0.0,7343
280120-20,cellpose_sam,41,0.9186293525445645,1,0.0,9946
280120-20,cellpose_sam,42,0.9617364447494853,1,0.0,11215
280120-20,cellpose_sam,43,0.9501546923341354,1,0.0,11056
280120-20,cellpose_sam,44,0.9420016947556727,1,0.0,10005
280120-20,cellpose_sam,45,0.9568315171835708,1,0.0,11417
280120-20,cellpose_sam,46,0.9507537688442211,1,0.0,9460
280120-20,cellpose_sam,47,0.9527012127894157,1,0.0,8645
280120-20,cellpose_sam,48,0.9654804615533792,1,0.0,9980
280120-20,cellpose_sam,49,0.9616454229432213,1,0.0,8299
280120-20,cellpose_sam,50,0.9505582137161085,1,0.0,7748
280120-20,cellpose_sam,51,0.965841872865117,1,0.16942148760330578,11627
280120-20,cellpose_sam,52,0.9461409612163381,1,0.0,7344
280120-20,cellpose_sam,53,0.9458492763267343,1,0.0,11371
280120-20,cellpose_sam,54,0.9489583333333333,1,0.0,10932
280120-20,cellpose_sam,55,0.9484409060752536,1,0.0,10011
280120-20,cellpose_sam,56,0.9324599708879184,1,0.0,9609
280120-20,cellpose_sam,57,0.9490556833228796,1,0.0,13618
280120-20,cellpose_sam,58,0.9412213013241879,1,0.0,9880
280120-20,cellpose_sam,59,0.9471981057616417,1,0.0,12001
280120-20,cellpose_sam,60,0.9590455531453362,1,0.0,11053
280120-20,cellpose_sam,61,0.9551603753000218,1,0.0,8758
280120-20,cellpose_sam,62,0.9369776372261125,1,0.0,8301
280120-20,cellpose_sam,63,0.9479244577412117,1,0.0,10139
280120-20,cellpose_sam,64,0.9507734113712375,1,0.0,9102
280120-20,cellpose_sam,65,0.9606175173282924,1,0.0,9152
280120-20,cellpose_sam,66,0.9422141119221411,1,0.0,6196
280120-20,cellpose_sam,67,0.9416468934001231,1,0.0,10715
280120-20,cellpose_sam,68,0.9449146250927988,1,0.0,6442
280120-20,cellpose_sam,69,0.9468957871396896,1,0.10900473933649289,8545
280120-20,cellpose_sam,70,0.9610877929345926,1,0.0,10991
280120-20,cellpose_sam,71,0.962284804458155,1,0.10222222222222223,9681
280120-20,cellpose_sam,72,0.962366284314989,1,0.0,7503
280120-20,cellpose_sam,73,0.9448691220755154,1,0.0,8158
280120-20,cellpose_sam,74,0.9569345283305484,1,0.0,12613
280120-20,cellpose_sam,75,0.8777551020408163,1,0.0,4886
280120-20,cellpose_sam,76,0.9672326877155745,1,0.0,7326
280120-20,cellpose_sam,77,0.9725573257206004,1,0.0,10565
280120-20,cellpose_sam,78,0.9598732840549102,1,0.0,11817
280120-20,cellpose_sam,79,0.9485450231047833,1,0.0,7595
280120-20,cellpose_sam,80,0.9606675879664079,1,0.10900473933649289,9088
280120-20,cellpose_sam,81,0.9588530698201847,1,0.09274193548387097,11922
280120-20,cellpose_sam,82,0.9437106918238993,1,0.0,9089
280120-20,cellpose_sam,83,0.9591334318069916,1,0.0,7798
280120-20,cellpose_sam,84,0.9437429111531191,1,0.0,12481
280120-20,cellpose_sam,85,0.9454001495886313,1,0.0,5062
280120-20,cellpose_sam,86,0.9728813559322034,1,0.1891891891891892,8355
280120-20,cellpose_sam,87,0.9639357114856919,1,0.07349665924276169,9855
280120-20,cellpose_sam,88,0.9318957622179669,1,0.0,11193
280120-20,cellpose_sam,89,0.9331278890600925,1,0.02330097087378641,12400
280120-20,cellpose_sam,90,0.9346504559270516,1,0.0,5825
280120-20,cellpose_sam,91,0.9472740693873247,1,0.0,8983
280120-20,cellpose_sam,92,0.9523463455149501,1,0.0,9173
280120-20,cellpose_sam,93,0.9340377358490566,1,0.0,6188
280120-20,cellpose_sam,94,0.9201765679602723,1,0.0,5424
280120-20,cellpose_sam,95,0.9497148781752203,1,0.0,9160
280120-20,cellpose_sam,96,0.9227023737066342,1,0.0,7584
280120-20,cellpose_sam,97,0.0,0,0.0,5618
280120-20,cellpose_sam,98,0.9551724137931035,1,0.0,9170
280120-20,cellpose_sam,99,0.949289822749149,1,0.03217821782178218,8091
280120-20,cellpose_sam,100,0.9511854951185496,1,0.0,9548
280120-20,cellpose_sam,101,0.9594875033835604,1,0.0,10641
280120-20,cellpose_sam,102,0.9643888354186718,1,0.0,10021
280120-20,cellpose_sam,103,0.9574565766317239,1,0.0,12513
280120-20,cellpose_sam,104,0.9700993504012227,1,0.0,10158
280120-20,cellpose_sam,105,0.888530522341095,1,0.047619047619047616,11295
280120-20,cellpose_sam,106,0.9509906152241918,1,0.0,13716
280120-20,cellpose_sam,107,0.9383993228627857,1,0.14107883817427386,10136
280120-20,cellpose_sam,108,0.9332638164754953,1,0.028634361233480177,9845
280120-20,cellpose_sam,109,0.9563123109667302,1,0.0,8537
280120-20,cellpose_sam,110,0.9589447393068998,1,0.0,12287
280120-20,cellpose_sam,111,0.9342521884894767,1,0.0,5017
280120-20,cellpose_sam,112,0.9578154056963883,1,0.0,9795
280120-20,cellpose_sam,113,0.9331329827197595,1,0.0,8694
280120-20,cellpose_sam,114,0.962281795511222,1,0.17660044150110377,9270
280120-20,cellpose_sam,115,0.9413786518999427,1,0.14285714285714285,9860
280120-20,cellpose_sam,116,0.9528856122566525,1,0.0,8272
280120-20,cellpose_sam,117,0.9416080945392755,1,0.0,12191
280120-20,cellpose_sam,118,0.9511317359598447,1,0.1337448559670782,10119
280120-20,cellpose_sam,119,0.9526450511945392,1,0.0,8949
280120-20,cellpose_sam,120,0.9678778304370721,1,0.0,14744
280120-20,cellpose_sam,121,0.9501213003396409,1,0.24776785714285715,9832
280120-20,cellpose_sam,122,0.9432816397353866,1,0.0,8911
280120-20,cellpose_sam,123,0.8279569892473119,1,0.0,9625
280120-20,cellpose_sam,124,0.9354978354978355,1,0.0,15127
280120-20,cellpose_sam,125,0.9433062245855489,1,0.0,12063
280120-20,cellpose_sam,126,0.948056755089451,1,0.1337579617834395,7687
280120-20,cellpose_sam,127,0.939366696633703,1,0.17777777777777778,9439
280120-20,cellpose_sam,128,0.8899496154866083,1,0.02926829268292683,6714
280120-20,cellpose_sam,129,0.9623481294358234,1,0.0,8040
280120-20,cellpose_sam,130,0.9418616744669787,1,0.028634361233480177,9057
280120-20,cellpose_sam,131,0.951782145236509,1,0.0,11429
280120-20,cellpose_sam,132,0.919613810473292,1,0.0593607305936073,8780
280120-20,cellpose_sam,133,0.5618196588139723,1,0.0,12033
280120-20,cellpose_sam,134,0.9458946369245372,1,0.0,12061
280120-20,cellpose_sam,135,0.9479524698026122,1,0.24949698189134809,9787
280120-20,cellpose_sam,136,0.953772856039145,1,0.1966824644549763,7459
280120-20,cellpose_sam,137,0.9501175888104963,1,0.18925233644859812,7762
280120-20,cellpose_sam,138,0.781197930369201,1,0.0228310502283105,8910
280120-20,cellpose_sam,139,0.9357921823305967,1,0.0,7652
280120-20,cellpose_sam,140,0.8761545711592837,1,0.0525164113785558,10186
280120-20,cellpose_sam,141,0.9312726644793645,1,0.06846473029045644,10793
280120-20,cellpose_sam,142,0.9016983466426723,1,0.0,8035
280120-20,cellpose_sam,143,0.9298483819868748,1,0.0045871559633027525,8367
280120-20,cellpose_sam,144,0.9348710990502035,1,0.004395604395604396,8958
280120-20,cellpose_sam,145,0.9327090592334495,1,0.0,8625
280120-20,cellpose_sam,146,0.9306818181818182,1,0.09428571428571429,4937
280120-20,cellpose_sam,147,0.9524637088529952,1,0.05627705627705628,9343
280120-20,cellpose_sam,148,0.9329299041855774,1,0.1261682242990654,7410
280120-20,cellpose_sam,149,0.9513298752897031,1,0.0022026431718061676,8654
280120-20,cellpose_sam,150,0.9555366269165247,1,0.0,5631
280120-20,cellpose_sam,151,0.9433064750995049,1,0.0,9717
280120-20,cellpose_sam,152,0.9481387478849408,1,0.0,22427
280120-20,cellpose_sam,153,0.955528154541718,1,0.008016032064128256,11648
280120-20,cellpose_sam,154,0.9489756097560975,1,0.21914893617021278,9729
280120-20,cellpose_sam,155,0.6359598853868195,1,0.0,8878
280120-20,cellpose_sam,156,0.9264869231545996,1,0.002136752136752137,9177
280120-20,cellpose_sam,157,0.9075367920321095,1,0.002004008016032064,6151
280120-20,cellpose_sam,158,0.9321711830799736,1,0.0020161290322580645,11283
280120-20,cellpose_sam,159,0.9308604296278906,1,0.0,7930
280120-20,cellpose_sam,160,0.953659114233836,1,0.040697674418604654,12119
280120-20,cellpose_sam,161,0.9438283510125361,1,0.0,15660
280120-20,cellpose_sam,162,0.9351509031751375,1,0.11946902654867257,8341
280120-20,cellpose_sam,163,0.8263907197469021,1,0.0,7153
280120-20,cellpose_sam,164,0.3538345296562146,0,0.0,4684
280120-20,cellpose_sam,165,0.9288353796638456,1,0.0044943820224719105,7798
280120-20,cellpose_sam,166,0.8837769328263625,1,0.020618556701030927,7435
280120-20,cellpose_sam,167,0.9339391821041594,1,0.06458333333333334,10688
280120-20,cellpose_sam,168,0.943678429539612,1,0.0,8155
280120-20,cellpose_sam,169,0.9280260612847399,1,0.22384937238493724,9313
280120-20,cellpose_sam,170,0.928395061728395,1,0.12560386473429952,8090
280120-20,cellpose_sam,171,0.9036272173682817,1,0.0037174721189591076,10249
280120-20,cellpose_sam,172,0.9043496621621622,1,0.24267782426778242,8772
280120-20,cellpose_sam,173,0.6842494089834515,1,0.3098159509202454,4718
280120-20,cellpose_sam,174,0.9271802505892569,1,0.1,7578
280120-21,original,1,0.970634014734876,1,0.0,9560
280120-21,original,2,0.9730624253010941,1,0.0,10762
280120-21,original,3,0.967669892587472,1,0.0,9314
280120-21,original,4,0.8795900939368061,1,0.0,5825
280120-21,original,5,0.966745531019979,1,0.0,7532
280120-21,original,6,0.9665608255606271,1,0.0,9922
280120-21,original,7,0.9681964156220864,1,0.0,9569
280120-21,original,8,0.0,0,0.0,4950
280120-21,original,9,0.9716856311193437,1,0.0,11161
280120-21,original,10,0.9787569972728578,1,0.0,13773
280120-21,original,11,0.9781021897810219,1,0.0,10280
280120-21,original,12,0.9739588824459673,1,0.0,9292
280120-21,original,13,0.9638199948862184,1,0.0,7744
280120-21,original,14,0.9711836397438546,1,0.0,9531
280120-21,original,15,0.9559637644690488,1,0.0,7912
280120-21,original,16,0.9713243617155075,1,0.0,7819
280120-21,original,17,0.7306475427125079,1,0.0,9413
280120-21,original,18,0.9646643109540636,1,0.0,9808
280120-21,original,19,0.7255561787249953,1,0.0,10553
280120-21,original,20,0.9742052679382379,1,0.0,10846
280120-21,original,21,0.9752608047690015,1,0.0,9931
280120-21,original,22,0.9765523230568823,1,0.0,9119
280120-21,original,23,0.9748717948717949,1,0.0,11659
280120-21,original,24,0.9613144137415982,1,0.0,6608
280120-21,original,25,0.958305845098298,1,0.0,7490
280120-21,original,26,0.0,0,0.0,4059
280120-21,original,27,0.5765821226298942,1,0.006787330316742082,9555
280120-21,original,28,0.6030029562782013,1,0.0,12758
280120-21,original,29,0.9674836441753735,1,0.0,10046
280120-21,original,30,0.7182302703396904,1,0.0,15458
280120-21,original,31,0.9678476527900797,1,0.0,11156
280120-21,original,32,0.7425810119386015,1,0.0,8722
280120-21,original,33,0.0,0,0.0,9344
280120-21,original,34,0.0,0,0.0,4436
280120-21,original,35,0.9716038700542752,1,0.0,12623
280120-21,original,36,0.9750650043336222,1,0.0,14873
280120-21,original,37,0.9737942286122158,1,0.0,9720
280120-21,original,38,0.0,0,0.0,8344
280120-21,original,39,0.9656160458452722,1,0.0,8641
280120-21,original,40,0.9772500679778845,1,0.0,10973
280120-21,original,41,0.9741851368970013,1,0.0,11388
280120-21,original,42,0.0,0,0.0,9398
280120-21,original,43,0.3672361956442033,0,0.1574074074074074,5224
280120-21,original,44,0.9758064516129032,1,0.0,9589
280120-21,original,45,0.8947187535800206,1,0.0,8676
280120-21,original,46,0.9705249213445934,1,0.0,11919
280120-21,original,47,0.9749617737003058,1,0.0,10317
280120-21,original,48,0.0,0,0.0,9836
280120-21,original,49,0.9701658688634086,1,0.0,8893
280120-21,original,50,0.9672902985999257,1,0.0,7997
280120-21,original,51,0.0,0,0.0,9318
280120-21,original,52,0.9743498713055827,1,0.0,11087
280120-21,original,53,0.9649048266485384,1,0.0,11590
280120-21,original,54,0.0,0,0.1323529411764706,10933
280120-21,original,55,0.9736842105263158,1,0.0,9725
280120-21,original,56,0.9748434463398834,1,0.0,9162
280120-21,original,57,0.9693929259146651,1,0.0,9684
280120-21,original,58,0.9707897988990001,1,0.0,8831
280120-21,original,59,0.959866220735786,1,0.0,8013
280120-21,original,60,0.9711579125433477,1,0.0,11670
280120-21,original,61,0.6318448353631033,1,0.0,10951
280120-21,original,62,0.7588799585169821,1,0.0,7564
280120-21,original,63,0.9714532871972318,1,0.0,6870
280120-21,original,64,0.9597800631300275,1,0.0,9742
280120-21,original,65,0.8575234565041121,1,0.0,8579
280120-21,original,66,0.975,1,0.0,10461
280120-21,original,67,0.7416381745205887,1,0.0,6671
280120-21,original,68,0.6045214114919208,1,0.12380952380952381,8723
280120-21,original,69,0.9578030154689642,1,0.0,10083
280120-21,original,70,0.9444017816003686,1,0.0,6501
280120-21,original,71,0.9685214626391097,1,0.0,9298
280120-21,original,72,0.0,0,0.0,4626
280120-21,original,73,0.9626751201554351,1,0.0,9752
280120-21,original,74,0.0,0,0.0,8800
280120-21,original,75,0.0,0,0.12236286919831224,11261
280120-21,original,76,0.9540409975192584,1,0.0,7591
280120-21,original,77,0.0,0,0.0,8879
280120-21,original,78,0.0,0,0.0,11832
280120-21,original,79,0.0,0,0.1425531914893617,10086
280120-21,original,80,0.9686932364568864,1,0.0,9181
280120-21,original,81,0.9784019280682239,1,0.0,10684
280120-21,original,82,0.964910409556314,1,0.0,9307
280120-21,original,83,0.0,0,0.12608695652173912,9938
280120-21,original,84,0.9754408741750514,1,0.0,9188
280120-21,original,85,0.9691274094217388,1,0.0,12309
280120-21,original,86,0.0,0,0.0,8135
280120-21,original,87,0.7166666666666667,1,0.0,10017
280120-21,original,88,0.9716461736098366,1,0.0,10779
280120-21,original,89,0.9729018422848231,1,0.0,10216
280120-21,original,90,0.9681637293916998,1,0.0,8763
280120-21,original,91,0.96976936506478,1,0.0,10838
280120-21,original,92,0.0,0,0.004098360655737705,11561
280120-21,original,93,0.9499090527494053,1,0.0,7095
280120-21,original,94,0.84064704870074,1,0.0,17226
280120-21,original,95,0.9730471674569503,1,0.0,15832
280120-21,original,96,0.9705913355117529,1,0.0,9376
280120-21,original,97,0.964563862928349,1,0.0,10240
280120-21,original,98,0.9586809304151536,1,0.0,10117
280120-21,original,99,0.9772602953817301,1,0.0,12631
280120-21,original,100,0.9656755825967168,1,0.0,8577
280120-21,original,101,0.9746757257566399,1,0.0,9592
280120-21,original,102,0.5059913818546721,1,0.011904761904761904,8746
280120-21,original,103,0.9796097622184579,1,0.0,15789
280120-21,original,104,0.97750220234465,1,0.0,14657
280120-21,original,105,0.0,0,0.0,20087
280120-21,original,106,0.9566590126291619,1,0.0,6902
280120-21,original,107,0.956944079810974,1,0.0,11274
280120-21,original,108,0.9688447464715108,1,0.0,9493
280120-21,original,109,0.9607573149741825,1,0.0,8651
280120-21,original,110,0.0,0,0.0,18685
280120-21,original,111,0.9728147633693819,1,0.0,9991
280120-21,original,112,0.9445863409217101,1,0.0,8810
280120-21,original,113,0.744396091633139,1,0.0,12118
280120-21,original,114,0.4334632338848783,0,0.0,15587
280120-21,original,115,0.0,0,0.15186915887850466,8277
280120-21,original,116,0.6065265876276559,1,0.0,6370
280120-21,original,117,0.9675795161488395,1,0.0,8048
280120-21,original,118,0.0,0,0.0,4047
280120-21,original,119,0.0,0,0.0,14229
280120-21,original,120,0.0,0,0.13765182186234817,11781
280120-21,original,121,0.0,0,0.07392996108949416,10444
280120-21,original,122,0.0,0,0.0,11050
280120-21,original,123,0.9675411293908404,1,0.0,15561
280120-21,original,124,0.6738821859474805,1,0.0,8380
280120-21,original,125,0.4003691171947093,0,0.008064516129032258,6708
280120-21,original,126,0.0,0,0.0,17199
280120-21,original,127,0.9561539161284454,1,0.0,10870
280120-21,original,128,0.0,0,0.162426614481409,11958
280120-21,original,129,0.0,0,0.0,8709
280120-21,original,130,0.9516176615203068,1,0.0,10104
280120-21,original,131,0.9762340036563071,1,0.0,15171
280120-21,original,132,0.9735213830755232,1,0.0,10899
280120-21,original,133,0.7853607406976068,1,0.0,17087
280120-21,original,134,0.9582929194956353,1,0.0,8172
280120-21,original,135,0.0,0,0.04128440366972477,8342
280120-21,original,136,0.9698177676537585,1,0.0,15694
280120-21,original,137,0.956864371630029,1,0.0,11920
280120-21,original,138,0.0,0,0.09178743961352658,7584
280120-21,original,139,0.0,0,0.0,7797
280120-21,original,140,0.0,0,0.0,9976
280120-21,original,141,0.0,0,0.2125,6613
280120-21,original,142,0.976025313374711,1,0.0,8138
280120-21,original,143,0.0,0,0.08788598574821853,7733
280120-21,original,144,0.0,0,0.0,9537
280120-21,original,145,0.9662869811176515,1,0.0,12873
280120-21,original,146,0.0,0,0.0,9344
280120-21,original,147,0.0,0,0.0,17922
280120-21,original,148,0.8907819225251076,1,0.0,5466
280120-21,original,149,0.9564050972501676,1,0.0,10354
280120-21,original,150,0.0,0,0.1550925925925926,8726
280120-21,original,151,0.0,0,0.043478260869565216,10239
280120-21,original,152,0.0,0,0.12114989733059549,10057
280120-21,original,153,0.0,0,0.0,7454
280120-21,original,154,0.9724741945573976,1,0.0,15774
280120-21,original,155,0.971570803094824,1,0.0,16424
280120-21,original,156,0.0,0,0.05707762557077625,8636
280120-21,original,157,0.0,0,0.0,5008
280120-21,original,158,0.0,0,0.1340909090909091,9425
280120-21,original,159,0.9584456105516947,1,0.0,6991
280120-21,original,160,0.0,0,0.05411255411255411,10275
280120-21,original,161,0.9716913443350075,1,0.0,15254
280120-21,original,162,0.0,0,0.17289719626168223,7998
280120-21,original,163,0.0,0,0.0,9045
280120-21,original,164,0.0,0,0.0,10953
280120-21,original,165,0.0,0,0.16901408450704225,8565
280120-21,original,166,0.0,0,0.22018348623853212,9567
280120-21,original,167,0.0,0,0.02927927927927928,9505
280120-21,original,168,0.0,0,0.0,4991
280120-21,original,169,0.0,0,0.0,10181
280120-21,original,170,0.0,0,0.17370892018779344,8904
280120-21,original,171,0.0,0,0.08241758241758242,6635
280120-21,original,172,0.0,0,0.0,14732
280120-21,original,173,0.9742133363626037,1,0.0,8689
280120-21,original,174,0.003359086328518643,0,0.0,9858
280120-21,original,175,0.0,0,0.1719077568134172,10730
280120-21,original,176,0.9607380390474147,1,0.0,9170
280120-21,original,177,0.47195711087545655,0,0.012254901960784314,8218
280120-21,original,178,0.0,0,0.02826086956521739,10392
280120-21,original,179,0.0,0,0.02947845804988662,9421
280120-21,original,180,0.9656383539191009,1,0.0,16888
280120-21,original,181,0.0,0,0.19433198380566802,9955
280120-21,original,182,0.0,0,0.0,8637
280120-21,original,183,0.0,0,0.32142857142857145,9045
280120-21,original,184,0.0,0,0.1509433962264151,6941
280120-21,original,185,0.0,0,0.0,8506
280120-21,original,186,0.0,0,0.0,7038
280120-21,original,187,0.0,0,0.085995085995086,6687
280120-21,original,188,0.0,0,0.0,8501
280120-21,fix_A_labels,1,0.970634014734876,1,0.0,9560
280120-21,fix_A_labels,2,0.9067157313707451,1,0.0,10762
280120-21,fix_A_labels,3,0.967669892587472,1,0.0,9314
280120-21,fix_A_labels,4,0.8795900939368061,1,0.0,5825
280120-21,fix_A_labels,5,0.966745531019979,1,0.0,7532
280120-21,fix_A_labels,6,0.9665608255606271,1,0.0,9922
280120-21,fix_A_labels,7,0.9681964156220864,1,0.0,9569
280120-21,fix_A_labels,8,0.0,0,0.0,4950
280120-21,fix_A_labels,9,0.9716856311193437,1,0.0,11161
280120-21,fix_A_labels,10,0.9787569972728578,1,0.0,13773
280120-21,fix_A_labels,11,0.9781021897810219,1,0.0,10280
280120-21,fix_A_labels,12,0.9739588824459673,1,0.0,9292
280120-21,fix_A_labels,13,0.9638199948862184,1,0.0,7744
280120-21,fix_A_labels,14,0.7859210254289849,1,0.0,9531
280120-21,fix_A_labels,15,0.0,0,0.0,7912
280120-21,fix_A_labels,16,0.6525584333543903,1,0.0,7819
280120-21,fix_A_labels,17,0.7306475427125079,1,0.0,9413
280120-21,fix_A_labels,18,0.9646643109540636,1,0.0,9808
280120-21,fix_A_labels,19,0.7255561787249953,1,0.0,10553
280120-21,fix_A_labels,20,0.46528601404981296,0,0.0,10846
280120-21,fix_A_labels,21,0.9752608047690015,1,0.0,9931
280120-21,fix_A_labels,22,0.9765523230568823,1,0.0,9119
280120-21,fix_A_labels,23,0.9748717948717949,1,0.0,11659
280120-21,fix_A_labels,24,0.9613144137415982,1,0.0,6608
280120-21,fix_A_labels,25,0.958305845098298,1,0.0,7490
280120-21,fix_A_labels,26,0.0,0,0.0,4059
280120-21,fix_A_labels,27,0.6004362276692978,1,0.006787330316742082,9555
280120-21,fix_A_labels,28,0.5469114672475494,1,0.0,12758
280120-21,fix_A_labels,29,0.9674836441753735,1,0.0,10046
280120-21,fix_A_labels,30,0.660410104775985,1,0.0,15458
280120-21,fix_A_labels,31,0.9678476527900797,1,0.0,11156
280120-21,fix_A_labels,32,0.0,0,0.0,8722
280120-21,fix_A_labels,33,0.9259817214020287,1,0.0,9344
280120-21,fix_A_labels,34,0.0,0,0.0,4436
280120-21,fix_A_labels,35,0.9716038700542752,1,0.0,12623
280120-21,fix_A_labels,36,0.4909066595346349,0,0.0,14873
280120-21,fix_A_labels,37,0.9737942286122158,1,0.0,9720
280120-21,fix_A_labels,38,0.0,0,0.0,8344
280120-21,fix_A_labels,39,0.9656160458452722,1,0.0,8641
280120-21,fix_A_labels,40,0.9772500679778845,1,0.0,10973
280120-21,fix_A_labels,41,0.9741851368970013,1,0.0,11388
280120-21,fix_A_labels,42,0.0,0,0.0,9398
280120-21,fix_A_labels,43,0.3672361956442033,0,0.1574074074074074,5224
280120-21,fix_A_labels,44,0.6413628831814416,1,0.0,9589
280120-21,fix_A_labels,45,0.7550270021831552,1,0.0,8676
280120-21,fix_A_labels,46,0.9705249213445934,1,0.0,11919
280120-21,fix_A_labels,47,0.9749617737003058,1,0.0,10317
280120-21,fix_A_labels,48,0.5317339811721834,1,0.0,9836
280120-21,fix_A_labels,49,0.9701658688634086,1,0.0,8893
280120-21,fix_A_labels,50,0.9672902985999257,1,0.0,7997
280120-21,fix_A_labels,51,0.0,0,0.0,9318
280120-21,fix_A_labels,52,0.44677808561980514,0,0.0,11087
280120-21,fix_A_labels,53,0.9649048266485384,1,0.0,11590
280120-21,fix_A_labels,54,0.9442097852868708,1,0.1323529411764706,10933
280120-21,fix_A_labels,55,0.9736842105263158,1,0.0,9725
280120-21,fix_A_labels,56,0.9748434463398834,1,0.0,9162
280120-21,fix_A_labels,57,0.9693929259146651,1,0.0,9684
280120-21,fix_A_labels,58,0.9707897988990001,1,0.0,8831
280120-21,fix_A_labels,59,0.959866220735786,1,0.0,8013
280120-21,fix_A_labels,60,0.9711579125433477,1,0.0,11670
280120-21,fix_A_labels,61,0.6292286874154263,1,0.0,10951
280120-21,fix_A_labels,62,0.7588799585169821,1,0.0,7564
280120-21,fix_A_labels,63,0.9714532871972318,1,0.0,6870
280120-21,fix_A_labels,64,0.9597800631300275,1,0.0,9742
280120-21,fix_A_labels,65,0.581435873605948,1,0.0,8579
280120-21,fix_A_labels,66,0.975,1,0.0,10461
280120-21,fix_A_labels,67,0.7416381745205887,1,0.0,6671
280120-21,fix_A_labels,68,0.6045214114919208,1,0.12380952380952381,8723
280120-21,fix_A_labels,69,0.9578030154689642,1,0.0,10083
280120-21,fix_A_labels,70,0.9444017816003686,1,0.0,6501
280120-21,fix_A_labels,71,0.9685214626391097,1,0.0,9298
280120-21,fix_A_labels,72,0.0,0,0.0,4626
280120-21,fix_A_labels,73,0.9626751201554351,1,0.0,9752
280120-21,fix_A_labels,74,0.7957770081555133,1,0.0,8800
280120-21,fix_A_labels,75,0.7193630685317146,1,0.12236286919831224,11261
280120-21,fix_A_labels,76,0.0,0,0.0,7591
280120-21,fix_A_labels,77,0.0,0,0.0,8879
280120-21,fix_A_labels,78,0.9437827933705338,1,0.0,11832
280120-21,fix_A_labels,79,0.9436811848387411,1,0.1425531914893617,10086
280120-21,fix_A_labels,80,0.9686932364568864,1,0.0,9181
280120-21,fix_A_labels,81,0.9784019280682239,1,0.0,10684
280120-21,fix_A_labels,82,0.0,0,0.0,9307
280120-21,fix_A_labels,83,0.7642219087917255,1,0.12608695652173912,9938
280120-21,fix_A_labels,84,0.0,0,0.0,9188
280120-21,fix_A_labels,85,0.5667653412272982,1,0.0,12309
280120-21,fix_A_labels,86,0.0,0,0.0,8135
280120-21,fix_A_labels,87,0.7166666666666667,1,0.0,10017
280120-21,fix_A_labels,88,0.9495821471209478,1,0.0,10779
280120-21,fix_A_labels,89,0.9729018422848231,1,0.0,10216
280120-21,fix_A_labels,90,0.9040363843092666,1,0.0,8763
280120-21,fix_A_labels,91,0.0,0,0.0,10838
280120-21,fix_A_labels,92,0.8992186883434614,1,0.004098360655737705,11561
280120-21,fix_A_labels,93,0.9499090527494053,1,0.0,7095
280120-21,fix_A_labels,94,0.84064704870074,1,0.0,17226
280120-21,fix_A_labels,95,0.9730471674569503,1,0.0,15832
280120-21,fix_A_labels,96,0.546225614927905,1,0.0,9376
280120-21,fix_A_labels,97,0.964563862928349,1,0.0,10240
280120-21,fix_A_labels,98,0.625110434867969,1,0.0,10117
280120-21,fix_A_labels,99,0.5732424171173289,1,0.0,12631
280120-21,fix_A_labels,100,0.9656755825967168,1,0.0,8577
280120-21,fix_A_labels,101,0.9746757257566399,1,0.0,9592
280120-21,fix_A_labels,102,0.0,0,0.011904761904761904,8746
280120-21,fix_A_labels,103,0.9796097622184579,1,0.0,15789
280120-21,fix_A_labels,104,0.97750220234465,1,0.0,14657
280120-21,fix_A_labels,105,0.0,0,0.0,20087
280120-21,fix_A_labels,106,0.9566590126291619,1,0.0,6902
280120-21,fix_A_labels,107,0.956944079810974,1,0.0,11274
280120-21,fix_A_labels,108,0.9688447464715108,1,0.0,9493
280120-21,fix_A_labels,109,0.9607573149741825,1,0.0,8651
280120-21,fix_A_labels,110,0.0,0,0.0,18685
280120-21,fix_A_labels,111,0.0,0,0.0,9991
280120-21,fix_A_labels,112,0.0,0,0.0,8810
280120-21,fix_A_labels,113,0.5432078424911443,1,0.0,12118
280120-21,fix_A_labels,114,0.33906649616368284,0,0.0,15587
280120-21,fix_A_labels,115,0.017429992148652186,0,0.15186915887850466,8277
280120-21,fix_A_labels,116,0.0,0,0.0,6370
280120-21,fix_A_labels,117,0.0,0,0.0,8048
280120-21,fix_A_labels,118,0.0,0,0.0,4047
280120-21,fix_A_labels,119,0.0,0,0.0,14229
280120-21,fix_A_labels,120,0.9478504827130951,1,0.13765182186234817,11781
280120-21,fix_A_labels,121,0.0,0,0.07392996108949416,10444
280120-21,fix_A_labels,122,0.9299065420560748,1,0.0,11050
280120-21,fix_A_labels,123,0.9675411293908404,1,0.0,15561
280120-21,fix_A_labels,124,0.0,0,0.0,8380
280120-21,fix_A_labels,125,0.949280735577636,1,0.008064516129032258,6708
280120-21,fix_A_labels,126,0.0,0,0.0,17199
280120-21,fix_A_labels,127,0.8154994991348693,1,0.0,10870
280120-21,fix_A_labels,128,0.0,0,0.162426614481409,11958
280120-21,fix_A_labels,129,0.8662314786032536,1,0.0,8709
280120-21,fix_A_labels,130,0.9516176615203068,1,0.0,10104
280120-21,fix_A_labels,131,0.9762340036563071,1,0.0,15171
280120-21,fix_A_labels,132,0.9735213830755232,1,0.0,10899
280120-21,fix_A_labels,133,0.7853607406976068,1,0.0,17087
280120-21,fix_A_labels,134,0.9582929194956353,1,0.0,8172
280120-21,fix_A_labels,135,0.0,0,0.04128440366972477,8342
280120-21,fix_A_labels,136,0.9698177676537585,1,0.0,15694
280120-21,fix_A_labels,137,0.0,0,0.0,11920
280120-21,fix_A_labels,138,0.6704441839260128,1,0.09178743961352658,7584
280120-21,fix_A_labels,139,0.7600123864574732,1,0.0,7797
280120-21,fix_A_labels,140,0.601934969080391,1,0.0,9976
280120-21,fix_A_labels,141,0.0,0,0.2125,6613
280120-21,fix_A_labels,142,0.612585199610516,1,0.0,8138
280120-21,fix_A_labels,143,0.0,0,0.08788598574821853,7733
280120-21,fix_A_labels,144,0.953909891248058,1,0.0,9537
280120-21,fix_A_labels,145,0.7272309811725088,1,0.0,12873
280120-21,fix_A_labels,146,0.0,0,0.0,9344
280120-21,fix_A_labels,147,0.0,0,0.0,17922
280120-21,fix_A_labels,148,0.8907819225251076,1,0.0,5466
280120-21,fix_A_labels,149,0.0,0,0.0,10354
280120-21,fix_A_labels,150,0.002512382456392219,0,0.1550925925925926,8726
280120-21,fix_A_labels,151,0.0,0,0.043478260869565216,10239
280120-21,fix_A_labels,152,0.0,0,0.12114989733059549,10057
280120-21,fix_A_labels,153,0.7348837209302326,1,0.0,7454
280120-21,fix_A_labels,154,0.9724741945573976,1,0.0,15774
280120-21,fix_A_labels,155,0.654346379529369,1,0.0,16424
280120-21,fix_A_labels,156,0.0,0,0.05707762557077625,8636
280120-21,fix_A_labels,157,0.0,0,0.0,5008
280120-21,fix_A_labels,158,0.0,0,0.1340909090909091,9425
280120-21,fix_A_labels,159,0.9584456105516947,1,0.0,6991
280120-21,fix_A_labels,160,0.0,0,0.05411255411255411,10275
280120-21,fix_A_labels,161,0.7911549516592631,1,0.0,15254
280120-21,fix_A_labels,162,0.47347994825355755,0,0.17289719626168223,7998
280120-21,fix_A_labels,163,0.8703631010794897,1,0.0,9045
280120-21,fix_A_labels,164,0.7417990861351702,1,0.0,10953
280120-21,fix_A_labels,165,0.8493119000809529,1,0.16901408450704225,8565
280120-21,fix_A_labels,166,0.3041772796739684,0,0.22018348623853212,9567
280120-21,fix_A_labels,167,0.48486362273953443,0,0.02927927927927928,9505
280120-21,fix_A_labels,168,0.0,0,0.0,4991
280120-21,fix_A_labels,169,0.8875912408759125,1,0.0,10181
280120-21,fix_A_labels,170,0.8261161463578383,1,0.17370892018779344,8904
280120-21,fix_A_labels,171,0.12502025603629882,0,0.08241758241758242,6635
280120-21,fix_A_labels,172,0.9548590577567514,1,0.0,14732
280120-21,fix_A_labels,173,0.9742133363626037,1,0.0,8689
280120-21,fix_A_labels,174,0.003359086328518643,0,0.0,9858
280120-21,fix_A_labels,175,0.0021413276231263384,0,0.1719077568134172,10730
280120-21,fix_A_labels,176,0.9607380390474147,1,0.0,9170
280120-21,fix_A_labels,177,0.0,0,0.012254901960784314,8218
280120-21,fix_A_labels,178,0.6596008784493459,1,0.02826086956521739,10392
280120-21,fix_A_labels,179,0.0,0,0.02947845804988662,9421
280120-21,fix_A_labels,180,0.5948291024212933,1,0.0,16888
280120-21,fix_A_labels,181,0.6105224019334449,1,0.19433198380566802,9955
280120-21,fix_A_labels,182,0.8226228554812446,1,0.0,8637
280120-21,fix_A_labels,183,0.47439910234453436,0,0.32142857142857145,9045
280120-21,fix_A_labels,184,0.639819736538017,1,0.1509433962264151,6941
280120-21,fix_A_labels,185,0.6656213704994193,1,0.0,8506
280120-21,fix_A_labels,186,0.44544460875715297,0,0.0,7038
280120-21,fix_A_labels,187,0.0,0,0.085995085995086,6687
280120-21,fix_A_labels,188,0.0,0,0.0,8501
280120-21,fix_B_labels_local_seeds,1,0.9696906788457547,1,0.0,9560
280120-21,fix_B_labels_local_seeds,2,0.9726921662375874,1,0.0,10762
280120-21,fix_B_labels_local_seeds,3,0.9691160809371672,1,0.0,9314
280120-21,fix_B_labels_local_seeds,4,0.9031596925704526,1,0.0,5825
280120-21,fix_B_labels_local_seeds,5,0.9656985149165462,1,0.0,7532
280120-21,fix_B_labels_local_seeds,6,0.9678985435450312,1,0.0,9922
280120-21,fix_B_labels_local_seeds,7,0.9680928208846991,1,0.0,9569
280120-21,fix_B_labels_local_seeds,8,0.0,0,0.0,4950
280120-21,fix_B_labels_local_seeds,9,0.9717688575209528,1,0.0,11161
280120-21,fix_B_labels_local_seeds,10,0.9791786329695578,1,0.0,13773
280120-21,fix_B_labels_local_seeds,11,0.7338329970212357,1,0.0,10280
280120-21,fix_B_labels_local_seeds,12,0.9735427427005375,1,0.0,9292
280120-21,fix_B_labels_local_seeds,13,0.9638199948862184,1,0.0,7744
280120-21,fix_B_labels_local_seeds,14,0.9716971387253382,1,0.0,9531
280120-21,fix_B_labels_local_seeds,15,0.956198867212083,1,0.0,7912
280120-21,fix_B_labels_local_seeds,16,0.9712239256094496,1,0.0,7819
280120-21,fix_B_labels_local_seeds,17,0.7287885183621782,1,0.0,9413
280120-21,fix_B_labels_local_seeds,18,0.9646643109540636,1,0.0,9808
280120-21,fix_B_labels_local_seeds,19,0.9797044519266741,1,0.0,10553
280120-21,fix_B_labels_local_seeds,20,0.9742867526803561,1,0.0,10846
280120-21,fix_B_labels_local_seeds,21,0.9754619511225909,1,0.0,9931
280120-21,fix_B_labels_local_seeds,22,0.9775682704811444,1,0.0,9119
280120-21,fix_B_labels_local_seeds,23,0.9748717948717949,1,0.0,11659
280120-21,fix_B_labels_local_seeds,24,0.9613144137415982,1,0.0,6608
280120-21,fix_B_labels_local_seeds,25,0.958305845098298,1,0.0,7490
280120-21,fix_B_labels_local_seeds,26,0.0,0,0.0,4059
280120-21,fix_B_labels_local_seeds,27,0.9162836185819071,1,0.006787330316742082,9555
280120-21,fix_B_labels_local_seeds,28,0.9788125727590221,1,0.0,12758
280120-21,fix_B_labels_local_seeds,29,0.9674836441753735,1,0.0,10046
280120-21,fix_B_labels_local_seeds,30,0.7597460887407027,1,0.0,15458
280120-21,fix_B_labels_local_seeds,31,0.9682019486271036,1,0.0,11156
280120-21,fix_B_labels_local_seeds,32,0.812166003411029,1,0.0,8722
280120-21,fix_B_labels_local_seeds,33,0.0,0,0.0,9344
280120-21,fix_B_labels_local_seeds,34,0.0,0,0.0,4436
280120-21,fix_B_labels_local_seeds,35,0.9717567461254032,1,0.0,12623
280120-21,fix_B_labels_local_seeds,36,0.975001666555563,1,0.0,14873
280120-21,fix_B_labels_local_seeds,37,0.9731413398692811,1,0.0,9720
280120-21,fix_B_labels_local_seeds,38,0.0,0,0.0,8344
280120-21,fix_B_labels_local_seeds,39,0.9656160458452722,1,0.0,8641
280120-21,fix_B_labels_local_seeds,40,0.9770687936191426,1,0.0,10973
280120-21,fix_B_labels_local_seeds,41,0.9741851368970013,1,0.0,11388
280120-21,fix_B_labels_local_seeds,42,0.9615909329415468,1,0.0,9398
280120-21,fix_B_labels_local_seeds,43,0.3672092682211468,0,0.1574074074074074,5224
280120-21,fix_B_labels_local_seeds,44,0.9759247778466625,1,0.0,9589
280120-21,fix_B_labels_local_seeds,45,0.8518135904499541,1,0.0,8676
280120-21,fix_B_labels_local_seeds,46,0.9706077165093558,1,0.0,11919
280120-21,fix_B_labels_local_seeds,47,0.9745867965988344,1,0.0,10317
280120-21,fix_B_labels_local_seeds,48,0.6243803743045018,1,0.0,9836
280120-21,fix_B_labels_local_seeds,49,0.9701658688634086,1,0.0,8893
280120-21,fix_B_labels_local_seeds,50,0.9669226957383548,1,0.0,7997
280120-21,fix_B_labels_local_seeds,51,0.5509205065446419,1,0.0,9318
280120-21,fix_B_labels_local_seeds,52,0.9749822569198012,1,0.0,11087
280120-21,fix_B_labels_local_seeds,53,0.9648108797280068,1,0.0,11590
280120-21,fix_B_labels_local_seeds,54,0.9615108559124349,1,0.1323529411764706,10933
280120-21,fix_B_labels_local_seeds,55,0.9732843887019476,1,0.0,9725
280120-21,fix_B_labels_local_seeds,56,0.9465442764578834,1,0.0,9162
280120-21,fix_B_labels_local_seeds,57,0.9698752408966427,1,0.0,9684
280120-21,fix_B_labels_local_seeds,58,0.9707897988990001,1,0.0,8831
280120-21,fix_B_labels_local_seeds,59,0.9601139601139601,1,0.0,8013
280120-21,fix_B_labels_local_seeds,60,0.9720575783234547,1,0.0,11670
280120-21,fix_B_labels_local_seeds,61,0.9759684361549498,1,0.0,10951
280120-21,fix_B_labels_local_seeds,62,0.7561924523408118,1,0.0,7564
280120-21,fix_B_labels_local_seeds,63,0.970889177114858,1,0.0,6870
280120-21,fix_B_labels_local_seeds,64,0.9613777641903597,1,0.0,9742
280120-21,fix_B_labels_local_seeds,65,0.6098977695167286,1,0.0,8579
280120-21,fix_B_labels_local_seeds,66,0.9749904906808673,1,0.0,10461
280120-21,fix_B_labels_local_seeds,67,0.9542143600416233,1,0.0,6671
280120-21,fix_B_labels_local_seeds,68,0.6045938700094196,1,0.12380952380952381,8723
280120-21,fix_B_labels_local_seeds,69,0.9576072057959664,1,0.0,10083
280120-21,fix_B_labels_local_seeds,70,0.9459459459459459,1,0.0,6501
280120-21,fix_B_labels_local_seeds,71,0.9686307757524375,1,0.0,9298
280120-21,fix_B_labels_local_seeds,72,0.0,0,0.0,4626
280120-21,fix_B_labels_local_seeds,73,0.9625728602106555,1,0.0,9752
280120-21,fix_B_labels_local_seeds,74,0.7957770081555133,1,0.0,8800
280120-21,fix_B_labels_local_seeds,75,0.0,0,0.12236286919831224,11261
280120-21,fix_B_labels_local_seeds,76,0.9538923719958202,1,0.0,7591
280120-21,fix_B_labels_local_seeds,77,0.9625805018876304,1,0.0,8879
280120-21,fix_B_labels_local_seeds,78,0.0,0,0.0,11832
280120-21,fix_B_labels_local_seeds,79,0.0,0,0.1425531914893617,10086
280120-21,fix_B_labels_local_seeds,80,0.965535581321136,1,0.0,9181
280120-21,fix_B_labels_local_seeds,81,0.9781258689405876,1,0.0,10684
280120-21,fix_B_labels_local_seeds,82,0.9660944663610193,1,0.0,9307
280120-21,fix_B_labels_local_seeds,83,0.0,0,0.12608695652173912,9938
280120-21,fix_B_labels_local_seeds,84,0.9754355589221946,1,0.0,9188
280120-21,fix_B_labels_local_seeds,85,0.9692750840134422,1,0.0,12309
280120-21,fix_B_labels_local_seeds,86,0.9584707463051179,1,0.0,8135
280120-21,fix_B_labels_local_seeds,87,0.9692109692109692,1,0.0,10017
280120-21,fix_B_labels_local_seeds,88,0.9717508942492892,1,0.0,10779
280120-21,fix_B_labels_local_seeds,89,0.9735996103263517,1,0.0,10216
280120-21,fix_B_labels_local_seeds,90,0.9686221009549796,1,0.0,8763
280120-21,fix_B_labels_local_seeds,91,0.8664339518647804,1,0.0,10838
280120-21,fix_B_labels_local_seeds,92,0.8998736576121289,1,0.004098360655737705,11561
280120-21,fix_B_labels_local_seeds,93,0.949629215055268,1,0.0,7095
280120-21,fix_B_labels_local_seeds,94,0.8450639591579189,1,0.0,17226
280120-21,fix_B_labels_local_seeds,95,0.9729864620375569,1,0.0,15832
280120-21,fix_B_labels_local_seeds,96,0.9711031427968783,1,0.0,9376
280120-21,fix_B_labels_local_seeds,97,0.964563862928349,1,0.0,10240
280120-21,fix_B_labels_local_seeds,98,0.9588651089731003,1,0.0,10117
280120-21,fix_B_labels_local_seeds,99,0.9771075865301977,1,0.0,12631
280120-21,fix_B_labels_local_seeds,100,0.9673413063477461,1,0.0,8577
280120-21,fix_B_labels_local_seeds,101,0.9737977805178791,1,0.0,9592
280120-21,fix_B_labels_local_seeds,102,0.5056630486078338,1,0.011904761904761904,8746
280120-21,fix_B_labels_local_seeds,103,0.9796097622184579,1,0.0,15789
280120-21,fix_B_labels_local_seeds,104,0.97750220234465,1,0.0,14657
280120-21,fix_B_labels_local_seeds,105,0.0,0,0.0,20087
280120-21,fix_B_labels_local_seeds,106,0.9566590126291619,1,0.0,6902
280120-21,fix_B_labels_local_seeds,107,0.956944079810974,1,0.0,11274
280120-21,fix_B_labels_local_seeds,108,0.9685278126306984,1,0.0,9493
280120-21,fix_B_labels_local_seeds,109,0.9603211009174312,1,0.0,8651
280120-21,fix_B_labels_local_seeds,110,0.0,0,0.0,18685
280120-21,fix_B_labels_local_seeds,111,0.9725143877753523,1,0.0,9991
280120-21,fix_B_labels_local_seeds,112,0.9458588104502501,1,0.0,8810
280120-21,fix_B_labels_local_seeds,113,0.9746213671715105,1,0.0,12118
280120-21,fix_B_labels_local_seeds,114,0.46062464073577314,0,0.0,15587
280120-21,fix_B_labels_local_seeds,115,0.006761715064472167,0,0.15186915887850466,8277
280120-21,fix_B_labels_local_seeds,116,0.6081239727635596,1,0.0,6370
280120-21,fix_B_labels_local_seeds,117,0.9681059862610403,1,0.0,8048
280120-21,fix_B_labels_local_seeds,118,0.0,0,0.0,4047
280120-21,fix_B_labels_local_seeds,119,0.0,0,0.0,14229
280120-21,fix_B_labels_local_seeds,120,0.9591751544498247,1,0.13765182186234817,11781
280120-21,fix_B_labels_local_seeds,121,0.0,0,0.07392996108949416,10444
280120-21,fix_B_labels_local_seeds,122,0.0,0,0.0,11050
280120-21,fix_B_labels_local_seeds,123,0.9678587308645112,1,0.0,15561
280120-21,fix_B_labels_local_seeds,124,0.0,0,0.0,8380
280120-21,fix_B_labels_local_seeds,125,0.8810265539237502,1,0.008064516129032258,6708
280120-21,fix_B_labels_local_seeds,126,0.0,0,0.0,17199
280120-21,fix_B_labels_local_seeds,127,0.955872986989355,1,0.0,10870
280120-21,fix_B_labels_local_seeds,128,0.0,0,0.162426614481409,11958
280120-21,fix_B_labels_local_seeds,129,0.9113703259566118,1,0.0,8709
280120-21,fix_B_labels_local_seeds,130,0.9516176615203068,1,0.0,10104
280120-21,fix_B_labels_local_seeds,131,0.9516624207982233,1,0.0,15171
280120-21,fix_B_labels_local_seeds,132,0.9731647411989448,1,0.0,10899
280120-21,fix_B_labels_local_seeds,133,0.7469128611369991,1,0.0,17087
280120-21,fix_B_labels_local_seeds,134,0.9582929194956353,1,0.0,8172
280120-21,fix_B_labels_local_seeds,135,0.0,0,0.04128440366972477,8342
280120-21,fix_B_labels_local_seeds,136,0.9700075930144267,1,0.0,15694
280120-21,fix_B_labels_local_seeds,137,0.9674877664427304,1,0.0,11920
280120-21,fix_B_labels_local_seeds,138,0.0,0,0.09178743961352658,7584
280120-21,fix_B_labels_local_seeds,139,0.7622536373955217,1,0.0,7797
280120-21,fix_B_labels_local_seeds,140,0.0003664196726650924,0,0.0,9976
280120-21,fix_B_labels_local_seeds,141,0.0,0,0.2125,6613
280120-21,fix_B_labels_local_seeds,142,0.9769877024229879,1,0.0,8138
280120-21,fix_B_labels_local_seeds,143,0.0,0,0.08788598574821853,7733
280120-21,fix_B_labels_local_seeds,144,0.9438822447102115,1,0.0,9537
280120-21,fix_B_labels_local_seeds,145,0.966796725575702,1,0.0,12873
280120-21,fix_B_labels_local_seeds,146,0.0,0,0.0,9344
280120-21,fix_B_labels_local_seeds,147,0.0,0,0.0,17922
280120-21,fix_B_labels_local_seeds,148,0.8907819225251076,1,0.0,5466
280120-21,fix_B_labels_local_seeds,149,0.9575548529270863,1,0.0,10354
280120-21,fix_B_labels_local_seeds,150,0.0,0,0.1550925925925926,8726
280120-21,fix_B_labels_local_seeds,151,0.0,0,0.043478260869565216,10239
280120-21,fix_B_labels_local_seeds,152,0.0,0,0.12114989733059549,10057
280120-21,fix_B_labels_local_seeds,153,0.7348837209302326,1,0.0,7454
280120-21,fix_B_labels_local_seeds,154,0.9727176021525562,1,0.0,15774
280120-21,fix_B_labels_local_seeds,155,0.9543491301739652,1,0.0,16424
280120-21,fix_B_labels_local_seeds,156,0.6035990823057069,1,0.05707762557077625,8636
280120-21,fix_B_labels_local_seeds,157,0.0,0,0.0,5008
280120-21,fix_B_labels_local_seeds,158,0.0,0,0.1340909090909091,9425
280120-21,fix_B_labels_local_seeds,159,0.9584456105516947,1,0.0,6991
280120-21,fix_B_labels_local_seeds,160,0.26487170030033197,0,0.05411255411255411,10275
280120-21,fix_B_labels_local_seeds,161,0.9716205636743215,1,0.0,15254
280120-21,fix_B_labels_local_seeds,162,0.47432732658602816,0,0.17289719626168223,7998
280120-21,fix_B_labels_local_seeds,163,0.8699027218237202,1,0.0,9045
280120-21,fix_B_labels_local_seeds,164,0.7422258592471358,1,0.0,10953
280120-21,fix_B_labels_local_seeds,165,0.5177489177489177,1,0.16901408450704225,8565
280120-21,fix_B_labels_local_seeds,166,0.0,0,0.22018348623853212,9567
280120-21,fix_B_labels_local_seeds,167,0.0,0,0.02927927927927928,9505
280120-21,fix_B_labels_local_seeds,168,0.0,0,0.0,4991
280120-21,fix_B_labels_local_seeds,169,0.5618054201598752,1,0.0,10181
280120-21,fix_B_labels_local_seeds,170,0.432,0,0.17370892018779344,8904
280120-21,fix_B_labels_local_seeds,171,0.0,0,0.08241758241758242,6635
280120-21,fix_B_labels_local_seeds,172,0.9548590577567514,1,0.0,14732
280120-21,fix_B_labels_local_seeds,173,0.9742133363626037,1,0.0,8689
280120-21,fix_B_labels_local_seeds,174,0.003359086328518643,0,0.0,9858
280120-21,fix_B_labels_local_seeds,175,0.0,0,0.1719077568134172,10730
280120-21,fix_B_labels_local_seeds,176,0.9610305958132045,1,0.0,9170
280120-21,fix_B_labels_local_seeds,177,0.47260516083421705,0,0.012254901960784314,8218
280120-21,fix_B_labels_local_seeds,178,0.0,0,0.02826086956521739,10392
280120-21,fix_B_labels_local_seeds,179,0.0,0,0.02947845804988662,9421
280120-21,fix_B_labels_local_seeds,180,0.9658665105386417,1,0.0,16888
280120-21,fix_B_labels_local_seeds,181,0.0,0,0.19433198380566802,9955
280120-21,fix_B_labels_local_seeds,182,0.8346774193548387,1,0.0,8637
280120-21,fix_B_labels_local_seeds,183,0.47268647020610643,0,0.32142857142857145,9045
280120-21,fix_B_labels_local_seeds,184,0.0,0,0.1509433962264151,6941
280120-21,fix_B_labels_local_seeds,185,0.9359657248726262,1,0.0,8506
280120-21,fix_B_labels_local_seeds,186,0.4060137154914718,0,0.0,7038
280120-21,fix_B_labels_local_seeds,187,0.0,0,0.085995085995086,6687
280120-21,fix_B_labels_local_seeds,188,0.0,0,0.0,8501
280120-21,cellpose_sam,1,0.939188525395422,1,0.0,9560
280120-21,cellpose_sam,2,0.9436212187637001,1,0.0,10762
280120-21,cellpose_sam,3,0.9407130592869407,1,0.0,9314
280120-21,cellpose_sam,4,0.9335046578862833,1,0.0,5825
280120-21,cellpose_sam,5,0.9349553128103277,1,0.0,7532
280120-21,cellpose_sam,6,0.940563086548488,1,0.0,9922
280120-21,cellpose_sam,7,0.9379533424818663,1,0.0,9569
280120-21,cellpose_sam,8,0.9524729520865534,1,0.0,4950
280120-21,cellpose_sam,9,0.9351487222454964,1,0.0,11161
280120-21,cellpose_sam,10,0.9398798962740549,1,0.0,13773
280120-21,cellpose_sam,11,0.9429462483947899,1,0.0,10280
280120-21,cellpose_sam,12,0.9283644719752223,1,0.0,9292
280120-21,cellpose_sam,13,0.9352657004830918,1,0.0,7744
280120-21,cellpose_sam,14,0.9363395225464191,1,0.0,9531
280120-21,cellpose_sam,15,0.9500302480338778,1,0.0,7912
280120-21,cellpose_sam,16,0.9150380339379754,1,0.0,7819
280120-21,cellpose_sam,17,0.9414882976595319,1,0.0,9413
280120-21,cellpose_sam,18,0.9497433911106807,1,0.0,9808
280120-21,cellpose_sam,19,0.9348866052445074,1,0.0,10553
280120-21,cellpose_sam,20,0.9348388208929495,1,0.0,10846
280120-21,cellpose_sam,21,0.9238998976648991,1,0.0,9931
280120-21,cellpose_sam,22,0.9520726741150674,1,0.0,9119
280120-21,cellpose_sam,23,0.9522914794542929,1,0.0,11659
280120-21,cellpose_sam,24,0.928220255653884,1,0.0,6608
280120-21,cellpose_sam,25,0.9541284403669725,1,0.0,7490
280120-21,cellpose_sam,26,0.8979741274103002,1,0.0,4059
280120-21,cellpose_sam,27,0.9430517173312278,1,0.006787330316742082,9555
280120-21,cellpose_sam,28,0.9417583228759134,1,0.0,12758
280120-21,cellpose_sam,29,0.917526714768472,1,0.0,10046
280120-21,cellpose_sam,30,0.947065310623698,1,0.0,15458
280120-21,cellpose_sam,31,0.9350431648646383,1,0.0,11156
280120-21,cellpose_sam,32,0.9354354354354354,1,0.0,8722
280120-21,cellpose_sam,33,0.9408564231738036,1,0.0,9344
280120-21,cellpose_sam,34,0.9535683576956148,1,0.0,4436
280120-21,cellpose_sam,35,0.9565579984836998,1,0.0,12623
280120-21,cellpose_sam,36,0.9424027372956533,1,0.0,14873
280120-21,cellpose_sam,37,0.9295208950941952,1,0.0,9720
280120-21,cellpose_sam,38,0.9473206176203451,1,0.0,8344
280120-21,cellpose_sam,39,0.931242590796422,1,0.0,8641
280120-21,cellpose_sam,40,0.9528482111844391,1,0.0,10973
280120-21,cellpose_sam,41,0.9486837720759747,1,0.0,11388
280120-21,cellpose_sam,42,0.9354967151104917,1,0.0,9398
280120-21,cellpose_sam,43,0.9246001523229246,1,0.1574074074074074,5224
280120-21,cellpose_sam,44,0.9297973431591195,1,0.0,9589
280120-21,cellpose_sam,45,0.9337635869565217,1,0.0,8676
280120-21,cellpose_sam,46,0.9433320142461417,1,0.0,11919
280120-21,cellpose_sam,47,0.9363768379016155,1,0.0,10317
280120-21,cellpose_sam,48,0.9544881125667152,1,0.0,9836
280120-21,cellpose_sam,49,0.9396661031276415,1,0.0,8893
280120-21,cellpose_sam,50,0.935431044566616,1,0.0,7997
280120-21,cellpose_sam,51,0.9558793351118408,1,0.0,9318
280120-21,cellpose_sam,52,0.9342715092272689,1,0.0,11087
280120-21,cellpose_sam,53,0.9230646702771583,1,0.0,11590
280120-21,cellpose_sam,54,0.9475509319462505,1,0.1323529411764706,10933
280120-21,cellpose_sam,55,0.9421623716334043,1,0.0,9725
280120-21,cellpose_sam,56,0.9356617647058824,1,0.0,9162
280120-21,cellpose_sam,57,0.9346588167165332,1,0.0,9684
280120-21,cellpose_sam,58,0.9491616509028374,1,0.0,8831
280120-21,cellpose_sam,59,0.9352240896358543,1,0.0,8013
280120-21,cellpose_sam,60,0.9384046317143776,1,0.0,11670
280120-21,cellpose_sam,61,0.9267941773865944,1,0.0,10951
280120-21,cellpose_sam,62,0.9278704612365064,1,0.0,7564
280120-21,cellpose_sam,63,0.9374829374829374,1,0.0,6870
280120-21,cellpose_sam,64,0.9491228070175438,1,0.0,9742
280120-21,cellpose_sam,65,0.9614819835084152,1,0.0,8579
280120-21,cellpose_sam,66,0.9570905763952424,1,0.0,10461
280120-21,cellpose_sam,67,0.9062627360412987,1,0.0,6671
280120-21,cellpose_sam,68,0.9682151589242054,1,0.12380952380952381,8723
280120-21,cellpose_sam,69,0.922338090010977,1,0.0,10083
280120-21,cellpose_sam,70,0.943815331010453,1,0.0,6501
280120-21,cellpose_sam,71,0.923428344423478,1,0.0,9298
280120-21,cellpose_sam,72,0.9144099624431706,1,0.0,4626
280120-21,cellpose_sam,73,0.9582391667485507,1,0.0,9752
280120-21,cellpose_sam,74,0.939089549048942,1,0.0,8800
280120-21,cellpose_sam,75,0.940834876283454,1,0.12236286919831224,11261
280120-21,cellpose_sam,76,0.9453300124533002,1,0.0,7591
280120-21,cellpose_sam,77,0.9251849536313431,1,0.0,8879
280120-21,cellpose_sam,78,0.9188558992693922,1,0.0,11832
280120-21,cellpose_sam,79,0.9515380974917179,1,0.1425531914893617,10086
280120-21,cellpose_sam,80,0.9201242734014833,1,0.0,9181
280120-21,cellpose_sam,81,0.9380981648959522,1,0.0,10684
280120-21,cellpose_sam,82,0.9651560717618998,1,0.0,9307
280120-21,cellpose_sam,83,0.9423423423423424,1,0.12608695652173912,9938
280120-21,cellpose_sam,84,0.9428424833247819,1,0.0,9188
280120-21,cellpose_sam,85,0.9420189950980392,1,0.0,12309
280120-21,cellpose_sam,86,0.9379684077020639,1,0.0,8135
280120-21,cellpose_sam,87,0.9489389920424404,1,0.0,10017
280120-21,cellpose_sam,88,0.9418086500655308,1,0.0,10779
280120-21,cellpose_sam,89,0.9430444013661958,1,0.0,10216
280120-21,cellpose_sam,90,0.9510527458215758,1,0.0,8763
280120-21,cellpose_sam,91,0.9485384211447576,1,0.0,10838
280120-21,cellpose_sam,92,0.9532448255957781,1,0.004098360655737705,11561
280120-21,cellpose_sam,93,0.952342596321654,1,0.0,7095
280120-21,cellpose_sam,94,0.5272301274358535,1,0.0,17226
280120-21,cellpose_sam,95,0.6222847702380224,1,0.0,15832
280120-21,cellpose_sam,96,0.943924292761502,1,0.0,9376
280120-21,cellpose_sam,97,0.9463081046114038,1,0.0,10240
280120-21,cellpose_sam,98,0.9553225654104089,1,0.0,10117
280120-21,cellpose_sam,99,0.948411804460464,1,0.0,12631
280120-21,cellpose_sam,100,0.9305630899424976,1,0.0,8577
280120-21,cellpose_sam,101,0.9307199689501261,1,0.0,9592
280120-21,cellpose_sam,102,0.9468442134892281,1,0.011904761904761904,8746
280120-21,cellpose_sam,103,0.9546526392163976,1,0.0,15789
280120-21,cellpose_sam,104,0.9502723029045643,1,0.0,14657
280120-21,cellpose_sam,105,0.5713517214397497,1,0.0,20087
280120-21,cellpose_sam,106,0.9233444816053512,1,0.0,6902
280120-21,cellpose_sam,107,0.9453157762308144,1,0.0,11274
280120-21,cellpose_sam,108,0.9465549905274704,1,0.0,9493
280120-21,cellpose_sam,109,0.9522289488167309,1,0.0,8651
280120-21,cellpose_sam,110,0.6154449440552128,1,0.0,18685
280120-21,cellpose_sam,111,0.9269808869920207,1,0.0,9991
280120-21,cellpose_sam,112,0.9103120479437901,1,0.0,8810
280120-21,cellpose_sam,113,0.9454630568775845,1,0.0,12118
280120-21,cellpose_sam,114,0.9510647385441454,1,0.0,15587
280120-21,cellpose_sam,115,0.9530543642054017,1,0.15186915887850466,8277
280120-21,cellpose_sam,116,0.9642747151216507,1,0.0,6370
280120-21,cellpose_sam,117,0.9293302540415704,1,0.0,8048
280120-21,cellpose_sam,118,0.9249079754601227,1,0.0,4047
280120-21,cellpose_sam,119,0.958698288640345,1,0.0,14229
280120-21,cellpose_sam,120,0.936889677992091,1,0.13765182186234817,11781
280120-21,cellpose_sam,121,0.868338267949667,1,0.07392996108949416,10444
280120-21,cellpose_sam,122,0.9387477699430804,1,0.0,11050
280120-21,cellpose_sam,123,0.5390429785107447,1,0.0,15561
280120-21,cellpose_sam,124,0.9502102989655564,1,0.0,8380
280120-21,cellpose_sam,125,0.9342215988779804,1,0.008064516129032258,6708
280120-21,cellpose_sam,126,0.6130616391962068,1,0.0,17199
280120-21,cellpose_sam,127,0.9347321351792931,1,0.0,10870
280120-21,cellpose_sam,128,0.948360195653917,1,0.162426614481409,11958
280120-21,cellpose_sam,129,0.9396067415730337,1,0.0,8709
280120-21,cellpose_sam,130,0.9486384976525821,1,0.0,10104
280120-21,cellpose_sam,131,0.6576743591382727,1,0.0,15171
280120-21,cellpose_sam,132,0.936984181568088,1,0.0,10899
280120-21,cellpose_sam,133,0.9568656046668162,1,0.0,17087
280120-21,cellpose_sam,134,0.9543460215818808,1,0.0,8172
280120-21,cellpose_sam,135,0.9369543032089807,1,0.04128440366972477,8342
280120-21,cellpose_sam,136,0.5718879475604477,1,0.0,15694
280120-21,cellpose_sam,137,0.9319781078967944,1,0.0,11920
280120-21,cellpose_sam,138,0.9461190655614168,1,0.09178743961352658,7584
280120-21,cellpose_sam,139,0.7572108381081869,1,0.0,7797
280120-21,cellpose_sam,140,0.9586737145603076,1,0.0,9976
280120-21,cellpose_sam,141,0.9400797039567321,1,0.2125,6613
280120-21,cellpose_sam,142,0.9288893961876498,1,0.0,8138
280120-21,cellpose_sam,143,0.8188267683185091,1,0.08788598574821853,7733
280120-21,cellpose_sam,144,0.9141055949566588,1,0.0,9537
280120-21,cellpose_sam,145,0.9314087258519644,1,0.0,12873
280120-21,cellpose_sam,146,0.7170593200828793,1,0.0,9344
280120-21,cellpose_sam,147,0.5400620948853423,1,0.0,17922
280120-21,cellpose_sam,148,0.9048981051126207,1,0.0,5466
280120-21,cellpose_sam,149,0.940241576605213,1,0.0,10354
280120-21,cellpose_sam,150,0.9116172168825741,1,0.1550925925925926,8726
280120-21,cellpose_sam,151,0.9490649375058735,1,0.043478260869565216,10239
280120-21,cellpose_sam,152,0.9286051117608224,1,0.12114989733059549,10057
280120-21,cellpose_sam,153,0.6930600838379134,1,0.0,7454
280120-21,cellpose_sam,154,0.944717297556301,1,0.0,15774
280120-21,cellpose_sam,155,0.5531176470588235,1,0.0,16424
280120-21,cellpose_sam,156,0.9542541436464088,1,0.05707762557077625,8636
280120-21,cellpose_sam,157,0.9174025018395879,1,0.0,5008
280120-21,cellpose_sam,158,0.9212198221092758,1,0.1340909090909091,9425
280120-21,cellpose_sam,159,0.959731543624161,1,0.0,6991
280120-21,cellpose_sam,160,0.9403026134800551,1,0.05411255411255411,10275
280120-21,cellpose_sam,161,0.4930333631599131,0,0.0,15254
280120-21,cellpose_sam,162,0.9178333715859537,1,0.17289719626168223,7998
280120-21,cellpose_sam,163,0.9157597321054834,1,0.0,9045
280120-21,cellpose_sam,164,0.7128074970714564,1,0.0,10953
280120-21,cellpose_sam,165,0.9543507664562669,1,0.16901408450704225,8565
280120-21,cellpose_sam,166,0.9457981103928393,1,0.22018348623853212,9567
280120-21,cellpose_sam,167,0.9256750122729505,1,0.02927927927927928,9505
280120-21,cellpose_sam,168,0.8711930164888457,1,0.0,4991
280120-21,cellpose_sam,169,0.9250138863173486,1,0.0,10181
280120-21,cellpose_sam,170,0.9553552031283945,1,0.17370892018779344,8904
280120-21,cellpose_sam,171,0.937803979366249,1,0.08241758241758242,6635
280120-21,cellpose_sam,172,0.9451465965227434,1,0.0,14732
280120-21,cellpose_sam,173,0.9303994003640647,1,0.0,8689
280120-21,cellpose_sam,174,0.9227920227920228,1,0.0,9858
280120-21,cellpose_sam,175,0.9429400386847195,1,0.1719077568134172,10730
280120-21,cellpose_sam,176,0.9403015693917325,1,0.0,9170
280120-21,cellpose_sam,177,0.9529671350598072,1,0.012254901960784314,8218
280120-21,cellpose_sam,178,0.9240618886715276,1,0.02826086956521739,10392
280120-21,cellpose_sam,179,0.9392270724869843,1,0.02947845804988662,9421
280120-21,cellpose_sam,180,0.5034009684113443,1,0.0,16888
280120-21,cellpose_sam,181,0.9372150455927052,1,0.19433198380566802,9955
280120-21,cellpose_sam,182,0.936713018723311,1,0.0,8637
280120-21,cellpose_sam,183,0.9220236228702833,1,0.32142857142857145,9045
280120-21,cellpose_sam,184,0.8828559793674494,1,0.1509433962264151,6941
280120-21,cellpose_sam,185,0.9158053402239449,1,0.0,8506
280120-21,cellpose_sam,186,0.881555766364006,1,0.0,7038
280120-21,cellpose_sam,187,0.8995157384987893,1,0.085995085995086,6687
280120-21,cellpose_sam,188,0.9276337562051847,1,0.0,8501
280120-22,original,1,0.9823188203228738,1,0.0,14152
280120-22,original,2,0.9745788358720872,1,0.0,9806
280120-22,original,3,0.970360824742268,1,0.0,7698
280120-22,original,4,0.9811995597945709,1,0.0,10780
280120-22,original,5,0.9674997198251709,1,0.0,8868
280120-22,original,6,0.976228506999906,1,0.0,10523
280120-22,original,7,0.9798412204234122,1,0.0,12674
280120-22,original,8,0.9780906430435814,1,0.0,12600
280120-22,original,9,0.9808645855157483,1,0.0,14140
280120-22,original,10,0.9688232536333802,1,0.0,8442
280120-22,original,11,0.9710665981852422,1,0.0,11480
280120-22,original,12,0.981637337413925,1,0.0,12916
280120-22,original,13,0.9757462686567164,1,0.0,11590
280120-22,original,14,0.0,0,0.0,16919
280120-22,original,15,0.9775307106204323,1,0.0,12725
280120-22,original,16,0.9764795144157815,1,0.0,10405
280120-22,original,17,0.9790674880985718,1,0.0,14077
280120-22,original,18,0.9771461219825739,1,0.0,13867
280120-22,original,19,0.9803873297226325,1,0.0,12052
280120-22,original,20,0.9796986721144024,1,0.0,15492
280120-22,original,21,0.9820035460992907,1,0.0,11176
280120-22,original,22,0.979151753758053,1,0.0,11007
280120-22,original,23,0.9811769957592441,1,0.0,13292
280120-22,original,24,0.9710247349823321,1,0.0,11242
280120-22,original,25,0.0,0,0.023715415019762844,12112
280120-22,original,26,0.9770913770913771,1,0.0,11525
280120-22,original,27,0.9773220747889023,1,0.0,12321
280120-22,original,28,0.9810261209903854,1,0.0,11621
280120-22,original,29,0.9803831698597488,1,0.0,10834
280120-22,original,30,0.9769108280254777,1,0.0,11122
280120-22,original,31,0.9740132385388576,1,0.0,8089
280120-22,original,32,0.9796624472573839,1,0.0,11753
280120-22,original,33,0.9816283269215671,1,0.0,12592
280120-22,original,34,0.9743072606103121,1,0.0,11263
280120-22,original,35,0.9811762737388103,1,0.0,11813
280120-22,original,36,0.9769031345745934,1,0.0,12561
280120-22,original,37,0.967867690490254,1,0.0,8375
280120-22,original,38,0.9736244814901777,1,0.0,12504
280120-22,original,39,0.9793155009137731,1,0.0,11901
280120-22,original,40,0.980066662309653,1,0.0,15078
280120-22,original,41,0.982379689276241,1,0.0,10474
280120-22,original,42,0.9773425180512906,1,0.0,11916
280120-22,original,43,0.9753967651302301,1,0.0,13007
280120-22,original,44,0.9790040876997399,1,0.0,10627
280120-22,original,45,0.9792098306780024,1,0.0,13843
280120-22,original,46,0.8388836572211283,1,0.0,11588
280120-22,original,47,0.9786096256684492,1,0.0,10180
280120-22,original,48,0.9753530877873166,1,0.0,10717
280120-22,original,49,0.0,0,0.0,4782
280120-22,original,50,0.974977724977725,1,0.0,13213
280120-22,original,51,0.9771097357304254,1,0.0,10058
280120-22,original,52,0.9826352660605158,1,0.0,13296
280120-22,original,53,0.9767337000631257,1,0.0,10990
280120-22,original,54,0.9813795702977761,1,0.0,13109
280120-22,original,55,0.9741561926281599,1,0.0,14044
280120-22,original,56,0.9737304314623902,1,0.0,12821
280120-22,original,57,0.9732426303854875,1,0.0,10783
280120-22,original,58,0.9802118728762742,1,0.0,9921
280120-22,original,59,0.0,0,0.024844720496894408,11616
280120-22,original,60,0.9743241832794072,1,0.0,9495
280120-22,original,61,0.0,0,0.0,21476
280120-22,original,62,0.9779009964641594,1,0.0,12261
280120-22,original,63,0.9736328125,1,0.0,14147
280120-22,original,64,0.9752613601076493,1,0.0,9517
280120-22,original,65,0.9725789656369316,1,0.0,8580
280120-22,original,66,0.96971216527931,1,0.0,9922
280120-22,original,67,0.967479674796748,1,0.0,9564
280120-22,original,68,0.974216511849987,1,0.0,11392
280120-22,original,69,0.9749227373068433,1,0.0,11237
280120-22,original,70,0.9773271889400922,1,0.0,10747
280120-22,original,71,0.9552176917760885,1,0.0,7160
280120-22,original,72,0.9786426617244727,1,0.0,11227
280120-22,original,73,0.9715671894392418,1,0.0,8770
280120-22,original,74,0.9710114702815432,1,0.0,9505
280120-22,original,75,0.9778085991678225,1,0.0,11399
280120-22,original,76,0.9788745387453874,1,0.0,10689
280120-22,original,77,0.9800906442214309,1,0.0,12235
280120-22,original,78,0.9644558446317333,1,0.0,8131
280120-22,original,79,0.9827635531397511,1,0.0,13858
280120-22,original,80,0.922720517527756,1,0.0,11316
280120-22,original,81,0.9380557202133966,1,0.0,13458
280120-22,original,82,0.0,0,0.017057569296375266,10974
280120-22,original,83,0.9586843160850381,1,0.0,7394
280120-22,original,84,0.0,0,0.0,11810
280120-22,original,85,0.9772385995416106,1,0.0,12450
280120-22,original,86,0.9700440528634361,1,0.0,7897
280120-22,original,87,0.9651162790697675,1,0.0,6793
280120-22,original,88,0.9763313609467456,1,0.0,10166
280120-22,original,89,0.8633477500690163,1,0.0,10721
280120-22,original,90,0.9567789333078904,1,0.0,10312
280120-22,original,91,0.9523809523809523,1,0.0,6257
280120-22,original,92,0.9730083234244946,1,0.0,8332
280120-22,original,93,0.0,0,0.0,8791
280120-22,original,94,0.0,0,0.0,16850
280120-22,original,95,0.9708511941212492,1,0.0,8113
280120-22,original,96,0.9752562743018734,1,0.0,11178
280120-22,original,97,0.9770393610952652,1,0.0,13768
280120-22,original,98,0.9749247743229689,1,0.0,10826
280120-22,original,99,0.8942783141040734,1,0.0,12613
280120-22,original,100,0.0,0,0.005703422053231939,13021
280120-22,original,101,0.962875939849624,1,0.0,8450
280120-22,original,102,0.948592988523817,1,0.0,6321
280120-22,original,103,0.9728285584356525,1,0.0,8729
280120-22,original,104,0.0,0,0.0536480686695279,10743
280120-22,original,105,0.943864229765013,1,0.0,6051
280120-22,original,106,0.0,0,0.0,9320
280120-22,original,107,0.0,0,0.0,4483
280120-22,original,108,0.8284956045778736,1,0.0,11992
280120-22,original,109,0.0,0,0.0,10566
280120-22,original,110,0.9601274165202109,1,0.0,9021
280120-22,original,111,0.9221675658521105,1,0.0,12435
280120-22,original,112,0.0,0,0.0,10249
280120-22,original,113,0.0,0,0.0,11744
280120-22,original,114,0.0,0,0.0,11565
280120-22,original,115,0.9749158764148057,1,0.0,9689
280120-22,original,116,0.9688810061270557,1,0.0,12045
280120-22,original,117,0.0,0,0.015873015873015872,11858
280120-22,original,118,0.0,0,0.0,11186
280120-22,original,119,0.8505905813775119,1,0.0,12889
280120-22,original,120,0.9598692810457516,1,0.0,7602
280120-22,original,121,0.0,0,0.0,9377
280120-22,original,122,0.9793895121314897,1,0.0,11395
280120-22,original,123,0.0,0,0.0,9850
280120-22,original,124,0.0,0,0.037422037422037424,11511
280120-22,original,125,0.0,0,0.006756756756756757,8485
280120-22,original,126,0.0,0,0.005025125628140704,7625
280120-22,original,127,0.0,0,0.0,7298
280120-22,original,128,0.0,0,0.0,4460
280120-22,original,129,0.0,0,0.0,10945
280120-22,original,130,0.0,0,0.0,5659
280120-22,original,131,0.7843946540880503,1,0.0,10077
280120-22,original,132,0.9086513329848406,1,0.0,7610
280120-22,original,133,0.9663057775978954,1,0.0,9629
280120-22,original,134,0.0,0,0.051440329218107,11308
280120-22,original,135,0.0,0,0.0,13244
280120-22,original,136,0.9801243189317781,1,0.0,12905
280120-22,original,137,0.9519912044954801,1,0.0,8101
280120-22,original,138,0.0,0,0.004608294930875576,8878
280120-22,original,139,0.96415770609319,1,0.0,11287
280120-22,original,140,0.0,0,0.0,11987
280120-22,original,141,0.0,0,0.0,10541
280120-22,original,142,0.9766457945506853,1,0.0,11767
280120-22,original,143,0.0,0,0.0,14311
280120-22,original,144,0.0,0,0.051440329218107,9123
280120-22,original,145,0.0,0,0.04259259259259259,13021
280120-22,original,146,0.9568304458960523,1,0.0,10503
280120-22,original,147,0.7727739726027397,1,0.0,9478
280120-22,original,148,0.0,0,0.0,11585
280120-22,original,149,0.0,0,0.042222222222222223,8075
280120-22,original,150,0.0,0,0.0,11226
280120-22,original,151,0.3948209066811663,0,0.0,5942
280120-22,original,152,0.0,0,0.03177966101694915,9898
280120-22,original,153,0.0,0,0.0,7553
280120-22,original,154,0.0,0,0.0,5707
280120-22,original,155,0.0,0,0.02385685884691849,12286
280120-22,original,156,0.0,0,0.0,8119
280120-22,original,157,0.0,0,0.0,11447
280120-22,original,158,0.9779327761409417,1,0.0,16500
280120-22,original,159,0.0,0,0.0,14481
280120-22,original,160,0.0,0,0.0,5436
280120-22,original,161,0.47699428260277704,0,0.0,7120
280120-22,original,162,0.0,0,0.0928030303030303,13393
280120-22,original,163,0.0,0,0.0,8469
280120-22,original,164,0.0,0,0.0035842293906810036,14292
280120-22,original,165,0.0,0,0.0,9879
280120-22,original,166,0.0,0,0.04112554112554113,10137
280120-22,original,167,0.0,0,0.07126436781609195,8610
280120-22,original,168,0.0,0,0.027573529411764705,13123
280120-22,original,169,0.0,0,0.004464285714285714,8699
280120-22,original,170,0.0,0,0.0,8493
280120-22,original,171,0.0,0,0.024439918533604887,9427
280120-22,original,172,0.0,0,0.0,8176
280120-22,fix_A_labels,1,0.9823188203228738,1,0.0,14152
280120-22,fix_A_labels,2,0.9745788358720872,1,0.0,9806
280120-22,fix_A_labels,3,0.970360824742268,1,0.0,7698
280120-22,fix_A_labels,4,0.9811995597945709,1,0.0,10780
280120-22,fix_A_labels,5,0.9674997198251709,1,0.0,8868
280120-22,fix_A_labels,6,0.976228506999906,1,0.0,10523
280120-22,fix_A_labels,7,0.9798412204234122,1,0.0,12674
280120-22,fix_A_labels,8,0.9780906430435814,1,0.0,12600
280120-22,fix_A_labels,9,0.9808645855157483,1,0.0,14140
280120-22,fix_A_labels,10,0.9688232536333802,1,0.0,8442
280120-22,fix_A_labels,11,0.9710665981852422,1,0.0,11480
280120-22,fix_A_labels,12,0.981637337413925,1,0.0,12916
280120-22,fix_A_labels,13,0.9757462686567164,1,0.0,11590
280120-22,fix_A_labels,14,0.0,0,0.0,16919
280120-22,fix_A_labels,15,0.9775307106204323,1,0.0,12725
280120-22,fix_A_labels,16,0.9764795144157815,1,0.0,10405
280120-22,fix_A_labels,17,0.9790674880985718,1,0.0,14077
280120-22,fix_A_labels,18,0.9771461219825739,1,0.0,13867
280120-22,fix_A_labels,19,0.9803873297226325,1,0.0,12052
280120-22,fix_A_labels,20,0.9796986721144024,1,0.0,15492
280120-22,fix_A_labels,21,0.9820035460992907,1,0.0,11176
280120-22,fix_A_labels,22,0.979151753758053,1,0.0,11007
280120-22,fix_A_labels,23,0.9811769957592441,1,0.0,13292
280120-22,fix_A_labels,24,0.9710247349823321,1,0.0,11242
280120-22,fix_A_labels,25,0.9707879878896981,1,0.023715415019762844,12112
280120-22,fix_A_labels,26,0.9770913770913771,1,0.0,11525
280120-22,fix_A_labels,27,0.9773220747889023,1,0.0,12321
280120-22,fix_A_labels,28,0.9810261209903854,1,0.0,11621
280120-22,fix_A_labels,29,0.9803831698597488,1,0.0,10834
280120-22,fix_A_labels,30,0.9769108280254777,1,0.0,11122
280120-22,fix_A_labels,31,0.9740132385388576,1,0.0,8089
280120-22,fix_A_labels,32,0.9796624472573839,1,0.0,11753
280120-22,fix_A_labels,33,0.9816283269215671,1,0.0,12592
280120-22,fix_A_labels,34,0.9743072606103121,1,0.0,11263
280120-22,fix_A_labels,35,0.9811762737388103,1,0.0,11813
280120-22,fix_A_labels,36,0.9769031345745934,1,0.0,12561
280120-22,fix_A_labels,37,0.967867690490254,1,0.0,8375
280120-22,fix_A_labels,38,0.9736244814901777,1,0.0,12504
280120-22,fix_A_labels,39,0.9793155009137731,1,0.0,11901
280120-22,fix_A_labels,40,0.980066662309653,1,0.0,15078
280120-22,fix_A_labels,41,0.982379689276241,1,0.0,10474
280120-22,fix_A_labels,42,0.9773425180512906,1,0.0,11916
280120-22,fix_A_labels,43,0.9753967651302301,1,0.0,13007
280120-22,fix_A_labels,44,0.9790040876997399,1,0.0,10627
280120-22,fix_A_labels,45,0.9792098306780024,1,0.0,13843
280120-22,fix_A_labels,46,0.8388836572211283,1,0.0,11588
280120-22,fix_A_labels,47,0.9786096256684492,1,0.0,10180
280120-22,fix_A_labels,48,0.9753530877873166,1,0.0,10717
280120-22,fix_A_labels,49,0.0,0,0.0,4782
280120-22,fix_A_labels,50,0.974977724977725,1,0.0,13213
280120-22,fix_A_labels,51,0.8857339359402633,1,0.0,10058
280120-22,fix_A_labels,52,0.9826352660605158,1,0.0,13296
280120-22,fix_A_labels,53,0.9767337000631257,1,0.0,10990
280120-22,fix_A_labels,54,0.9813795702977761,1,0.0,13109
280120-22,fix_A_labels,55,0.9741561926281599,1,0.0,14044
280120-22,fix_A_labels,56,0.5567672080433101,1,0.0,12821
280120-22,fix_A_labels,57,0.9732426303854875,1,0.0,10783
280120-22,fix_A_labels,58,0.9802118728762742,1,0.0,9921
280120-22,fix_A_labels,59,0.9718943703829498,1,0.024844720496894408,11616
280120-22,fix_A_labels,60,0.9743241832794072,1,0.0,9495
280120-22,fix_A_labels,61,0.0,0,0.0,21476
280120-22,fix_A_labels,62,0.9779009964641594,1,0.0,12261
280120-22,fix_A_labels,63,0.9736328125,1,0.0,14147
280120-22,fix_A_labels,64,0.9752613601076493,1,0.0,9517
280120-22,fix_A_labels,65,0.9725789656369316,1,0.0,8580
280120-22,fix_A_labels,66,0.96971216527931,1,0.0,9922
280120-22,fix_A_labels,67,0.5188453950783927,1,0.0,9564
280120-22,fix_A_labels,68,0.974216511849987,1,0.0,11392
280120-22,fix_A_labels,69,0.9749227373068433,1,0.0,11237
280120-22,fix_A_labels,70,0.9773271889400922,1,0.0,10747
280120-22,fix_A_labels,71,0.9552176917760885,1,0.0,7160
280120-22,fix_A_labels,72,0.9786426617244727,1,0.0,11227
280120-22,fix_A_labels,73,0.9715671894392418,1,0.0,8770
280120-22,fix_A_labels,74,0.9710114702815432,1,0.0,9505
280120-22,fix_A_labels,75,0.9778085991678225,1,0.0,11399
280120-22,fix_A_labels,76,0.9788745387453874,1,0.0,10689
280120-22,fix_A_labels,77,0.7049926817368678,1,0.0,12235
280120-22,fix_A_labels,78,0.9644558446317333,1,0.0,8131
280120-22,fix_A_labels,79,0.9827635531397511,1,0.0,13858
280120-22,fix_A_labels,80,0.922720517527756,1,0.0,11316
280120-22,fix_A_labels,81,0.9380557202133966,1,0.0,13458
280120-22,fix_A_labels,82,0.9735754089520043,1,0.017057569296375266,10974
280120-22,fix_A_labels,83,0.9586843160850381,1,0.0,7394
280120-22,fix_A_labels,84,0.9713189928297482,1,0.0,11810
280120-22,fix_A_labels,85,0.9772385995416106,1,0.0,12450
280120-22,fix_A_labels,86,0.9700440528634361,1,0.0,7897
280120-22,fix_A_labels,87,0.9651162790697675,1,0.0,6793
280120-22,fix_A_labels,88,0.5366494694831111,1,0.0,10166
280120-22,fix_A_labels,89,0.8633477500690163,1,0.0,10721
280120-22,fix_A_labels,90,0.9567789333078904,1,0.0,10312
280120-22,fix_A_labels,91,0.9523809523809523,1,0.0,6257
280120-22,fix_A_labels,92,0.9730083234244946,1,0.0,8332
280120-22,fix_A_labels,93,0.0,0,0.0,8791
280120-22,fix_A_labels,94,0.0,0,0.0,16850
280120-22,fix_A_labels,95,0.9708511941212492,1,0.0,8113
280120-22,fix_A_labels,96,0.9752562743018734,1,0.0,11178
280120-22,fix_A_labels,97,0.9770393610952652,1,0.0,13768
280120-22,fix_A_labels,98,0.9749247743229689,1,0.0,10826
280120-22,fix_A_labels,99,0.8942783141040734,1,0.0,12613
280120-22,fix_A_labels,100,0.9724472030883354,1,0.005703422053231939,13021
280120-22,fix_A_labels,101,0.962875939849624,1,0.0,8450
280120-22,fix_A_labels,102,0.948592988523817,1,0.0,6321
280120-22,fix_A_labels,103,0.6345693097547063,1,0.0,8729
280120-22,fix_A_labels,104,0.0,0,0.0536480686695279,10743
280120-22,fix_A_labels,105,0.943864229765013,1,0.0,6051
280120-22,fix_A_labels,106,0.0,0,0.0,9320
280120-22,fix_A_labels,107,0.0,0,0.0,4483
280120-22,fix_A_labels,108,0.8284956045778736,1,0.0,11992
280120-22,fix_A_labels,109,0.9465414652287095,1,0.0,10566
280120-22,fix_A_labels,110,0.9601274165202109,1,0.0,9021
280120-22,fix_A_labels,111,0.9221675658521105,1,0.0,12435
280120-22,fix_A_labels,112,0.0,0,0.0,10249
280120-22,fix_A_labels,113,0.0,0,0.0,11744
280120-22,fix_A_labels,114,0.0,0,0.0,11565
280120-22,fix_A_labels,115,0.0,0,0.0,9689
280120-22,fix_A_labels,116,0.9688810061270557,1,0.0,12045
280120-22,fix_A_labels,117,0.8605291711877139,1,0.015873015873015872,11858
280120-22,fix_A_labels,118,0.9325093366530322,1,0.0,11186
280120-22,fix_A_labels,119,0.8505905813775119,1,0.0,12889
280120-22,fix_A_labels,120,0.9598692810457516,1,0.0,7602
280120-22,fix_A_labels,121,0.55390963919162,1,0.0,9377
280120-22,fix_A_labels,122,0.9793895121314897,1,0.0,11395
280120-22,fix_A_labels,123,0.9040118595385899,1,0.0,9850
280120-22,fix_A_labels,124,0.9691898386543083,1,0.037422037422037424,11511
280120-22,fix_A_labels,125,0.9068430132259919,1,0.006756756756756757,8485
280120-22,fix_A_labels,126,0.0005349636988918609,0,0.005025125628140704,7625
280120-22,fix_A_labels,127,0.9605978260869565,1,0.0,7298
280120-22,fix_A_labels,128,0.0,0,0.0,4460
280120-22,fix_A_labels,129,0.9157805907172996,1,0.0,10945
280120-22,fix_A_labels,130,0.947829131652661,1,0.0,5659
280120-22,fix_A_labels,131,0.7843946540880503,1,0.0,10077
280120-22,fix_A_labels,132,0.9086513329848406,1,0.0,7610
280120-22,fix_A_labels,133,0.9663057775978954,1,0.0,9629
280120-22,fix_A_labels,134,0.0,0,0.051440329218107,11308
280120-22,fix_A_labels,135,0.9327612989126415,1,0.0,13244
280120-22,fix_A_labels,136,0.9801243189317781,1,0.0,12905
280120-22,fix_A_labels,137,0.9519912044954801,1,0.0,8101
280120-22,fix_A_labels,138,0.0,0,0.004608294930875576,8878
280120-22,fix_A_labels,139,0.96415770609319,1,0.0,11287
280120-22,fix_A_labels,140,0.6974866027624727,1,0.0,11987
280120-22,fix_A_labels,141,0.8799395922476718,1,0.0,10541
280120-22,fix_A_labels,142,0.9766457945506853,1,0.0,11767
280120-22,fix_A_labels,143,0.9550010089459877,1,0.0,14311
280120-22,fix_A_labels,144,0.0,0,0.051440329218107,9123
280120-22,fix_A_labels,145,0.0,0,0.04259259259259259,13021
280120-22,fix_A_labels,146,0.9568304458960523,1,0.0,10503
280120-22,fix_A_labels,147,0.9323417002375788,1,0.0,9478
280120-22,fix_A_labels,148,0.9157921679037625,1,0.0,11585
280120-22,fix_A_labels,149,0.0,0,0.042222222222222223,8075
280120-22,fix_A_labels,150,0.9098526947164153,1,0.0,11226
280120-22,fix_A_labels,151,0.3948209066811663,0,0.0,5942
280120-22,fix_A_labels,152,0.43004899292324444,0,0.03177966101694915,9898
280120-22,fix_A_labels,153,0.9137185034359888,1,0.0,7553
280120-22,fix_A_labels,154,0.910197086546701,1,0.0,5707
280120-22,fix_A_labels,155,0.8062378797672916,1,0.02385685884691849,12286
280120-22,fix_A_labels,156,0.9522204838127332,1,0.0,8119
280120-22,fix_A_labels,157,0.5180358992060753,1,0.0,11447
280120-22,fix_A_labels,158,0.9779327761409417,1,0.0,16500
280120-22,fix_A_labels,159,0.9396810874395504,1,0.0,14481
280120-22,fix_A_labels,160,0.0,0,0.0,5436
280120-22,fix_A_labels,161,0.47699428260277704,0,0.0,7120
280120-22,fix_A_labels,162,0.8612776667406914,1,0.0928030303030303,13393
280120-22,fix_A_labels,163,0.698879785988965,1,0.0,8469
280120-22,fix_A_labels,164,0.0017019319227230911,0,0.0035842293906810036,14292
280120-22,fix_A_labels,165,0.8124636476942252,1,0.0,9879
280120-22,fix_A_labels,166,0.0,0,0.04112554112554113,10137
280120-22,fix_A_labels,167,0.0,0,0.07126436781609195,8610
280120-22,fix_A_labels,168,0.9000604320894395,1,0.027573529411764705,13123
280120-22,fix_A_labels,169,0.0022685382106904864,0,0.004464285714285714,8699
280120-22,fix_A_labels,170,0.7432408552747836,1,0.0,8493
280120-22,fix_A_labels,171,0.7106622114216282,1,0.024439918533604887,9427
280120-22,fix_A_labels,172,0.6840640809443508,1,0.0,8176
280120-22,fix_B_labels_local_seeds,1,0.982179048151513,1,0.0,14152
280120-22,fix_B_labels_local_seeds,2,0.9745788358720872,1,0.0,9806
280120-22,fix_B_labels_local_seeds,3,0.9701030927835051,1,0.0,7698
280120-22,fix_B_labels_local_seeds,4,0.9305313389006149,1,0.0,10780
280120-22,fix_B_labels_local_seeds,5,0.9674997198251709,1,0.0,8868
280120-22,fix_B_labels_local_seeds,6,0.976228506999906,1,0.0,10523
280120-22,fix_B_labels_local_seeds,7,0.9798412204234122,1,0.0,12674
280120-22,fix_B_labels_local_seeds,8,0.9781697381950486,1,0.0,12600
280120-22,fix_B_labels_local_seeds,9,0.9808645855157483,1,0.0,14140
280120-22,fix_B_labels_local_seeds,10,0.9688232536333802,1,0.0,8442
280120-22,fix_B_labels_local_seeds,11,0.9710665981852422,1,0.0,11480
280120-22,fix_B_labels_local_seeds,12,0.9816331216040407,1,0.0,12916
280120-22,fix_B_labels_local_seeds,13,0.9749195051686155,1,0.0,11590
280120-22,fix_B_labels_local_seeds,14,0.0,0,0.0,16919
280120-22,fix_B_labels_local_seeds,15,0.978480422622747,1,0.0,12725
280120-22,fix_B_labels_local_seeds,16,0.9762898330804249,1,0.0,10405
280120-22,fix_B_labels_local_seeds,17,0.9792702570207997,1,0.0,14077
280120-22,fix_B_labels_local_seeds,18,0.9771461219825739,1,0.0,13867
280120-22,fix_B_labels_local_seeds,19,0.9801395157981124,1,0.0,12052
280120-22,fix_B_labels_local_seeds,20,0.9798237772953646,1,0.0,15492
280120-22,fix_B_labels_local_seeds,21,0.9820035460992907,1,0.0,11176
280120-22,fix_B_labels_local_seeds,22,0.979064149592914,1,0.0,11007
280120-22,fix_B_labels_local_seeds,23,0.9811769957592441,1,0.0,13292
280120-22,fix_B_labels_local_seeds,24,0.9720063581773225,1,0.0,11242
280120-22,fix_B_labels_local_seeds,25,0.0,0,0.023715415019762844,12112
280120-22,fix_B_labels_local_seeds,26,0.977005577005577,1,0.0,11525
280120-22,fix_B_labels_local_seeds,27,0.9773220747889023,1,0.0,12321
280120-22,fix_B_labels_local_seeds,28,0.9810261209903854,1,0.0,11621
280120-22,fix_B_labels_local_seeds,29,0.9803831698597488,1,0.0,10834
280120-22,fix_B_labels_local_seeds,30,0.9769149124358748,1,0.0,11122
280120-22,fix_B_labels_local_seeds,31,0.9740132385388576,1,0.0,8089
280120-22,fix_B_labels_local_seeds,32,0.9796624472573839,1,0.0,11753
280120-22,fix_B_labels_local_seeds,33,0.9825759359547916,1,0.0,12592
280120-22,fix_B_labels_local_seeds,34,0.9746602367382727,1,0.0,11263
280120-22,fix_B_labels_local_seeds,35,0.9811762737388103,1,0.0,11813
280120-22,fix_B_labels_local_seeds,36,0.976519553950055,1,0.0,12561
280120-22,fix_B_labels_local_seeds,37,0.9683402244536327,1,0.0,8375
280120-22,fix_B_labels_local_seeds,38,0.9748412885022337,1,0.0,12504
280120-22,fix_B_labels_local_seeds,39,0.9793155009137731,1,0.0,11901
280120-22,fix_B_labels_local_seeds,40,0.980066662309653,1,0.0,15078
280120-22,fix_B_labels_local_seeds,41,0.9826573161485974,1,0.0,10474
280120-22,fix_B_labels_local_seeds,42,0.9771765291725455,1,0.0,11916
280120-22,fix_B_labels_local_seeds,43,0.9750170855797706,1,0.0,13007
280120-22,fix_B_labels_local_seeds,44,0.9791840906978906,1,0.0,10627
280120-22,fix_B_labels_local_seeds,45,0.9792098306780024,1,0.0,13843
280120-22,fix_B_labels_local_seeds,46,0.8858928265707927,1,0.0,11588
280120-22,fix_B_labels_local_seeds,47,0.9788931037836787,1,0.0,10180
280120-22,fix_B_labels_local_seeds,48,0.9754408641861324,1,0.0,10717
280120-22,fix_B_labels_local_seeds,49,0.0,0,0.0,4782
280120-22,fix_B_labels_local_seeds,50,0.974903474903475,1,0.0,13213
280120-22,fix_B_labels_local_seeds,51,0.9768150112977699,1,0.0,10058
280120-22,fix_B_labels_local_seeds,52,0.9827868852459016,1,0.0,13296
280120-22,fix_B_labels_local_seeds,53,0.9767337000631257,1,0.0,10990
280120-22,fix_B_labels_local_seeds,54,0.9812316273460466,1,0.0,13109
280120-22,fix_B_labels_local_seeds,55,0.9743680271148143,1,0.0,14044
280120-22,fix_B_labels_local_seeds,56,0.9739495798319328,1,0.0,12821
280120-22,fix_B_labels_local_seeds,57,0.971744249230212,1,0.0,10783
280120-22,fix_B_labels_local_seeds,58,0.9802118728762742,1,0.0,9921
280120-22,fix_B_labels_local_seeds,59,0.0,0,0.024844720496894408,11616
280120-22,fix_B_labels_local_seeds,60,0.9743241832794072,1,0.0,9495
280120-22,fix_B_labels_local_seeds,61,0.0,0,0.0,21476
280120-22,fix_B_labels_local_seeds,62,0.9778224186420249,1,0.0,12261
280120-22,fix_B_labels_local_seeds,63,0.9730991706739146,1,0.0,14147
280120-22,fix_B_labels_local_seeds,64,0.9752613601076493,1,0.0,9517
280120-22,fix_B_labels_local_seeds,65,0.9738577212261422,1,0.0,8580
280120-22,fix_B_labels_local_seeds,66,0.96971216527931,1,0.0,9922
280120-22,fix_B_labels_local_seeds,67,0.9676854996398065,1,0.0,9564
280120-22,fix_B_labels_local_seeds,68,0.974216511849987,1,0.0,11392
280120-22,fix_B_labels_local_seeds,69,0.9749183078689393,1,0.0,11237
280120-22,fix_B_labels_local_seeds,70,0.9775995575221239,1,0.0,10747
280120-22,fix_B_labels_local_seeds,71,0.9552176917760885,1,0.0,7160
280120-22,fix_B_labels_local_seeds,72,0.9786426617244727,1,0.0,11227
280120-22,fix_B_labels_local_seeds,73,0.9720248166948675,1,0.0,8770
280120-22,fix_B_labels_local_seeds,74,0.9710114702815432,1,0.0,9505
280120-22,fix_B_labels_local_seeds,75,0.9778085991678225,1,0.0,11399
280120-22,fix_B_labels_local_seeds,76,0.9789648491558262,1,0.0,10689
280120-22,fix_B_labels_local_seeds,77,0.9801747855640072,1,0.0,12235
280120-22,fix_B_labels_local_seeds,78,0.9644558446317333,1,0.0,8131
280120-22,fix_B_labels_local_seeds,79,0.9827635531397511,1,0.0,13858
280120-22,fix_B_labels_local_seeds,80,0.9227272727272727,1,0.0,11316
280120-22,fix_B_labels_local_seeds,81,0.9376111440426793,1,0.0,13458
280120-22,fix_B_labels_local_seeds,82,0.9738426966292135,1,0.017057569296375266,10974
280120-22,fix_B_labels_local_seeds,83,0.9586898395721926,1,0.0,7394
280120-22,fix_B_labels_local_seeds,84,0.9713189928297482,1,0.0,11810
280120-22,fix_B_labels_local_seeds,85,0.9772385995416106,1,0.0,12450
280120-22,fix_B_labels_local_seeds,86,0.9700440528634361,1,0.0,7897
280120-22,fix_B_labels_local_seeds,87,0.9658181818181818,1,0.0,6793
280120-22,fix_B_labels_local_seeds,88,0.9686924493554327,1,0.0,10166
280120-22,fix_B_labels_local_seeds,89,0.9748184909475232,1,0.0,10721
280120-22,fix_B_labels_local_seeds,90,0.96002289857838,1,0.0,10312
280120-22,fix_B_labels_local_seeds,91,0.9523809523809523,1,0.0,6257
280120-22,fix_B_labels_local_seeds,92,0.9733682082986566,1,0.0,8332
280120-22,fix_B_labels_local_seeds,93,0.0,0,0.0,8791
280120-22,fix_B_labels_local_seeds,94,0.0,0,0.0,16850
280120-22,fix_B_labels_local_seeds,95,0.9709736680955297,1,0.0,8113
280120-22,fix_B_labels_local_seeds,96,0.9768653421633554,1,0.0,11178
280120-22,fix_B_labels_local_seeds,97,0.9770393610952652,1,0.0,13768
280120-22,fix_B_labels_local_seeds,98,0.9749247743229689,1,0.0,10826
280120-22,fix_B_labels_local_seeds,99,0.9802228849474179,1,0.0,12613
280120-22,fix_B_labels_local_seeds,100,0.9725187372246196,1,0.005703422053231939,13021
280120-22,fix_B_labels_local_seeds,101,0.9624060150375939,1,0.0,8450
280120-22,fix_B_labels_local_seeds,102,0.948592988523817,1,0.0,6321
280120-22,fix_B_labels_local_seeds,103,0.9730436760691538,1,0.0,8729
280120-22,fix_B_labels_local_seeds,104,0.0,0,0.0536480686695279,10743
280120-22,fix_B_labels_local_seeds,105,0.9433746736292428,1,0.0,6051
280120-22,fix_B_labels_local_seeds,106,0.0,0,0.0,9320
280120-22,fix_B_labels_local_seeds,107,0.0,0,0.0,4483
280120-22,fix_B_labels_local_seeds,108,0.9141058560424087,1,0.0,11992
280120-22,fix_B_labels_local_seeds,109,0.9470599181243022,1,0.0,10566
280120-22,fix_B_labels_local_seeds,110,0.9601274165202109,1,0.0,9021
280120-22,fix_B_labels_local_seeds,111,0.7966411970709965,1,0.0,12435
280120-22,fix_B_labels_local_seeds,112,0.0,0,0.0,10249
280120-22,fix_B_labels_local_seeds,113,0.0,0,0.0,11744
280120-22,fix_B_labels_local_seeds,114,0.0,0,0.0,11565
280120-22,fix_B_labels_local_seeds,115,0.9748190437353451,1,0.0,9689
280120-22,fix_B_labels_local_seeds,116,0.9684779103514995,1,0.0,12045
280120-22,fix_B_labels_local_seeds,117,0.8603622402136717,1,0.015873015873015872,11858
280120-22,fix_B_labels_local_seeds,118,0.9325093366530322,1,0.0,11186
280120-22,fix_B_labels_local_seeds,119,0.8518177634606535,1,0.0,12889
280120-22,fix_B_labels_local_seeds,120,0.7432485322896282,1,0.0,7602
280120-22,fix_B_labels_local_seeds,121,0.0,0,0.0,9377
280120-22,fix_B_labels_local_seeds,122,0.7064867218110579,1,0.0,11395
280120-22,fix_B_labels_local_seeds,123,0.9030914476119956,1,0.0,9850
280120-22,fix_B_labels_local_seeds,124,0.9691898386543083,1,0.037422037422037424,11511
280120-22,fix_B_labels_local_seeds,125,0.0,0,0.006756756756756757,8485
280120-22,fix_B_labels_local_seeds,126,0.0005350454788657035,0,0.005025125628140704,7625
280120-22,fix_B_labels_local_seeds,127,0.9622436506858617,1,0.0,7298
280120-22,fix_B_labels_local_seeds,128,0.0,0,0.0,4460
280120-22,fix_B_labels_local_seeds,129,0.0,0,0.0,10945
280120-22,fix_B_labels_local_seeds,130,0.9481611208406304,1,0.0,5659
280120-22,fix_B_labels_local_seeds,131,0.8084897317480594,1,0.0,10077
280120-22,fix_B_labels_local_seeds,132,0.9359895493141738,1,0.0,7610
280120-22,fix_B_labels_local_seeds,133,0.9666970341127644,1,0.0,9629
280120-22,fix_B_labels_local_seeds,134,0.0,0,0.051440329218107,11308
280120-22,fix_B_labels_local_seeds,135,0.9329092388490273,1,0.0,13244
280120-22,fix_B_labels_local_seeds,136,0.9797421731123389,1,0.0,12905
280120-22,fix_B_labels_local_seeds,137,0.952351863164325,1,0.0,8101
280120-22,fix_B_labels_local_seeds,138,0.0,0,0.004608294930875576,8878
280120-22,fix_B_labels_local_seeds,139,0.8034995625546807,1,0.0,11287
280120-22,fix_B_labels_local_seeds,140,0.0,0,0.0,11987
280120-22,fix_B_labels_local_seeds,141,0.8796443848024826,1,0.0,10541
280120-22,fix_B_labels_local_seeds,142,0.9759066700481867,1,0.0,11767
280120-22,fix_B_labels_local_seeds,143,0.0,0,0.0,14311
280120-22,fix_B_labels_local_seeds,144,0.0,0,0.051440329218107,9123
280120-22,fix_B_labels_local_seeds,145,0.0,0,0.04259259259259259,13021
280120-22,fix_B_labels_local_seeds,146,0.9569128787878788,1,0.0,10503
280120-22,fix_B_labels_local_seeds,147,0.9378578120120745,1,0.0,9478
280120-22,fix_B_labels_local_seeds,148,0.0,0,0.0,11585
280120-22,fix_B_labels_local_seeds,149,0.0,0,0.042222222222222223,8075
280120-22,fix_B_labels_local_seeds,150,0.9097406034939122,1,0.0,11226
280120-22,fix_B_labels_local_seeds,151,0.3948209066811663,0,0.0,5942
280120-22,fix_B_labels_local_seeds,152,0.0,0,0.03177966101694915,9898
280120-22,fix_B_labels_local_seeds,153,0.0,0,0.0,7553
280120-22,fix_B_labels_local_seeds,154,0.0,0,0.0,5707
280120-22,fix_B_labels_local_seeds,155,0.0,0,0.02385685884691849,12286
280120-22,fix_B_labels_local_seeds,156,0.9522204838127332,1,0.0,8119
280120-22,fix_B_labels_local_seeds,157,0.9714040360669816,1,0.0,11447
280120-22,fix_B_labels_local_seeds,158,0.9779968738727907,1,0.0,16500
280120-22,fix_B_labels_local_seeds,159,0.973472996871174,1,0.0,14481
280120-22,fix_B_labels_local_seeds,160,0.0,0,0.0,5436
280120-22,fix_B_labels_local_seeds,161,0.47699428260277704,0,0.0,7120
280120-22,fix_B_labels_local_seeds,162,0.927619893428064,1,0.0928030303030303,13393
280120-22,fix_B_labels_local_seeds,163,0.0,0,0.0,8469
280120-22,fix_B_labels_local_seeds,164,0.0,0,0.0035842293906810036,14292
280120-22,fix_B_labels_local_seeds,165,0.7709827409567341,1,0.0,9879
280120-22,fix_B_labels_local_seeds,166,0.0,0,0.04112554112554113,10137
280120-22,fix_B_labels_local_seeds,167,0.8146709323583181,1,0.07126436781609195,8610
280120-22,fix_B_labels_local_seeds,168,0.0,0,0.027573529411764705,13123
280120-22,fix_B_labels_local_seeds,169,0.0,0,0.004464285714285714,8699
280120-22,fix_B_labels_local_seeds,170,0.0,0,0.0,8493
280120-22,fix_B_labels_local_seeds,171,0.0,0,0.024439918533604887,9427
280120-22,fix_B_labels_local_seeds,172,0.0,0,0.0,8176
280120-22,cellpose_sam,1,0.9658090493414317,1,0.0,14152
280120-22,cellpose_sam,2,0.9560300282733742,1,0.0,9806
280120-22,cellpose_sam,3,0.9746787123043644,1,0.0,7698
280120-22,cellpose_sam,4,0.963274059512108,1,0.0,10780
280120-22,cellpose_sam,5,0.9750695603784084,1,0.0,8868
280120-22,cellpose_sam,6,0.9607413494019903,1,0.0,10523
280120-22,cellpose_sam,7,0.9608794541319181,1,0.0,12674
280120-22,cellpose_sam,8,0.9694938756644327,1,0.0,12600
280120-22,cellpose_sam,9,0.9483568075117371,1,0.0,14140
280120-22,cellpose_sam,10,0.9631873785297816,1,0.0,8442
280120-22,cellpose_sam,11,0.9626333025442942,1,0.0,11480
280120-22,cellpose_sam,12,0.9615126926226457,1,0.0,12916
280120-22,cellpose_sam,13,0.9580095883617127,1,0.0,11590
280120-22,cellpose_sam,14,0.9631674826369122,1,0.0,16919
280120-22,cellpose_sam,15,0.960015088645794,1,0.0,12725
280120-22,cellpose_sam,16,0.9567816091954023,1,0.0,10405
280120-22,cellpose_sam,17,0.957814519970062,1,0.0,14077
280120-22,cellpose_sam,18,0.9479116822749334,1,0.0,13867
280120-22,cellpose_sam,19,0.9589433481858689,1,0.0,12052
280120-22,cellpose_sam,20,0.9649024375038963,1,0.0,15492
280120-22,cellpose_sam,21,0.9652789773708758,1,0.0,11176
280120-22,cellpose_sam,22,0.9617300131061599,1,0.0,11007
280120-22,cellpose_sam,23,0.9658479872111612,1,0.0,13292
280120-22,cellpose_sam,24,0.9634554345028739,1,0.0,11242
280120-22,cellpose_sam,25,0.9653824678950307,1,0.023715415019762844,12112
280120-22,cellpose_sam,26,0.963548198311178,1,0.0,11525
280120-22,cellpose_sam,27,0.961376404494382,1,0.0,12321
280120-22,cellpose_sam,28,0.9621626097035934,1,0.0,11621
280120-22,cellpose_sam,29,0.9689652088364189,1,0.0,10834
280120-22,cellpose_sam,30,0.9478438725072439,1,0.0,11122
280120-22,cellpose_sam,31,0.9598860669356752,1,0.0,8089
280120-22,cellpose_sam,32,0.9594285714285714,1,0.0,11753
280120-22,cellpose_sam,33,0.9615149664019548,1,0.0,12592
280120-22,cellpose_sam,34,0.9547342544714758,1,0.0,11263
280120-22,cellpose_sam,35,0.9559763696690136,1,0.0,11813
280120-22,cellpose_sam,36,0.9640801289431269,1,0.0,12561
280120-22,cellpose_sam,37,0.9716345036038131,1,0.0,8375
280120-22,cellpose_sam,38,0.9505131128848346,1,0.0,12504
280120-22,cellpose_sam,39,0.9641033951867758,1,0.0,11901
280120-22,cellpose_sam,40,0.9655481557377049,1,0.0,15078
280120-22,cellpose_sam,41,0.9637467795362532,1,0.0,10474
280120-22,cellpose_sam,42,0.9682978377499594,1,0.0,11916
280120-22,cellpose_sam,43,0.95829956531349,1,0.0,13007
280120-22,cellpose_sam,44,0.9520695215911127,1,0.0,10627
280120-22,cellpose_sam,45,0.9652743881179834,1,0.0,13843
280120-22,cellpose_sam,46,0.9653448850383206,1,0.0,11588
280120-22,cellpose_sam,47,0.9648374561652924,1,0.0,10180
280120-22,cellpose_sam,48,0.9657565107686762,1,0.0,10717
280120-22,cellpose_sam,49,0.0,0,0.0,4782
280120-22,cellpose_sam,50,0.9554559259527081,1,0.0,13213
280120-22,cellpose_sam,51,0.9554478958867674,1,0.0,10058
280120-22,cellpose_sam,52,0.9566155838549536,1,0.0,13296
280120-22,cellpose_sam,53,0.9696166754990284,1,0.0,10990
280120-22,cellpose_sam,54,0.9600849567892192,1,0.0,13109
280120-22,cellpose_sam,55,0.9650907091808686,1,0.0,14044
280120-22,cellpose_sam,56,0.9403696640751064,1,0.0,12821
280120-22,cellpose_sam,57,0.945048203330412,1,0.0,10783
280120-22,cellpose_sam,58,0.9697947214076247,1,0.0,9921
280120-22,cellpose_sam,59,0.9700843987632657,1,0.024844720496894408,11616
280120-22,cellpose_sam,60,0.9653096622793592,1,0.0,9495
280120-22,cellpose_sam,61,0.9682002706359946,1,0.0,21476
280120-22,cellpose_sam,62,0.9565454829146512,1,0.0,12261
280120-22,cellpose_sam,63,0.9524675149801387,1,0.0,14147
280120-22,cellpose_sam,64,0.9498003992015968,1,0.0,9517
280120-22,cellpose_sam,65,0.9671964829218803,1,0.0,8580
280120-22,cellpose_sam,66,0.9741447109712937,1,0.0,9922
280120-22,cellpose_sam,67,0.9516417910447761,1,0.0,9564
280120-22,cellpose_sam,68,0.9645972728042687,1,0.0,11392
280120-22,cellpose_sam,69,0.9656121045392022,1,0.0,11237
280120-22,cellpose_sam,70,0.9661931307318827,1,0.0,10747
280120-22,cellpose_sam,71,0.9514627659574468,1,0.0,7160
280120-22,cellpose_sam,72,0.9629470795093918,1,0.0,11227
280120-22,cellpose_sam,73,0.9354666666666667,1,0.0,8770
280120-22,cellpose_sam,74,0.9693157410248543,1,0.0,9505
280120-22,cellpose_sam,75,0.9663445235673109,1,0.0,11399
280120-22,cellpose_sam,76,0.9575382961569471,1,0.0,10689
280120-22,cellpose_sam,77,0.9635260753111706,1,0.0,12235
280120-22,cellpose_sam,78,0.9425060855453807,1,0.0,8131
280120-22,cellpose_sam,79,0.9629629629629629,1,0.0,13858
280120-22,cellpose_sam,80,0.9645293315143247,1,0.0,11316
280120-22,cellpose_sam,81,0.9772710716106943,1,0.0,13458
280120-22,cellpose_sam,82,0.9662673947507486,1,0.017057569296375266,10974
280120-22,cellpose_sam,83,0.9621865463712352,1,0.0,7394
280120-22,cellpose_sam,84,0.9585227272727272,1,0.0,11810
280120-22,cellpose_sam,85,0.9538037232820041,1,0.0,12450
280120-22,cellpose_sam,86,0.9591886311186688,1,0.0,7897
280120-22,cellpose_sam,87,0.9667338709677419,1,0.0,6793
280120-22,cellpose_sam,88,0.9512491812482455,1,0.0,10166
280120-22,cellpose_sam,89,0.9483414418398939,1,0.0,10721
280120-22,cellpose_sam,90,0.9469237832874197,1,0.0,10312
280120-22,cellpose_sam,91,0.9354281225451689,1,0.0,6257
280120-22,cellpose_sam,92,0.9452070334656835,1,0.0,8332
280120-22,cellpose_sam,93,0.9368073316283035,1,0.0,8791
280120-22,cellpose_sam,94,0.9435018758049163,1,0.0,16850
280120-22,cellpose_sam,95,0.9347851134923378,1,0.0,8113
280120-22,cellpose_sam,96,0.955221329687233,1,0.0,11178
280120-22,cellpose_sam,97,0.9434013978347267,1,0.0,13768
280120-22,cellpose_sam,98,0.9572060123784262,1,0.0,10826
280120-22,cellpose_sam,99,0.9551684967815222,1,0.0,12613
280120-22,cellpose_sam,100,0.9564321460111863,1,0.005703422053231939,13021
280120-22,cellpose_sam,101,0.948905109489051,1,0.0,8450
280120-22,cellpose_sam,102,0.9280757097791799,1,0.0,6321
280120-22,cellpose_sam,103,0.9579490557751428,1,0.0,8729
280120-22,cellpose_sam,104,0.9520529564361749,1,0.0536480686695279,10743
280120-22,cellpose_sam,105,0.9455313820629206,1,0.0,6051
280120-22,cellpose_sam,106,0.9012668020500919,1,0.0,9320
280120-22,cellpose_sam,107,0.0,0,0.0,4483
280120-22,cellpose_sam,108,0.970921756034343,1,0.0,11992
280120-22,cellpose_sam,109,0.8409072821329089,1,0.0,10566
280120-22,cellpose_sam,110,0.9568956364794564,1,0.0,9021
280120-22,cellpose_sam,111,0.9564648873163603,1,0.0,12435
280120-22,cellpose_sam,112,0.9608524220803605,1,0.0,10249
280120-22,cellpose_sam,113,0.9617445791079232,1,0.0,11744
280120-22,cellpose_sam,114,0.9081272084805654,1,0.0,11565
280120-22,cellpose_sam,115,0.9536417322834646,1,0.0,9689
280120-22,cellpose_sam,116,0.941015625,1,0.0,12045
280120-22,cellpose_sam,117,0.9704990576087847,1,0.015873015873015872,11858
280120-22,cellpose_sam,118,0.9789612676056338,1,0.0,11186
280120-22,cellpose_sam,119,0.9563603978031765,1,0.0,12889
280120-22,cellpose_sam,120,0.963162034609334,1,0.0,7602
280120-22,cellpose_sam,121,0.9540136331264625,1,0.0,9377
280120-22,cellpose_sam,122,0.9473727968074492,1,0.0,11395
280120-22,cellpose_sam,123,0.9133658536585366,1,0.0,9850
280120-22,cellpose_sam,124,0.9591700691609033,1,0.037422037422037424,11511
280120-22,cellpose_sam,125,0.9499552171965965,1,0.006756756756756757,8485
280120-22,cellpose_sam,126,0.964649033570702,1,0.005025125628140704,7625
280120-22,cellpose_sam,127,0.9399793920659454,1,0.0,7298
280120-22,cellpose_sam,128,0.0,0,0.0,4460
280120-22,cellpose_sam,129,0.9026059706415965,1,0.0,10945
280120-22,cellpose_sam,130,0.9440042260961437,1,0.0,5659
280120-22,cellpose_sam,131,0.9488700564971752,1,0.0,10077
280120-22,cellpose_sam,132,0.9347745977152684,1,0.0,7610
280120-22,cellpose_sam,133,0.9402402109169027,1,0.0,9629
280120-22,cellpose_sam,134,0.9503623799089836,1,0.051440329218107,11308
280120-22,cellpose_sam,135,0.9459324333976145,1,0.0,13244
280120-22,cellpose_sam,136,0.9531019202363368,1,0.0,12905
280120-22,cellpose_sam,137,0.9444509277628661,1,0.0,8101
280120-22,cellpose_sam,138,0.9363789829077864,1,0.004608294930875576,8878
280120-22,cellpose_sam,139,0.9560318536089462,1,0.0,11287
280120-22,cellpose_sam,140,0.9004657451923077,1,0.0,11987
280120-22,cellpose_sam,141,0.9581285272164574,1,0.0,10541
280120-22,cellpose_sam,142,0.9630872483221476,1,0.0,11767
280120-22,cellpose_sam,143,0.9395968747948263,1,0.0,14311
280120-22,cellpose_sam,144,0.933476614471395,1,0.051440329218107,9123
280120-22,cellpose_sam,145,0.9518689196108551,1,0.04259259259259259,13021
280120-22,cellpose_sam,146,0.9614539461637063,1,0.0,10503
280120-22,cellpose_sam,147,0.9066653036188919,1,0.0,9478
280120-22,cellpose_sam,148,0.9586666666666667,1,0.0,11585
280120-22,cellpose_sam,149,0.9516378796902918,1,0.042222222222222223,8075
280120-22,cellpose_sam,150,0.8594288339330832,1,0.0,11226
280120-22,cellpose_sam,151,0.9197247706422018,1,0.0,5942
280120-22,cellpose_sam,152,0.9654330631774241,1,0.03177966101694915,9898
280120-22,cellpose_sam,153,0.8843226788432268,1,0.0,7553
280120-22,cellpose_sam,154,0.858066712049013,1,0.0,5707
280120-22,cellpose_sam,155,0.9547738693467337,1,0.02385685884691849,12286
280120-22,cellpose_sam,156,0.9324681290915355,1,0.0,8119
280120-22,cellpose_sam,157,0.9497633480029893,1,0.0,11447
280120-22,cellpose_sam,158,0.5791957937503734,1,0.0,16500
280120-22,cellpose_sam,159,0.935283859717109,1,0.0,14481
280120-22,cellpose_sam,160,0.0,0,0.0,5436
280120-22,cellpose_sam,161,0.6842257041238105,1,0.0,7120
280120-22,cellpose_sam,162,0.9702775551832156,1,0.0928030303030303,13393
280120-22,cellpose_sam,163,0.6574289706567303,1,0.0,8469
280120-22,cellpose_sam,164,0.9574827632824118,1,0.0035842293906810036,14292
280120-22,cellpose_sam,165,0.7155584528465885,1,0.0,9879
280120-22,cellpose_sam,166,0.9397422823769352,1,0.04112554112554113,10137
280120-22,cellpose_sam,167,0.9562304600267977,1,0.07126436781609195,8610
280120-22,cellpose_sam,168,0.9601786106434376,1,0.027573529411764705,13123
280120-22,cellpose_sam,169,0.8863288816393108,1,0.004464285714285714,8699
280120-22,cellpose_sam,170,0.7219387755102041,1,0.0,8493
280120-22,cellpose_sam,171,0.9276785714285715,1,0.024439918533604887,9427
280120-22,cellpose_sam,172,0.7031397849462365,1,0.0,8176
280120-24,original,1,0.9804148491053147,1,0.0,11084
280120-24,original,2,0.894669070306464,1,0.0,11535
280120-24,original,3,0.962809231280093,1,0.0,5979
280120-24,original,4,0.8448609431680774,1,0.0,8225
280120-24,original,5,0.9719617742517129,1,0.0,11024
280120-24,original,6,0.9735930735930736,1,0.0,11343
280120-24,original,7,0.976292951386439,1,0.0,13868
280120-24,original,8,0.8149935892601252,1,0.0,13095
280120-24,original,9,0.9751216275984078,1,0.0,8868
280120-24,original,10,0.9758640988983265,1,0.0,11724
280120-24,original,11,0.9665787159190853,1,0.0,10028
280120-24,original,12,0.9549463321255213,1,0.0,14487
280120-24,original,13,0.9784090909090909,1,0.0,10432
280120-24,original,14,0.9747741793346552,1,0.0,8966
280120-24,original,15,0.9713049747656813,1,0.0,6828
280120-24,original,16,0.0,0,0.0,19005
280120-24,original,17,0.9758808933002482,1,0.0,9929
280120-24,original,18,0.9719926538108357,1,0.0,6458
280120-24,original,19,0.7868292232382008,1,0.0,10710
280120-24,original,20,0.971642030848329,1,0.0,12298
280120-24,original,21,0.0,0,0.0,13287
280120-24,original,22,0.0,0,0.010416666666666666,11477
280120-24,original,23,0.9652192242833052,1,0.0,9327
280120-24,original,24,0.9731075697211156,1,0.0,7955
280120-24,original,25,0.9635663507109005,1,0.0,9913
280120-24,original,26,0.9769820971867008,1,0.0,11920
280120-24,original,27,0.9710813547878925,1,0.0,8774
280120-24,original,28,0.9780963759458383,1,0.0,9862
280120-24,original,29,0.9866981968666864,1,0.0,16723
280120-24,original,30,0.968413640478825,1,0.0,9796
280120-24,original,31,0.0,0,0.0,12960
280120-24,original,32,0.9714285714285714,1,0.0,12057
280120-24,original,33,0.9742276987157237,1,0.0,11359
280120-24,original,34,0.976193188290238,1,0.0,8672
280120-24,original,35,0.9788793519143602,1,0.0,10247
280120-24,original,36,0.9650735294117647,1,0.0,6432
280120-24,original,37,0.9777428825015362,1,0.0,14526
280120-24,original,38,0.9595554183389935,1,0.0,6364
280120-24,original,39,0.9795045045045045,1,0.0,8754
280120-24,original,40,0.9731460950973146,1,0.0,11878
280120-24,original,41,0.9691822547122483,1,0.0,13629
280120-24,original,42,0.9689922480620154,1,0.0,9640
280120-24,original,43,0.0,0,0.0,10732
280120-24,original,44,0.9718765979205727,1,0.0,11642
280120-24,original,45,0.9765707265707265,1,0.0,11267
280120-24,original,46,0.9644094488188977,1,0.0,9384
280120-24,original,47,0.9756813909774437,1,0.0,8376
280120-24,original,48,0.0020989182498250903,0,0.11233480176211454,9655
280120-24,original,49,0.5956853416454762,1,0.0,12001
280120-24,original,50,0.9691378363536518,1,0.11238532110091744,8964
280120-24,original,51,0.9722497522299306,1,0.0,11900
280120-24,original,52,0.9791880254254665,1,0.0,9663
280120-24,original,53,0.8419228102611509,1,0.0,8597
280120-24,original,54,0.6632902549772965,1,0.0,8453
280120-24,original,55,0.9723218462498051,1,0.0,12496
280120-24,original,56,0.9661526398327235,1,0.0,7543
280120-24,original,57,0.9749086479902558,1,0.0,12173
280120-24,original,58,0.9668120614450977,1,0.0,5204
280120-24,original,59,0.8299180327868853,1,0.0,9760
280120-24,original,60,0.9758909853249476,1,0.0,11231
280120-24,original,61,0.0,0,0.0,5343
280120-24,original,62,0.9590809628008753,1,0.0,8918
280120-24,original,63,0.9541091079372512,1,0.0,8468
280120-24,original,64,0.9672965938666969,1,0.0,8733
280120-24,original,65,0.9586577475600395,1,0.0,8779
280120-24,original,66,0.0,0,0.0,5102
280120-24,original,67,0.9690176322418136,1,0.0,7810
280120-24,original,68,0.9692307692307692,1,0.0,8903
280120-24,original,69,0.9803831276478173,1,0.0,10723
280120-24,original,70,0.0,0,0.0,4075
280120-24,original,71,0.9793456032719836,1,0.0,9614
280120-24,original,72,0.9575743601567904,1,0.0,8522
280120-24,original,73,0.9594468975133628,1,0.0,8460
280120-24,original,74,0.0,0,0.0,4182
280120-24,original,75,0.0,0,0.0,4793
280120-24,original,76,0.7695371367061357,1,0.0,9206
280120-24,original,77,0.9763810115764121,1,0.0,12658
280120-24,original,78,0.9747023809523809,1,0.0,13947
280120-24,original,79,0.9707613814756672,1,0.0,10032
280120-24,original,80,0.9649102218049525,1,0.0,8395
280120-24,original,81,0.9606727677467227,1,0.0,8004
280120-24,original,82,0.0,0,0.0,6893
280120-24,original,83,0.0,0,0.0,17144
280120-24,original,84,0.0,0,0.0,14870
280120-24,original,85,0.9364161849710982,1,0.0,7712
280120-24,original,86,0.9808948004836759,1,0.0,16345
280120-24,original,87,0.9697731414566706,1,0.0,15484
280120-24,original,88,0.0,0,0.0,12354
280120-24,original,89,0.9744421507913104,1,0.0,9972
280120-24,original,90,0.9680365296803652,1,0.0,7508
280120-24,original,91,0.739870921477232,1,0.0,16431
280120-24,original,92,0.0,0,0.0,10575
280120-24,original,93,0.0,0,0.0,8134
280120-24,original,94,0.9580198358413132,1,0.0,11432
280120-24,original,95,0.0,0,0.0,6197
280120-24,original,96,0.9796142243349484,1,0.0,10806
280120-24,original,97,0.9645216540249572,1,0.0,12054
280120-24,original,98,0.0,0,0.0,4295
280120-24,original,99,0.9665828911849577,1,0.0,10504
280120-24,original,100,0.0,0,0.0,17114
280120-24,original,101,0.9838091180230081,1,0.0,13929
280120-24,original,102,0.0,0,0.0,6504
280120-24,original,103,0.9838577850429097,1,0.0,9698
280120-24,original,104,0.9789541328620772,1,0.0,12274
280120-24,original,105,0.9507782359984036,1,0.0,7481
280120-24,original,106,0.9555582032646253,1,0.0,8298
280120-24,original,107,0.9684099007993836,1,0.0,10202
280120-24,original,108,0.0,0,0.0,13203
280120-24,original,109,0.9094260136914165,1,0.0,7538
280120-24,original,110,0.9798018882525925,1,0.0,12790
280120-24,original,111,0.9688641647293258,1,0.0,11850
280120-24,original,112,0.9554980595084088,1,0.0,7602
280120-24,original,113,0.8967016792667425,1,0.022813688212927757,13450
280120-24,original,114,0.0,0,0.0,11548
280120-24,original,115,0.9029126213592233,1,0.0,6968
280120-24,original,116,0.0,0,0.010330578512396695,8823
280120-24,original,117,0.9246272428607532,1,0.0,14781
280120-24,original,118,0.05922906602254428,0,0.03278688524590164,6149
280120-24,original,119,0.9223504721930745,1,0.0,11350
280120-24,original,120,0.8665726375176305,1,0.0,7064
280120-24,original,121,0.0,0,0.0,17266
280120-24,original,122,0.0,0,0.07370517928286853,12449
280120-24,original,123,0.9239317218467178,1,0.0,8643
280120-24,original,124,0.0,0,0.0,4499
280120-24,original,125,0.0,0,0.0,9254
280120-24,original,126,0.0,0,0.0,4210
280120-24,original,127,0.0,0,0.0963855421686747,6576
280120-24,original,128,0.0,0,0.0,17987
280120-24,original,129,0.0,0,0.13023255813953488,9009
280120-24,original,130,0.0,0,0.07822410147991543,9849
280120-24,original,131,0.0,0,0.08264462809917356,11375
280120-24,original,132,0.0,0,0.11965811965811966,9067
280120-24,fix_A_labels,1,0.9804148491053147,1,0.0,11084
280120-24,fix_A_labels,2,0.894669070306464,1,0.0,11535
280120-24,fix_A_labels,3,0.962809231280093,1,0.0,5979
280120-24,fix_A_labels,4,0.8448609431680774,1,0.0,8225
280120-24,fix_A_labels,5,0.9719617742517129,1,0.0,11024
280120-24,fix_A_labels,6,0.9735930735930736,1,0.0,11343
280120-24,fix_A_labels,7,0.976292951386439,1,0.0,13868
280120-24,fix_A_labels,8,0.8149935892601252,1,0.0,13095
280120-24,fix_A_labels,9,0.9751216275984078,1,0.0,8868
280120-24,fix_A_labels,10,0.9758640988983265,1,0.0,11724
280120-24,fix_A_labels,11,0.9665787159190853,1,0.0,10028
280120-24,fix_A_labels,12,0.9549463321255213,1,0.0,14487
280120-24,fix_A_labels,13,0.9784090909090909,1,0.0,10432
280120-24,fix_A_labels,14,0.9747741793346552,1,0.0,8966
280120-24,fix_A_labels,15,0.9713049747656813,1,0.0,6828
280120-24,fix_A_labels,16,0.0,0,0.0,19005
280120-24,fix_A_labels,17,0.9758808933002482,1,0.0,9929
280120-24,fix_A_labels,18,0.9719926538108357,1,0.0,6458
280120-24,fix_A_labels,19,0.0,0,0.0,10710
280120-24,fix_A_labels,20,0.971642030848329,1,0.0,12298
280120-24,fix_A_labels,21,0.4211708339571792,0,0.0,13287
280120-24,fix_A_labels,22,0.9780342837453699,1,0.010416666666666666,11477
280120-24,fix_A_labels,23,0.9076322178824027,1,0.0,9327
280120-24,fix_A_labels,24,0.9731075697211156,1,0.0,7955
280120-24,fix_A_labels,25,0.9635663507109005,1,0.0,9913
280120-24,fix_A_labels,26,0.9769820971867008,1,0.0,11920
280120-24,fix_A_labels,27,0.9710813547878925,1,0.0,8774
280120-24,fix_A_labels,28,0.9780963759458383,1,0.0,9862
280120-24,fix_A_labels,29,0.9866981968666864,1,0.0,16723
280120-24,fix_A_labels,30,0.0,0,0.0,9796
280120-24,fix_A_labels,31,0.9437120426603466,1,0.0,12960
280120-24,fix_A_labels,32,0.9714285714285714,1,0.0,12057
280120-24,fix_A_labels,33,0.9742276987157237,1,0.0,11359
280120-24,fix_A_labels,34,0.976193188290238,1,0.0,8672
280120-24,fix_A_labels,35,0.9788793519143602,1,0.0,10247
280120-24,fix_A_labels,36,0.9650735294117647,1,0.0,6432
280120-24,fix_A_labels,37,0.9777428825015362,1,0.0,14526
280120-24,fix_A_labels,38,0.9595554183389935,1,0.0,6364
280120-24,fix_A_labels,39,0.9795045045045045,1,0.0,8754
280120-24,fix_A_labels,40,0.9731460950973146,1,0.0,11878
280120-24,fix_A_labels,41,0.9691822547122483,1,0.0,13629
280120-24,fix_A_labels,42,0.9689922480620154,1,0.0,9640
280120-24,fix_A_labels,43,0.9605770997978312,1,0.0,10732
280120-24,fix_A_labels,44,0.9718765979205727,1,0.0,11642
280120-24,fix_A_labels,45,0.9765707265707265,1,0.0,11267
280120-24,fix_A_labels,46,0.9644094488188977,1,0.0,9384
280120-24,fix_A_labels,47,0.0,0,0.0,8376
280120-24,fix_A_labels,48,0.0020989182498250903,0,0.11233480176211454,9655
280120-24,fix_A_labels,49,0.5956853416454762,1,0.0,12001
280120-24,fix_A_labels,50,0.9691378363536518,1,0.11238532110091744,8964
280120-24,fix_A_labels,51,0.0,0,0.0,11900
280120-24,fix_A_labels,52,0.9791880254254665,1,0.0,9663
280120-24,fix_A_labels,53,0.8419228102611509,1,0.0,8597
280120-24,fix_A_labels,54,0.6632902549772965,1,0.0,8453
280120-24,fix_A_labels,55,0.9723218462498051,1,0.0,12496
280120-24,fix_A_labels,56,0.6734293193717278,1,0.0,7543
280120-24,fix_A_labels,57,0.9749086479902558,1,0.0,12173
280120-24,fix_A_labels,58,0.9668120614450977,1,0.0,5204
280120-24,fix_A_labels,59,0.8299180327868853,1,0.0,9760
280120-24,fix_A_labels,60,0.6302143046123997,1,0.0,11231
280120-24,fix_A_labels,61,0.0,0,0.0,5343
280120-24,fix_A_labels,62,0.9590809628008753,1,0.0,8918
280120-24,fix_A_labels,63,0.9541091079372512,1,0.0,8468
280120-24,fix_A_labels,64,0.9672965938666969,1,0.0,8733
280120-24,fix_A_labels,65,0.9586577475600395,1,0.0,8779
280120-24,fix_A_labels,66,0.0,0,0.0,5102
280120-24,fix_A_labels,67,0.7103728125792543,1,0.0,7810
280120-24,fix_A_labels,68,0.9692307692307692,1,0.0,8903
280120-24,fix_A_labels,69,0.9803831276478173,1,0.0,10723
280120-24,fix_A_labels,70,0.0,0,0.0,4075
280120-24,fix_A_labels,71,0.9793456032719836,1,0.0,9614
280120-24,fix_A_labels,72,0.9575743601567904,1,0.0,8522
280120-24,fix_A_labels,73,0.9594468975133628,1,0.0,8460
280120-24,fix_A_labels,74,0.0,0,0.0,4182
280120-24,fix_A_labels,75,0.0,0,0.0,4793
280120-24,fix_A_labels,76,0.5391829255147138,1,0.0,9206
280120-24,fix_A_labels,77,0.9763810115764121,1,0.0,12658
280120-24,fix_A_labels,78,0.9747023809523809,1,0.0,13947
280120-24,fix_A_labels,79,0.9707613814756672,1,0.0,10032
280120-24,fix_A_labels,80,0.9649102218049525,1,0.0,8395
280120-24,fix_A_labels,81,0.9606727677467227,1,0.0,8004
280120-24,fix_A_labels,82,0.9442932836889589,1,0.0,6893
280120-24,fix_A_labels,83,0.0,0,0.0,17144
280120-24,fix_A_labels,84,0.0,0,0.0,14870
280120-24,fix_A_labels,85,0.9364161849710982,1,0.0,7712
280120-24,fix_A_labels,86,0.4894340539227593,0,0.0,16345
280120-24,fix_A_labels,87,0.0,0,0.0,15484
280120-24,fix_A_labels,88,0.9071485305798253,1,0.0,12354
280120-24,fix_A_labels,89,0.9744421507913104,1,0.0,9972
280120-24,fix_A_labels,90,0.9680365296803652,1,0.0,7508
280120-24,fix_A_labels,91,0.739870921477232,1,0.0,16431
280120-24,fix_A_labels,92,0.0,0,0.0,10575
280120-24,fix_A_labels,93,0.0,0,0.0,8134
280120-24,fix_A_labels,94,0.9580198358413132,1,0.0,11432
280120-24,fix_A_labels,95,0.0,0,0.0,6197
280120-24,fix_A_labels,96,0.9796142243349484,1,0.0,10806
280120-24,fix_A_labels,97,0.9645216540249572,1,0.0,12054
280120-24,fix_A_labels,98,0.0,0,0.0,4295
280120-24,fix_A_labels,99,0.0,0,0.0,10504
280120-24,fix_A_labels,100,0.0,0,0.0,17114
280120-24,fix_A_labels,101,0.9838091180230081,1,0.0,13929
280120-24,fix_A_labels,102,0.925673630033303,1,0.0,6504
280120-24,fix_A_labels,103,0.9838577850429097,1,0.0,9698
280120-24,fix_A_labels,104,0.9789541328620772,1,0.0,12274
280120-24,fix_A_labels,105,0.9507782359984036,1,0.0,7481
280120-24,fix_A_labels,106,0.9555582032646253,1,0.0,8298
280120-24,fix_A_labels,107,0.9684099007993836,1,0.0,10202
280120-24,fix_A_labels,108,0.0,0,0.0,13203
280120-24,fix_A_labels,109,0.9094260136914165,1,0.0,7538
280120-24,fix_A_labels,110,0.8961350786151344,1,0.0,12790
280120-24,fix_A_labels,111,0.9688641647293258,1,0.0,11850
280120-24,fix_A_labels,112,0.9554980595084088,1,0.0,7602
280120-24,fix_A_labels,113,0.8967016792667425,1,0.022813688212927757,13450
280120-24,fix_A_labels,114,0.8205902079141516,1,0.0,11548
280120-24,fix_A_labels,115,0.9029126213592233,1,0.0,6968
280120-24,fix_A_labels,116,0.9399136881708532,1,0.010330578512396695,8823
280120-24,fix_A_labels,117,0.9246272428607532,1,0.0,14781
280120-24,fix_A_labels,118,0.05922906602254428,0,0.03278688524590164,6149
280120-24,fix_A_labels,119,0.7274396642182581,1,0.0,11350
280120-24,fix_A_labels,120,0.8665726375176305,1,0.0,7064
280120-24,fix_A_labels,121,0.4578126791241545,0,0.0,17266
280120-24,fix_A_labels,122,0.957126213592233,1,0.07370517928286853,12449
280120-24,fix_A_labels,123,0.9239317218467178,1,0.0,8643
280120-24,fix_A_labels,124,0.0,0,0.0,4499
280120-24,fix_A_labels,125,0.8128461675897802,1,0.0,9254
280120-24,fix_A_labels,126,0.0,0,0.0,4210
280120-24,fix_A_labels,127,0.5082667957093314,1,0.0963855421686747,6576
280120-24,fix_A_labels,128,0.7421870768564155,1,0.0,17987
280120-24,fix_A_labels,129,0.5608953258722844,1,0.13023255813953488,9009
280120-24,fix_A_labels,130,0.9385542168674699,1,0.07822410147991543,9849
280120-24,fix_A_labels,131,0.31094499609505744,0,0.08264462809917356,11375
280120-24,fix_A_labels,132,0.9195663956639566,1,0.11965811965811966,9067
280120-24,fix_B_labels_local_seeds,1,0.9802368022789993,1,0.0,11084
280120-24,fix_B_labels_local_seeds,2,0.9173319598248777,1,0.0,11535
280120-24,fix_B_labels_local_seeds,3,0.962809231280093,1,0.0,5979
280120-24,fix_B_labels_local_seeds,4,0.8747279322853688,1,0.0,8225
280120-24,fix_B_labels_local_seeds,5,0.9718563954537254,1,0.0,11024
280120-24,fix_B_labels_local_seeds,6,0.9735930735930736,1,0.0,11343
280120-24,fix_B_labels_local_seeds,7,0.9760812813095322,1,0.0,13868
280120-24,fix_B_labels_local_seeds,8,0.9694593167936053,1,0.0,13095
280120-24,fix_B_labels_local_seeds,9,0.9746905393457118,1,0.0,8868
280120-24,fix_B_labels_local_seeds,10,0.9758640988983265,1,0.0,11724
280120-24,fix_B_labels_local_seeds,11,0.9661066614573158,1,0.0,10028
280120-24,fix_B_labels_local_seeds,12,0.9740004073043242,1,0.0,14487
280120-24,fix_B_labels_local_seeds,13,0.9784090909090909,1,0.0,10432
280120-24,fix_B_labels_local_seeds,14,0.9745510631265837,1,0.0,8966
280120-24,fix_B_labels_local_seeds,15,0.9714491708723865,1,0.0,6828
280120-24,fix_B_labels_local_seeds,16,0.0,0,0.0,19005
280120-24,fix_B_labels_local_seeds,17,0.9761810242159588,1,0.0,9929
280120-24,fix_B_labels_local_seeds,18,0.9722987450260178,1,0.0,6458
280120-24,fix_B_labels_local_seeds,19,0.9754385964912281,1,0.0,10710
280120-24,fix_B_labels_local_seeds,20,0.971642030848329,1,0.0,12298
280120-24,fix_B_labels_local_seeds,21,0.0,0,0.0,13287
280120-24,fix_B_labels_local_seeds,22,0.0,0,0.010416666666666666,11477
280120-24,fix_B_labels_local_seeds,23,0.9653246205733558,1,0.0,9327
280120-24,fix_B_labels_local_seeds,24,0.9731075697211156,1,0.0,7955
280120-24,fix_B_labels_local_seeds,25,0.9640287769784173,1,0.0,9913
280120-24,fix_B_labels_local_seeds,26,0.9756600660066007,1,0.0,11920
280120-24,fix_B_labels_local_seeds,27,0.9710813547878925,1,0.0,8774
280120-24,fix_B_labels_local_seeds,28,0.9788907696903316,1,0.0,9862
280120-24,fix_B_labels_local_seeds,29,0.9860586011342155,1,0.0,16723
280120-24,fix_B_labels_local_seeds,30,0.9655826017557861,1,0.0,9796
280120-24,fix_B_labels_local_seeds,31,0.0,0,0.0,12960
280120-24,fix_B_labels_local_seeds,32,0.9720058422590068,1,0.0,12057
280120-24,fix_B_labels_local_seeds,33,0.9742276987157237,1,0.0,11359
280120-24,fix_B_labels_local_seeds,34,0.976193188290238,1,0.0,8672
280120-24,fix_B_labels_local_seeds,35,0.9788793519143602,1,0.0,10247
280120-24,fix_B_labels_local_seeds,36,0.9659822249463683,1,0.0,6432
280120-24,fix_B_labels_local_seeds,37,0.9776063357684167,1,0.0,14526
280120-24,fix_B_labels_local_seeds,38,0.9595554183389935,1,0.0,6364
280120-24,fix_B_labels_local_seeds,39,0.9796148214889064,1,0.0,8754
280120-24,fix_B_labels_local_seeds,40,0.9729818510306315,1,0.0,11878
280120-24,fix_B_labels_local_seeds,41,0.9691822547122483,1,0.0,13629
280120-24,fix_B_labels_local_seeds,42,0.9689922480620154,1,0.0,9640
280120-24,fix_B_labels_local_seeds,43,0.0,0,0.0,10732
280120-24,fix_B_labels_local_seeds,44,0.9718765979205727,1,0.0,11642
280120-24,fix_B_labels_local_seeds,45,0.9765707265707265,1,0.0,11267
280120-24,fix_B_labels_local_seeds,46,0.9644094488188977,1,0.0,9384
280120-24,fix_B_labels_local_seeds,47,0.9759106933019976,1,0.0,8376
280120-24,fix_B_labels_local_seeds,48,0.550751303281202,1,0.11233480176211454,9655
280120-24,fix_B_labels_local_seeds,49,0.9749877390877881,1,0.0,12001
280120-24,fix_B_labels_local_seeds,50,0.9697768985602814,1,0.11238532110091744,8964
280120-24,fix_B_labels_local_seeds,51,0.9716692822334186,1,0.0,11900
280120-24,fix_B_labels_local_seeds,52,0.9791880254254665,1,0.0,9663
280120-24,fix_B_labels_local_seeds,53,0.8414183414183414,1,0.0,8597
280120-24,fix_B_labels_local_seeds,54,0.9649122807017544,1,0.0,8453
280120-24,fix_B_labels_local_seeds,55,0.9723218462498051,1,0.0,12496
280120-24,fix_B_labels_local_seeds,56,0.9664140094093048,1,0.0,7543
280120-24,fix_B_labels_local_seeds,57,0.9748274462038165,1,0.0,12173
280120-24,fix_B_labels_local_seeds,58,0.9668120614450977,1,0.0,5204
280120-24,fix_B_labels_local_seeds,59,0.8299180327868853,1,0.0,9760
280120-24,fix_B_labels_local_seeds,60,0.974851554313657,1,0.0,11231
280120-24,fix_B_labels_local_seeds,61,0.0,0,0.0,5343
280120-24,fix_B_labels_local_seeds,62,0.9590585659551176,1,0.0,8918
280120-24,fix_B_labels_local_seeds,63,0.9541091079372512,1,0.0,8468
280120-24,fix_B_labels_local_seeds,64,0.9672965938666969,1,0.0,8733
280120-24,fix_B_labels_local_seeds,65,0.9584475386470782,1,0.0,8779
280120-24,fix_B_labels_local_seeds,66,0.0,0,0.0,5102
280120-24,fix_B_labels_local_seeds,67,0.9691435768261965,1,0.0,7810
280120-24,fix_B_labels_local_seeds,68,0.9692307692307692,1,0.0,8903
280120-24,fix_B_labels_local_seeds,69,0.9801989316632898,1,0.0,10723
280120-24,fix_B_labels_local_seeds,70,0.0,0,0.0,4075
280120-24,fix_B_labels_local_seeds,71,0.9789452166802943,1,0.0,9614
280120-24,fix_B_labels_local_seeds,72,0.9576994006454588,1,0.0,8522
280120-24,fix_B_labels_local_seeds,73,0.9593306995119684,1,0.0,8460
280120-24,fix_B_labels_local_seeds,74,0.0,0,0.0,4182
280120-24,fix_B_labels_local_seeds,75,0.0,0,0.0,4793
280120-24,fix_B_labels_local_seeds,76,0.9788126478812648,1,0.0,9206
280120-24,fix_B_labels_local_seeds,77,0.9763810115764121,1,0.0,12658
280120-24,fix_B_labels_local_seeds,78,0.9746987951807229,1,0.0,13947
280120-24,fix_B_labels_local_seeds,79,0.9707613814756672,1,0.0,10032
280120-24,fix_B_labels_local_seeds,80,0.9649102218049525,1,0.0,8395
280120-24,fix_B_labels_local_seeds,81,0.9622758194186766,1,0.0,8004
280120-24,fix_B_labels_local_seeds,82,0.9448818897637795,1,0.0,6893
280120-24,fix_B_labels_local_seeds,83,0.0,0,0.0,17144
280120-24,fix_B_labels_local_seeds,84,0.0,0,0.0,14870
280120-24,fix_B_labels_local_seeds,85,0.9364161849710982,1,0.0,7712
280120-24,fix_B_labels_local_seeds,86,0.37211145661849887,0,0.0,16345
280120-24,fix_B_labels_local_seeds,87,0.9694704441233746,1,0.0,15484
280120-24,fix_B_labels_local_seeds,88,0.9066497179629777,1,0.0,12354
280120-24,fix_B_labels_local_seeds,89,0.9744421507913104,1,0.0,9972
280120-24,fix_B_labels_local_seeds,90,0.9677756033920417,1,0.0,7508
280120-24,fix_B_labels_local_seeds,91,0.7370025098601649,1,0.0,16431
280120-24,fix_B_labels_local_seeds,92,0.9739617358842744,1,0.0,10575
280120-24,fix_B_labels_local_seeds,93,0.9630345494080695,1,0.0,8134
280120-24,fix_B_labels_local_seeds,94,0.9581908344733242,1,0.0,11432
280120-24,fix_B_labels_local_seeds,95,0.0,0,0.0,6197
280120-24,fix_B_labels_local_seeds,96,0.9798847947334736,1,0.0,10806
280120-24,fix_B_labels_local_seeds,97,0.9645216540249572,1,0.0,12054
280120-24,fix_B_labels_local_seeds,98,0.0,0,0.0,4295
280120-24,fix_B_labels_local_seeds,99,0.9655300566756481,1,0.0,10504
280120-24,fix_B_labels_local_seeds,100,0.0,0,0.0,17114
280120-24,fix_B_labels_local_seeds,101,0.9761295822676896,1,0.0,13929
280120-24,fix_B_labels_local_seeds,102,0.0,0,0.0,6504
280120-24,fix_B_labels_local_seeds,103,0.9838594340586373,1,0.0,9698
280120-24,fix_B_labels_local_seeds,104,0.7047795300933376,1,0.0,12274
280120-24,fix_B_labels_local_seeds,105,0.9505055880787653,1,0.0,7481
280120-24,fix_B_labels_local_seeds,106,0.9555582032646253,1,0.0,8298
280120-24,fix_B_labels_local_seeds,107,0.9679345209436687,1,0.0,10202
280120-24,fix_B_labels_local_seeds,108,0.4069584736251403,0,0.0,13203
280120-24,fix_B_labels_local_seeds,109,0.9073881373569199,1,0.0,7538
280120-24,fix_B_labels_local_seeds,110,0.9799644155643228,1,0.0,12790
280120-24,fix_B_labels_local_seeds,111,0.9688641647293258,1,0.0,11850
280120-24,fix_B_labels_local_seeds,112,0.9547218628719275,1,0.0,7602
280120-24,fix_B_labels_local_seeds,113,0.6122232439697248,1,0.022813688212927757,13450
280120-24,fix_B_labels_local_seeds,114,0.0,0,0.0,11548
280120-24,fix_B_labels_local_seeds,115,0.9030513176144244,1,0.0,6968
280120-24,fix_B_labels_local_seeds,116,0.0,0,0.010330578512396695,8823
280120-24,fix_B_labels_local_seeds,117,0.9246809048401364,1,0.0,14781
280120-24,fix_B_labels_local_seeds,118,0.032389203598800397,0,0.03278688524590164,6149
280120-24,fix_B_labels_local_seeds,119,0.9249912679008033,1,0.0,11350
280120-24,fix_B_labels_local_seeds,120,0.8991537376586742,1,0.0,7064
280120-24,fix_B_labels_local_seeds,121,0.6519201053053282,1,0.0,17266
280120-24,fix_B_labels_local_seeds,122,0.8410954541835841,1,0.07370517928286853,12449
280120-24,fix_B_labels_local_seeds,123,0.9239317218467178,1,0.0,8643
280120-24,fix_B_labels_local_seeds,124,0.0,0,0.0,4499
280120-24,fix_B_labels_local_seeds,125,0.0,0,0.0,9254
280120-24,fix_B_labels_local_seeds,126,0.0,0,0.0,4210
280120-24,fix_B_labels_local_seeds,127,0.0,0,0.0963855421686747,6576
280120-24,fix_B_labels_local_seeds,128,0.0,0,0.0,17987
280120-24,fix_B_labels_local_seeds,129,0.0,0,0.13023255813953488,9009
280120-24,fix_B_labels_local_seeds,130,0.6094692400482509,1,0.07822410147991543,9849
280120-24,fix_B_labels_local_seeds,131,0.0,0,0.08264462809917356,11375
280120-24,fix_B_labels_local_seeds,132,0.0,0,0.11965811965811966,9067
280120-24,cellpose_sam,1,0.9584918713248011,1,0.0,11084
280120-24,cellpose_sam,2,0.962544937714238,1,0.0,11535
280120-24,cellpose_sam,3,0.9597673291323315,1,0.0,5979
280120-24,cellpose_sam,4,0.9659976387249114,1,0.0,8225
280120-24,cellpose_sam,5,0.9579423010079945,1,0.0,11024
280120-24,cellpose_sam,6,0.9363546310054482,1,0.0,11343
280120-24,cellpose_sam,7,0.9581980239065847,1,0.0,13868
280120-24,cellpose_sam,8,0.9643621338449052,1,0.0,13095
280120-24,cellpose_sam,9,0.9443083803641785,1,0.0,8868
280120-24,cellpose_sam,10,0.9588615359450396,1,0.0,11724
280120-24,cellpose_sam,11,0.9498010986929343,1,0.0,10028
280120-24,cellpose_sam,12,0.9548510413920379,1,0.0,14487
280120-24,cellpose_sam,13,0.9534777442646925,1,0.0,10432
280120-24,cellpose_sam,14,0.9462796833773087,1,0.0,8966
280120-24,cellpose_sam,15,0.9368825466520307,1,0.0,6828
280120-24,cellpose_sam,16,0.9427083333333334,1,0.0,19005
280120-24,cellpose_sam,17,0.9467912653761801,1,0.0,9929
280120-24,cellpose_sam,18,0.9491326080564539,1,0.0,6458
280120-24,cellpose_sam,19,0.9675083717983528,1,0.0,10710
280120-24,cellpose_sam,20,0.9442567567567568,1,0.0,12298
280120-24,cellpose_sam,21,0.9509733753220727,1,0.0,13287
280120-24,cellpose_sam,22,0.966065837352966,1,0.010416666666666666,11477
280120-24,cellpose_sam,23,0.9539736115372813,1,0.0,9327
280120-24,cellpose_sam,24,0.9648271679805943,1,0.0,7955
280120-24,cellpose_sam,25,0.9364254675987153,1,0.0,9913
280120-24,cellpose_sam,26,0.9506340218518223,1,0.0,11920
280120-24,cellpose_sam,27,0.9596412556053812,1,0.0,8774
280120-24,cellpose_sam,28,0.9592452096099601,1,0.0,9862
280120-24,cellpose_sam,29,0.963695038321904,1,0.0,16723
280120-24,cellpose_sam,30,0.9378650071804692,1,0.0,9796
280120-24,cellpose_sam,31,0.9421343413783076,1,0.0,12960
280120-24,cellpose_sam,32,0.9478773584905661,1,0.0,12057
280120-24,cellpose_sam,33,0.9504643962848297,1,0.0,11359
280120-24,cellpose_sam,34,0.95992472046939,1,0.0,8672
280120-24,cellpose_sam,35,0.9648775894538606,1,0.0,10247
280120-24,cellpose_sam,36,0.9433519225124744,1,0.0,6432
280120-24,cellpose_sam,37,0.947862969004894,1,0.0,14526
280120-24,cellpose_sam,38,0.9385046453325468,1,0.0,6364
280120-24,cellpose_sam,39,0.9543224681129402,1,0.0,8754
280120-24,cellpose_sam,40,0.9435221224878863,1,0.0,11878
280120-24,cellpose_sam,41,0.9410992956773926,1,0.0,13629
280120-24,cellpose_sam,42,0.9429717304118165,1,0.0,9640
280120-24,cellpose_sam,43,0.9531305585200996,1,0.0,10732
280120-24,cellpose_sam,44,0.9599274406332454,1,0.0,11642
280120-24,cellpose_sam,45,0.9597069597069597,1,0.0,11267
280120-24,cellpose_sam,46,0.9412236710130392,1,0.0,9384
280120-24,cellpose_sam,47,0.9474041398031897,1,0.0,8376
280120-24,cellpose_sam,48,0.9467572089361284,1,0.11233480176211454,9655
280120-24,cellpose_sam,49,0.9456307619572926,1,0.0,12001
280120-24,cellpose_sam,50,0.9588600814227555,1,0.11238532110091744,8964
280120-24,cellpose_sam,51,0.9407114624505929,1,0.0,11900
280120-24,cellpose_sam,52,0.9568274086543223,1,0.0,9663
280120-24,cellpose_sam,53,0.9665798119406367,1,0.0,8597
280120-24,cellpose_sam,54,0.9660338517840805,1,0.0,8453
280120-24,cellpose_sam,55,0.9403265858981112,1,0.0,12496
280120-24,cellpose_sam,56,0.9578305601422583,1,0.0,7543
280120-24,cellpose_sam,57,0.9558696505692972,1,0.0,12173
280120-24,cellpose_sam,58,0.944121915820029,1,0.0,5204
280120-24,cellpose_sam,59,0.8535860655737705,1,0.0,9760
280120-24,cellpose_sam,60,0.9326523833250291,1,0.0,11231
280120-24,cellpose_sam,61,0.8261276436458919,1,0.0,5343
280120-24,cellpose_sam,62,0.9341939546599496,1,0.0,8918
280120-24,cellpose_sam,63,0.9485771902307865,1,0.0,8468
280120-24,cellpose_sam,64,0.9509964064031362,1,0.0,8733
280120-24,cellpose_sam,65,0.9386293167967497,1,0.0,8779
280120-24,cellpose_sam,66,0.0,0,0.0,5102
280120-24,cellpose_sam,67,0.9458641152961124,1,0.0,7810
280120-24,cellpose_sam,68,0.9494507838327824,1,0.0,8903
280120-24,cellpose_sam,69,0.9577527688460165,1,0.0,10723
280120-24,cellpose_sam,70,0.0,0,0.0,4075
280120-24,cellpose_sam,71,0.9450506242013172,1,0.0,9614
280120-24,cellpose_sam,72,0.9645727221279004,1,0.0,8522
280120-24,cellpose_sam,73,0.9571024335031126,1,0.0,8460
280120-24,cellpose_sam,74,0.0,0,0.0,4182
280120-24,cellpose_sam,75,0.8940713101160862,1,0.0,4793
280120-24,cellpose_sam,76,0.9654846831724717,1,0.0,9206
280120-24,cellpose_sam,77,0.952947376345705,1,0.0,12658
280120-24,cellpose_sam,78,0.9582932527140305,1,0.0,13947
280120-24,cellpose_sam,79,0.9509580724720167,1,0.0,10032
280120-24,cellpose_sam,80,0.9606272175804051,1,0.0,8395
280120-24,cellpose_sam,81,0.957042000717961,1,0.0,8004
280120-24,cellpose_sam,82,0.9583449428810253,1,0.0,6893
280120-24,cellpose_sam,83,0.9613637638086693,1,0.0,17144
280120-24,cellpose_sam,84,0.9535078130023793,1,0.0,14870
280120-24,cellpose_sam,85,0.9423053416452757,1,0.0,7712
280120-24,cellpose_sam,86,0.9583699794781589,1,0.0,16345
280120-24,cellpose_sam,87,0.9435134970446651,1,0.0,15484
280120-24,cellpose_sam,88,0.9286627076599263,1,0.0,12354
280120-24,cellpose_sam,89,0.9434247871333964,1,0.0,9972
280120-24,cellpose_sam,90,0.954227590591227,1,0.0,7508
280120-24,cellpose_sam,91,0.9421444954128441,1,0.0,16431
280120-24,cellpose_sam,92,0.9521837010355696,1,0.0,10575
280120-24,cellpose_sam,93,0.9395879408683506,1,0.0,8134
280120-24,cellpose_sam,94,0.9703407835472083,1,0.0,11432
280120-24,cellpose_sam,95,0.9674681753889675,1,0.0,6197
280120-24,cellpose_sam,96,0.9635179734189635,1,0.0,10806
280120-24,cellpose_sam,97,0.9576244235967563,1,0.0,12054
280120-24,cellpose_sam,98,0.9317129629629629,1,0.0,4295
280120-24,cellpose_sam,99,0.9277512806924572,1,0.0,10504
280120-24,cellpose_sam,100,0.9434399117971334,1,0.0,17114
280120-24,cellpose_sam,101,0.9665533273194088,1,0.0,13929
280120-24,cellpose_sam,102,0.9506877377816798,1,0.0,6504
280120-24,cellpose_sam,103,0.9514372608652997,1,0.0,9698
280120-24,cellpose_sam,104,0.9475797112637999,1,0.0,12274
280120-24,cellpose_sam,105,0.9470819091024181,1,0.0,7481
280120-24,cellpose_sam,106,0.9379450661241099,1,0.0,8298
280120-24,cellpose_sam,107,0.9375114868590333,1,0.0,10202
280120-24,cellpose_sam,108,0.9536227696308603,1,0.0,13203
280120-24,cellpose_sam,109,0.9649947753396029,1,0.0,7538
280120-24,cellpose_sam,110,0.9586987482197736,1,0.0,12790
280120-24,cellpose_sam,111,0.95073931211829,1,0.0,11850
280120-24,cellpose_sam,112,0.9560508752046342,1,0.0,7602
280120-24,cellpose_sam,113,0.9523978182333357,1,0.022813688212927757,13450
280120-24,cellpose_sam,114,0.9496928440976258,1,0.0,11548
280120-24,cellpose_sam,115,0.8963422515186765,1,0.0,6968
280120-24,cellpose_sam,116,0.953160825417622,1,0.010330578512396695,8823
280120-24,cellpose_sam,117,0.9479253511190919,1,0.0,14781
280120-24,cellpose_sam,118,0.9453593966446052,1,0.03278688524590164,6149
280120-24,cellpose_sam,119,0.698875825967562,1,0.0,11350
280120-24,cellpose_sam,120,0.9560439560439561,1,0.0,7064
280120-24,cellpose_sam,121,0.9513445007714348,1,0.0,17266
280120-24,cellpose_sam,122,0.958931604137718,1,0.07370517928286853,12449
280120-24,cellpose_sam,123,0.944663167104112,1,0.0,8643
280120-24,cellpose_sam,124,0.916241967649014,1,0.0,4499
280120-24,cellpose_sam,125,0.9358818770226537,1,0.0,9254
280120-24,cellpose_sam,126,0.8819477434679335,1,0.0,4210
280120-24,cellpose_sam,127,0.9222709896644485,1,0.0963855421686747,6576
280120-24,cellpose_sam,128,0.9564500691268744,1,0.0,17987
280120-24,cellpose_sam,129,0.882598906400772,1,0.13023255813953488,9009
280120-24,cellpose_sam,130,0.9606129063942638,1,0.07822410147991543,9849
280120-24,cellpose_sam,131,0.9418317884173825,1,0.08264462809917356,11375
280120-24,cellpose_sam,132,0.8787554691298006,1,0.11965811965811966,9067
280120-26,original,1,0.9743786830643095,1,0.0,11557
280120-26,original,2,0.9812959774612615,1,0.0,12648
280120-26,original,3,0.831822934820495,1,0.0,11476
280120-26,original,4,0.9749507227332457,1,0.0,12098
280120-26,original,5,0.9811470529867037,1,0.0,14972
280120-26,original,6,0.9682864450127877,1,0.0,7729
280120-26,original,7,0.9773391076644173,1,0.0,9859
280120-26,original,8,0.9686900313099687,1,0.0,9790
280120-26,original,9,0.7407350096711799,1,0.0,12874
280120-26,original,10,0.981029810298103,1,0.0,12449
280120-26,original,11,0.9278500326963598,1,0.0,13763
280120-26,original,12,0.9774579853074369,1,0.0,9824
280120-26,original,13,0.9725179499876206,1,0.0,11987
280120-26,original,14,0.9795934023782125,1,0.0,12845
280120-26,original,15,0.9780061004976722,1,0.0,12307
280120-26,original,16,0.9794622348331307,1,0.0,14662
280120-26,original,17,0.9751865852476496,1,0.0,10172
280120-26,original,18,0.9751913433623648,1,0.0,11152
280120-26,original,19,0.9743288261806781,1,0.0,10165
280120-26,original,20,0.9737329516753662,1,0.0,11631
280120-26,original,21,0.9695995019713634,1,0.0,9560
280120-26,original,22,0.9630078835657975,1,0.0,8191
280120-26,original,23,0.9741340327394411,1,0.0,10960
280120-26,original,24,0.9758096761295482,1,0.0,9887
280120-26,original,25,0.0,0,0.0,4528
280120-26,original,26,0.9631124721603563,1,0.0,7149
280120-26,original,27,0.9750969953983578,1,0.0,10970
280120-26,original,28,0.9798000978541972,1,0.0,14112
280120-26,original,29,0.9752609517547465,1,0.0,12070
280120-26,original,30,0.9802771855010661,1,0.0,11113
280120-26,original,31,0.9660152931180969,1,0.0,8179
280120-26,original,32,0.9722169900169524,1,0.0,10524
280120-26,original,33,0.9746059544658494,1,0.0,9027
280120-26,original,34,0.976068376068376,1,0.0,12082
280120-26,original,35,0.9737391304347827,1,0.0,11347
280120-26,original,36,0.9704830053667263,1,0.0,8844
280120-26,original,37,0.9805103843108594,1,0.0,16136
280120-26,original,38,0.966764737931786,1,0.0,9123
280120-26,original,39,0.0,0,0.09109311740890688,11920
280120-26,original,40,0.9777326146505257,1,0.0,11234
280120-26,original,41,0.9743946562760925,1,0.0,10725
280120-26,original,42,0.9795148247978437,1,0.0,11014
280120-26,original,43,0.9727698198837045,1,0.0,6998
280120-26,original,44,0.9673136880217238,1,0.0,9653
280120-26,original,45,0.9777139307345861,1,0.0,12711
280120-26,original,46,0.9486284889316651,1,0.0,8266
280120-26,original,47,0.5878628482368985,1,0.0,10241
280120-26,original,48,0.9627499315256094,1,0.0,10857
280120-26,original,49,0.9756227948251898,1,0.0,9239
280120-26,original,50,0.9761885673053796,1,0.0,12292
280120-26,original,51,0.9651725249919381,1,0.0,6129
280120-26,original,52,0.9775370682766581,1,0.0,11186
280120-26,original,53,0.974609375,1,0.0,9652
280120-26,original,54,0.975449158122472,1,0.0,10504
280120-26,original,55,0.9648933620896237,1,0.0,8295
280120-26,original,56,0.9797454740993009,1,0.0,16543
280120-26,original,57,0.9351729601267494,1,0.0,7531
280120-26,original,58,0.9685517491390249,1,0.0,10782
280120-26,original,59,0.0,0,0.0,4457
280120-26,original,60,0.9694729136163982,1,0.0,13542
280120-26,original,61,0.984693033261625,1,0.0,12006
280120-26,original,62,0.9742758959253804,1,0.0,10056
280120-26,original,63,0.9699769053117783,1,0.0,8605
280120-26,original,64,0.9759672745866712,1,0.0,11536
280120-26,original,65,0.9820537428023033,1,0.0,10291
280120-26,original,66,0.7589634664401019,1,0.07373271889400922,9117
280120-26,original,67,0.957649550026469,1,0.0,9344
280120-26,original,68,0.0,0,0.0,5411
280120-26,original,69,0.9682251908396946,1,0.0,10363
280120-26,original,70,0.9723360655737705,1,0.0,9648
280120-26,original,71,0.9734229189996267,1,0.0,13219
280120-26,original,72,0.4935412026726058,0,0.0,13340
280120-26,original,73,0.9737083180652254,1,0.0,10812
280120-26,original,74,0.9764952628914443,1,0.0,13757
280120-26,original,75,0.9372264976610835,1,0.0,6603
280120-26,original,76,0.9823447556096713,1,0.0,11385
280120-26,original,77,0.0,0,0.13937282229965156,16275
280120-26,original,78,0.97934845840605,1,0.0,10247
280120-26,original,79,0.9779364049318624,1,0.0,13756
280120-26,original,80,0.9554441659704818,1,0.0,7120
280120-26,original,81,0.9736312539032683,1,0.0,14204
280120-26,original,82,0.968915343915344,1,0.0,9020
280120-26,original,83,0.0,0,0.0,9229
280120-26,original,84,0.831897364945601,1,0.0,15771
280120-26,original,85,0.970747120578942,1,0.0,9739
280120-26,original,86,0.972949578013417,1,0.0,9069
280120-26,original,87,0.9434722542021644,1,0.0,8630
280120-26,original,88,0.9676589233551259,1,0.0,14202
280120-26,original,89,0.8391890800419999,1,0.0,12292
280120-26,original,90,0.8413555992141454,1,0.0,6084
280120-26,original,91,0.965970538877494,1,0.0,10667
280120-26,original,92,0.9597946963216424,1,0.0,9250
280120-26,original,93,0.0,0,0.07950530035335689,14588
280120-26,original,94,0.0,0,0.16421052631578947,10500
280120-26,original,95,0.0,0,0.0,6891
280120-26,original,96,0.9787257136654727,1,0.0,9089
280120-26,original,97,0.0,0,0.09166666666666666,10965
280120-26,original,98,0.0,0,0.1,8976
280120-26,original,99,0.4882392268887133,0,0.24572649572649571,8131
280120-26,original,100,0.9745868135773947,1,0.0,16663
280120-26,original,101,0.5254320083043292,1,0.13191489361702127,8645
280120-26,original,102,0.956860302133624,1,0.0,12729
280120-26,original,103,0.0,0,0.0,10614
280120-26,original,104,0.9750585480093676,1,0.0,16778
280120-26,original,105,0.8684963964853392,1,0.0,10103
280120-26,original,106,0.0,0,0.03587443946188341,7264
280120-26,original,107,0.7876283162245034,1,0.0,7468
280120-26,original,108,0.0,0,0.0,21265
280120-26,original,109,0.0,0,0.032520325203252036,11778
280120-26,original,110,0.15353932249806512,0,0.07600950118764846,7790
280120-26,original,111,0.0,0,0.1556122448979592,6583
280120-26,original,112,0.89604408257258,1,0.0,11662
280120-26,original,113,0.9744284622333402,1,0.0,14231
280120-26,original,114,0.4490067829457364,0,0.14084507042253522,7589
280120-26,original,115,0.9678933533608712,1,0.0,10523
280120-26,original,116,0.0,0,0.125531914893617,10938
280120-26,original,117,0.0,0,0.15301724137931033,9585
280120-26,original,118,0.9347290640394089,1,0.0,6412
280120-26,original,119,0.0,0,0.0,9740
280120-26,original,120,0.0,0,0.0,9510
280120-26,original,121,0.4965034965034965,0,0.27450980392156865,8255
280120-26,original,122,0.0,0,0.0,6116
280120-26,original,123,0.0,0,0.15106382978723404,11153
280120-26,original,124,0.0,0,0.0,6419
280120-26,fix_A_labels,1,0.9743786830643095,1,0.0,11557
280120-26,fix_A_labels,2,0.9812959774612615,1,0.0,12648
280120-26,fix_A_labels,3,0.831822934820495,1,0.0,11476
280120-26,fix_A_labels,4,0.9749507227332457,1,0.0,12098
280120-26,fix_A_labels,5,0.9811470529867037,1,0.0,14972
280120-26,fix_A_labels,6,0.9682864450127877,1,0.0,7729
280120-26,fix_A_labels,7,0.5155367231638418,1,0.0,9859
280120-26,fix_A_labels,8,0.9686900313099687,1,0.0,9790
280120-26,fix_A_labels,9,0.7407350096711799,1,0.0,12874
280120-26,fix_A_labels,10,0.981029810298103,1,0.0,12449
280120-26,fix_A_labels,11,0.9278500326963598,1,0.0,13763
280120-26,fix_A_labels,12,0.9774579853074369,1,0.0,9824
280120-26,fix_A_labels,13,0.6349363741530325,1,0.0,11987
280120-26,fix_A_labels,14,0.5405551272166538,1,0.0,12845
280120-26,fix_A_labels,15,0.46804223422261626,0,0.0,12307
280120-26,fix_A_labels,16,0.46595152420395136,0,0.0,14662
280120-26,fix_A_labels,17,0.9751865852476496,1,0.0,10172
280120-26,fix_A_labels,18,0.9751913433623648,1,0.0,11152
280120-26,fix_A_labels,19,0.5763160474463288,1,0.0,10165
280120-26,fix_A_labels,20,0.9737329516753662,1,0.0,11631
280120-26,fix_A_labels,21,0.9695995019713634,1,0.0,9560
280120-26,fix_A_labels,22,0.603835416919529,1,0.0,8191
280120-26,fix_A_labels,23,0.9741340327394411,1,0.0,10960
280120-26,fix_A_labels,24,0.6301754385964913,1,0.0,9887
280120-26,fix_A_labels,25,0.0,0,0.0,4528
280120-26,fix_A_labels,26,0.9631124721603563,1,0.0,7149
280120-26,fix_A_labels,27,0.613506916192026,1,0.0,10970
280120-26,fix_A_labels,28,0.9798000978541972,1,0.0,14112
280120-26,fix_A_labels,29,0.9752609517547465,1,0.0,12070
280120-26,fix_A_labels,30,0.9802771855010661,1,0.0,11113
280120-26,fix_A_labels,31,0.9660152931180969,1,0.0,8179
280120-26,fix_A_labels,32,0.531613269067196,1,0.0,10524
280120-26,fix_A_labels,33,0.9746059544658494,1,0.0,9027
280120-26,fix_A_labels,34,0.0,0,0.0,12082
280120-26,fix_A_labels,35,0.9737391304347827,1,0.0,11347
280120-26,fix_A_labels,36,0.9704830053667263,1,0.0,8844
280120-26,fix_A_labels,37,0.9805103843108594,1,0.0,16136
280120-26,fix_A_labels,38,0.966764737931786,1,0.0,9123
280120-26,fix_A_labels,39,0.0,0,0.09109311740890688,11920
280120-26,fix_A_labels,40,0.9777326146505257,1,0.0,11234
280120-26,fix_A_labels,41,0.9743946562760925,1,0.0,10725
280120-26,fix_A_labels,42,0.0,0,0.0,11014
280120-26,fix_A_labels,43,0.9727698198837045,1,0.0,6998
280120-26,fix_A_labels,44,0.5515521628498727,1,0.0,9653
280120-26,fix_A_labels,45,0.9777139307345861,1,0.0,12711
280120-26,fix_A_labels,46,0.6495180722891566,1,0.0,8266
280120-26,fix_A_labels,47,0.0,0,0.0,10241
280120-26,fix_A_labels,48,0.9627499315256094,1,0.0,10857
280120-26,fix_A_labels,49,0.9756227948251898,1,0.0,9239
280120-26,fix_A_labels,50,0.9761885673053796,1,0.0,12292
280120-26,fix_A_labels,51,0.9651725249919381,1,0.0,6129
280120-26,fix_A_labels,52,0.4831360683456439,0,0.0,11186
280120-26,fix_A_labels,53,0.974609375,1,0.0,9652
280120-26,fix_A_labels,54,0.975449158122472,1,0.0,10504
280120-26,fix_A_labels,55,0.9648933620896237,1,0.0,8295
280120-26,fix_A_labels,56,0.3832963606930871,0,0.0,16543
280120-26,fix_A_labels,57,0.9351729601267494,1,0.0,7531
280120-26,fix_A_labels,58,0.9685517491390249,1,0.0,10782
280120-26,fix_A_labels,59,0.0,0,0.0,4457
280120-26,fix_A_labels,60,0.9694729136163982,1,0.0,13542
280120-26,fix_A_labels,61,0.984693033261625,1,0.0,12006
280120-26,fix_A_labels,62,0.9742758959253804,1,0.0,10056
280120-26,fix_A_labels,63,0.0,0,0.0,8605
280120-26,fix_A_labels,64,0.9759672745866712,1,0.0,11536
280120-26,fix_A_labels,65,0.0,0,0.0,10291
280120-26,fix_A_labels,66,0.9699847194935604,1,0.07373271889400922,9117
280120-26,fix_A_labels,67,0.957649550026469,1,0.0,9344
280120-26,fix_A_labels,68,0.0,0,0.0,5411
280120-26,fix_A_labels,69,0.9682251908396946,1,0.0,10363
280120-26,fix_A_labels,70,0.9723360655737705,1,0.0,9648
280120-26,fix_A_labels,71,0.9734229189996267,1,0.0,13219
280120-26,fix_A_labels,72,0.4935412026726058,0,0.0,13340
280120-26,fix_A_labels,73,0.47570756891306354,0,0.0,10812
280120-26,fix_A_labels,74,0.4837751702158482,0,0.0,13757
280120-26,fix_A_labels,75,0.9372264976610835,1,0.0,6603
280120-26,fix_A_labels,76,0.5163010226378814,1,0.0,11385
280120-26,fix_A_labels,77,0.0,0,0.13937282229965156,16275
280120-26,fix_A_labels,78,0.0,0,0.0,10247
280120-26,fix_A_labels,79,0.0,0,0.0,13756
280120-26,fix_A_labels,80,0.9554441659704818,1,0.0,7120
280120-26,fix_A_labels,81,0.6819699499165276,1,0.0,14204
280120-26,fix_A_labels,82,0.968915343915344,1,0.0,9020
280120-26,fix_A_labels,83,0.0,0,0.0,9229
280120-26,fix_A_labels,84,0.7335387711464688,1,0.0,15771
280120-26,fix_A_labels,85,0.970747120578942,1,0.0,9739
280120-26,fix_A_labels,86,0.972949578013417,1,0.0,9069
280120-26,fix_A_labels,87,0.9434722542021644,1,0.0,8630
280120-26,fix_A_labels,88,0.9676589233551259,1,0.0,14202
280120-26,fix_A_labels,89,0.8391890800419999,1,0.0,12292
280120-26,fix_A_labels,90,0.8413555992141454,1,0.0,6084
280120-26,fix_A_labels,91,0.5736709333831636,1,0.0,10667
280120-26,fix_A_labels,92,0.0,0,0.0,9250
280120-26,fix_A_labels,93,0.0,0,0.07950530035335689,14588
280120-26,fix_A_labels,94,0.0,0,0.16421052631578947,10500
280120-26,fix_A_labels,95,0.0,0,0.0,6891
280120-26,fix_A_labels,96,0.5506439641999563,1,0.0,9089
280120-26,fix_A_labels,97,0.0,0,0.09166666666666666,10965
280120-26,fix_A_labels,98,0.0,0,0.1,8976
280120-26,fix_A_labels,99,0.4882392268887133,0,0.24572649572649571,8131
280120-26,fix_A_labels,100,0.6477650974797908,1,0.0,16663
280120-26,fix_A_labels,101,0.5254320083043292,1,0.13191489361702127,8645
280120-26,fix_A_labels,102,0.729043315674665,1,0.0,12729
280120-26,fix_A_labels,103,0.5354190154077415,1,0.0,10614
280120-26,fix_A_labels,104,0.5181137902363702,1,0.0,16778
280120-26,fix_A_labels,105,0.8684963964853392,1,0.0,10103
280120-26,fix_A_labels,106,0.0,0,0.03587443946188341,7264
280120-26,fix_A_labels,107,0.0,0,0.0,7468
280120-26,fix_A_labels,108,0.0,0,0.0,21265
280120-26,fix_A_labels,109,0.0,0,0.032520325203252036,11778
280120-26,fix_A_labels,110,0.0,0,0.07600950118764846,7790
280120-26,fix_A_labels,111,0.0,0,0.1556122448979592,6583
280120-26,fix_A_labels,112,0.0,0,0.0,11662
280120-26,fix_A_labels,113,0.9744284622333402,1,0.0,14231
280120-26,fix_A_labels,114,0.4490067829457364,0,0.14084507042253522,7589
280120-26,fix_A_labels,115,0.9678933533608712,1,0.0,10523
280120-26,fix_A_labels,116,0.0,0,0.125531914893617,10938
280120-26,fix_A_labels,117,0.0,0,0.15301724137931033,9585
280120-26,fix_A_labels,118,0.9347290640394089,1,0.0,6412
280120-26,fix_A_labels,119,0.0,0,0.0,9740
280120-26,fix_A_labels,120,0.0,0,0.0,9510
280120-26,fix_A_labels,121,0.4965034965034965,0,0.27450980392156865,8255
280120-26,fix_A_labels,122,0.0,0,0.0,6116
280120-26,fix_A_labels,123,0.0,0,0.15106382978723404,11153
280120-26,fix_A_labels,124,0.0,0,0.0,6419
280120-26,fix_B_labels_local_seeds,1,0.9744640874540952,1,0.0,11557
280120-26,fix_B_labels_local_seeds,2,0.982395743682028,1,0.0,12648
280120-26,fix_B_labels_local_seeds,3,0.831822934820495,1,0.0,11476
280120-26,fix_B_labels_local_seeds,4,0.9750328515111695,1,0.0,12098
280120-26,fix_B_labels_local_seeds,5,0.9810210289644227,1,0.0,14972
280120-26,fix_B_labels_local_seeds,6,0.9682864450127877,1,0.0,7729
280120-26,fix_B_labels_local_seeds,7,0.9770346494762289,1,0.0,9859
280120-26,fix_B_labels_local_seeds,8,0.968266801414856,1,0.0,9790
280120-26,fix_B_labels_local_seeds,9,0.7429013539651838,1,0.0,12874
280120-26,fix_B_labels_local_seeds,10,0.9811907228819639,1,0.0,12449
280120-26,fix_B_labels_local_seeds,11,0.9278500326963598,1,0.0,13763
280120-26,fix_B_labels_local_seeds,12,0.9773550724637681,1,0.0,9824
280120-26,fix_B_labels_local_seeds,13,0.7740336967294351,1,0.0,11987
280120-26,fix_B_labels_local_seeds,14,0.9800552316661553,1,0.0,12845
280120-26,fix_B_labels_local_seeds,15,0.9785628261742272,1,0.0,12307
280120-26,fix_B_labels_local_seeds,16,0.9796001080788976,1,0.0,14662
280120-26,fix_B_labels_local_seeds,17,0.9747744251479576,1,0.0,10172
280120-26,fix_B_labels_local_seeds,18,0.9754531057540031,1,0.0,11152
280120-26,fix_B_labels_local_seeds,19,0.9747207524985303,1,0.0,10165
280120-26,fix_B_labels_local_seeds,20,0.9738149364317589,1,0.0,11631
280120-26,fix_B_labels_local_seeds,21,0.9692132269099202,1,0.0,9560
280120-26,fix_B_labels_local_seeds,22,0.9632504548211037,1,0.0,8191
280120-26,fix_B_labels_local_seeds,23,0.9734129137276181,1,0.0,10960
280120-26,fix_B_labels_local_seeds,24,0.9763023697630236,1,0.0,9887
280120-26,fix_B_labels_local_seeds,25,0.0,0,0.0,4528
280120-26,fix_B_labels_local_seeds,26,0.9631124721603563,1,0.0,7149
280120-26,fix_B_labels_local_seeds,27,0.9751014884979702,1,0.0,10970
280120-26,fix_B_labels_local_seeds,28,0.9797273680531283,1,0.0,14112
280120-26,fix_B_labels_local_seeds,29,0.9751006656257704,1,0.0,12070
280120-26,fix_B_labels_local_seeds,30,0.9809591600676216,1,0.0,11113
280120-26,fix_B_labels_local_seeds,31,0.9660152931180969,1,0.0,8179
280120-26,fix_B_labels_local_seeds,32,0.9713639788997739,1,0.0,10524
280120-26,fix_B_labels_local_seeds,33,0.9746059544658494,1,0.0,9027
280120-26,fix_B_labels_local_seeds,34,0.5935998697174497,1,0.0,12082
280120-26,fix_B_labels_local_seeds,35,0.9737391304347827,1,0.0,11347
280120-26,fix_B_labels_local_seeds,36,0.9704764034891523,1,0.0,8844
280120-26,fix_B_labels_local_seeds,37,0.9809274267259764,1,0.0,16136
280120-26,fix_B_labels_local_seeds,38,0.9662162162162162,1,0.0,9123
280120-26,fix_B_labels_local_seeds,39,0.0,0,0.09109311740890688,11920
280120-26,fix_B_labels_local_seeds,40,0.9778229369146493,1,0.0,11234
280120-26,fix_B_labels_local_seeds,41,0.973645137342242,1,0.0,10725
280120-26,fix_B_labels_local_seeds,42,0.9794231287626921,1,0.0,11014
280120-26,fix_B_labels_local_seeds,43,0.972627996028932,1,0.0,6998
280120-26,fix_B_labels_local_seeds,44,0.9670384885941111,1,0.0,9653
280120-26,fix_B_labels_local_seeds,45,0.9777191211862433,1,0.0,12711
280120-26,fix_B_labels_local_seeds,46,0.9512752646775746,1,0.0,8266
280120-26,fix_B_labels_local_seeds,47,0.9652689950384279,1,0.0,10241
280120-26,fix_B_labels_local_seeds,48,0.9625741670470105,1,0.0,10857
280120-26,fix_B_labels_local_seeds,49,0.9753231492361927,1,0.0,9239
280120-26,fix_B_labels_local_seeds,50,0.9761885673053796,1,0.0,12292
280120-26,fix_B_labels_local_seeds,51,0.9653337633021606,1,0.0,6129
280120-26,fix_B_labels_local_seeds,52,0.9777185974256547,1,0.0,11186
280120-26,fix_B_labels_local_seeds,53,0.7521138379047226,1,0.0,9652
280120-26,fix_B_labels_local_seeds,54,0.975449158122472,1,0.0,10504
280120-26,fix_B_labels_local_seeds,55,0.9645466522936879,1,0.0,8295
280120-26,fix_B_labels_local_seeds,56,0.9807588885569166,1,0.0,16543
280120-26,fix_B_labels_local_seeds,57,0.9358669833729216,1,0.0,7531
280120-26,fix_B_labels_local_seeds,58,0.9687330070690593,1,0.0,10782
280120-26,fix_B_labels_local_seeds,59,0.0,0,0.0,4457
280120-26,fix_B_labels_local_seeds,60,0.8405956572769953,1,0.0,13542
280120-26,fix_B_labels_local_seeds,61,0.984283232690876,1,0.0,12006
280120-26,fix_B_labels_local_seeds,62,0.9743715632364494,1,0.0,10056
280120-26,fix_B_labels_local_seeds,63,0.9697529438928654,1,0.0,8605
280120-26,fix_B_labels_local_seeds,64,0.9763732514500171,1,0.0,11536
280120-26,fix_B_labels_local_seeds,65,0.9824477268367543,1,0.0,10291
280120-26,fix_B_labels_local_seeds,66,0.9693331878205828,1,0.07373271889400922,9117
280120-26,fix_B_labels_local_seeds,67,0.957649550026469,1,0.0,9344
280120-26,fix_B_labels_local_seeds,68,0.0,0,0.0,5411
280120-26,fix_B_labels_local_seeds,69,0.9682312535775616,1,0.0,10363
280120-26,fix_B_labels_local_seeds,70,0.9718295431264086,1,0.0,9648
280120-26,fix_B_labels_local_seeds,71,0.9736350735678542,1,0.0,13219
280120-26,fix_B_labels_local_seeds,72,0.5643821391484943,1,0.0,13340
280120-26,fix_B_labels_local_seeds,73,0.9713291197215352,1,0.0,10812
280120-26,fix_B_labels_local_seeds,74,0.9761336515513126,1,0.0,13757
280120-26,fix_B_labels_local_seeds,75,0.9370755998189226,1,0.0,6603
280120-26,fix_B_labels_local_seeds,76,0.9822608695652174,1,0.0,11385
280120-26,fix_B_labels_local_seeds,77,0.0,0,0.13937282229965156,16275
280120-26,fix_B_labels_local_seeds,78,0.9795443528841493,1,0.0,10247
280120-26,fix_B_labels_local_seeds,79,0.9779348139601961,1,0.0,13756
280120-26,fix_B_labels_local_seeds,80,0.9560011138958507,1,0.0,7120
280120-26,fix_B_labels_local_seeds,81,0.9739764052741152,1,0.0,14204
280120-26,fix_B_labels_local_seeds,82,0.9694698556155626,1,0.0,9020
280120-26,fix_B_labels_local_seeds,83,0.9760555852485302,1,0.0,9229
280120-26,fix_B_labels_local_seeds,84,0.7949137605438751,1,0.0,15771
280120-26,fix_B_labels_local_seeds,85,0.9709509733972073,1,0.0,9739
280120-26,fix_B_labels_local_seeds,86,0.9727331746375244,1,0.0,9069
280120-26,fix_B_labels_local_seeds,87,0.9432223885753772,1,0.0,8630
280120-26,fix_B_labels_local_seeds,88,0.9676589233551259,1,0.0,14202
280120-26,fix_B_labels_local_seeds,89,0.8404006138437929,1,0.0,12292
280120-26,fix_B_labels_local_seeds,90,0.8383557156894857,1,0.0,6084
280120-26,fix_B_labels_local_seeds,91,0.9644722118612458,1,0.0,10667
280120-26,fix_B_labels_local_seeds,92,0.9602181584857234,1,0.0,9250
280120-26,fix_B_labels_local_seeds,93,0.0,0,0.07950530035335689,14588
280120-26,fix_B_labels_local_seeds,94,0.0,0,0.16421052631578947,10500
280120-26,fix_B_labels_local_seeds,95,0.0,0,0.0,6891
280120-26,fix_B_labels_local_seeds,96,0.9776742169719302,1,0.0,9089
280120-26,fix_B_labels_local_seeds,97,0.0,0,0.09166666666666666,10965
280120-26,fix_B_labels_local_seeds,98,0.0,0,0.1,8976
280120-26,fix_B_labels_local_seeds,99,0.4881798845335764,0,0.24572649572649571,8131
280120-26,fix_B_labels_local_seeds,100,0.9741159746490553,1,0.0,16663
280120-26,fix_B_labels_local_seeds,101,0.5255603737861113,1,0.13191489361702127,8645
280120-26,fix_B_labels_local_seeds,102,0.9565657351910952,1,0.0,12729
280120-26,fix_B_labels_local_seeds,103,0.0,0,0.0,10614
280120-26,fix_B_labels_local_seeds,104,0.9752327419638153,1,0.0,16778
280120-26,fix_B_labels_local_seeds,105,0.8709645572119656,1,0.0,10103
280120-26,fix_B_labels_local_seeds,106,0.0,0,0.03587443946188341,7264
280120-26,fix_B_labels_local_seeds,107,0.8256232502333022,1,0.0,7468
280120-26,fix_B_labels_local_seeds,108,0.0,0,0.0,21265
280120-26,fix_B_labels_local_seeds,109,0.0,0,0.032520325203252036,11778
280120-26,fix_B_labels_local_seeds,110,0.0,0,0.07600950118764846,7790
280120-26,fix_B_labels_local_seeds,111,0.0,0,0.1556122448979592,6583
280120-26,fix_B_labels_local_seeds,112,0.9606924813916534,1,0.0,11662
280120-26,fix_B_labels_local_seeds,113,0.9742289524868019,1,0.0,14231
280120-26,fix_B_labels_local_seeds,114,0.44867680009689337,0,0.14084507042253522,7589
280120-26,fix_B_labels_local_seeds,115,0.9677994742771311,1,0.0,10523
280120-26,fix_B_labels_local_seeds,116,0.0,0,0.125531914893617,10938
280120-26,fix_B_labels_local_seeds,117,0.0,0,0.15301724137931033,9585
280120-26,fix_B_labels_local_seeds,118,0.9347290640394089,1,0.0,6412
280120-26,fix_B_labels_local_seeds,119,0.0,0,0.0,9740
280120-26,fix_B_labels_local_seeds,120,0.0,0,0.0,9510
280120-26,fix_B_labels_local_seeds,121,0.49662511401641835,0,0.27450980392156865,8255
280120-26,fix_B_labels_local_seeds,122,0.0,0,0.0,6116
280120-26,fix_B_labels_local_seeds,123,0.0,0,0.15106382978723404,11153
280120-26,fix_B_labels_local_seeds,124,0.0,0,0.0,6419
280120-26,cellpose_sam,1,0.9400520579144298,1,0.0,11557
280120-26,cellpose_sam,2,0.9452914798206278,1,0.0,12648
280120-26,cellpose_sam,3,0.9690466011115861,1,0.0,11476
280120-26,cellpose_sam,4,0.9584092529509626,1,0.0,12098
280120-26,cellpose_sam,5,0.9552734001148472,1,0.0,14972
280120-26,cellpose_sam,6,0.9432511593849158,1,0.0,7729
280120-26,cellpose_sam,7,0.9626049599687561,1,0.0,9859
280120-26,cellpose_sam,8,0.957945299480443,1,0.0,9790
280120-26,cellpose_sam,9,0.9616074096205557,1,0.0,12874
280120-26,cellpose_sam,10,0.9532889195191055,1,0.0,12449
280120-26,cellpose_sam,11,0.973200395983595,1,0.0,13763
280120-26,cellpose_sam,12,0.9508323654665118,1,0.0,9824
280120-26,cellpose_sam,13,0.9649617398308498,1,0.0,11987
280120-26,cellpose_sam,14,0.9423373193456093,1,0.0,12845
280120-26,cellpose_sam,15,0.9412619502868069,1,0.0,12307
280120-26,cellpose_sam,16,0.9489353439906802,1,0.0,14662
280120-26,cellpose_sam,17,0.9375115207373272,1,0.0,10172
280120-26,cellpose_sam,18,0.9329875345101648,1,0.0,11152
280120-26,cellpose_sam,19,0.9568860020709781,1,0.0,10165
280120-26,cellpose_sam,20,0.9456866411903406,1,0.0,11631
280120-26,cellpose_sam,21,0.9616700201207243,1,0.0,9560
280120-26,cellpose_sam,22,0.9587966756408756,1,0.0,8191
280120-26,cellpose_sam,23,0.9591926283457657,1,0.0,10960
280120-26,cellpose_sam,24,0.9379565506118964,1,0.0,9887
280120-26,cellpose_sam,25,0.0,0,0.0,4528
280120-26,cellpose_sam,26,0.9539631705364291,1,0.0,7149
280120-26,cellpose_sam,27,0.9454451434973714,1,0.0,10970
280120-26,cellpose_sam,28,0.9371762518262717,1,0.0,14112
280120-26,cellpose_sam,29,0.9550561797752809,1,0.0,12070
280120-26,cellpose_sam,30,0.9457872340425532,1,0.0,11113
280120-26,cellpose_sam,31,0.956704891177159,1,0.0,8179
280120-26,cellpose_sam,32,0.9396428571428571,1,0.0,10524
280120-26,cellpose_sam,33,0.9406064395123476,1,0.0,9027
280120-26,cellpose_sam,34,0.9389182468138016,1,0.0,12082
280120-26,cellpose_sam,35,0.9425984382787839,1,0.0,11347
280120-26,cellpose_sam,36,0.9565217391304348,1,0.0,8844
280120-26,cellpose_sam,37,0.9425233644859813,1,0.0,16136
280120-26,cellpose_sam,38,0.9637173774665818,1,0.0,9123
280120-26,cellpose_sam,39,0.9510132439763842,1,0.09109311740890688,11920
280120-26,cellpose_sam,40,0.9581165230742984,1,0.0,11234
280120-26,cellpose_sam,41,0.9596456692913385,1,0.0,10725
280120-26,cellpose_sam,42,0.9352127027256517,1,0.0,11014
280120-26,cellpose_sam,43,0.9502920005432568,1,0.0,6998
280120-26,cellpose_sam,44,0.9236436704621568,1,0.0,9653
280120-26,cellpose_sam,45,0.9447045707915274,1,0.0,12711
280120-26,cellpose_sam,46,0.9496783088235294,1,0.0,8266
280120-26,cellpose_sam,47,0.9553171641791045,1,0.0,10241
280120-26,cellpose_sam,48,0.9506918899982484,1,0.0,10857
280120-26,cellpose_sam,49,0.9387319650477545,1,0.0,9239
280120-26,cellpose_sam,50,0.9303663336360884,1,0.0,12292
280120-26,cellpose_sam,51,0.9371559633027523,1,0.0,6129
280120-26,cellpose_sam,52,0.9620710415412402,1,0.0,11186
280120-26,cellpose_sam,53,0.9485062893081762,1,0.0,9652
280120-26,cellpose_sam,54,0.9467327625056332,1,0.0,10504
280120-26,cellpose_sam,55,0.9461617428995095,1,0.0,8295
280120-26,cellpose_sam,56,0.9597934555581341,1,0.0,16543
280120-26,cellpose_sam,57,0.9547655453618756,1,0.0,7531
280120-26,cellpose_sam,58,0.938707992338499,1,0.0,10782
280120-26,cellpose_sam,59,0.7653129908009872,1,0.0,4457
280120-26,cellpose_sam,60,0.9566261655834981,1,0.0,13542
280120-26,cellpose_sam,61,0.9487159225602528,1,0.0,12006
280120-26,cellpose_sam,62,0.937797258229973,1,0.0,10056
280120-26,cellpose_sam,63,0.9402316433566433,1,0.0,8605
280120-26,cellpose_sam,64,0.9506386485372889,1,0.0,11536
280120-26,cellpose_sam,65,0.9378474437255081,1,0.0,10291
280120-26,cellpose_sam,66,0.9486030025020851,1,0.07373271889400922,9117
280120-26,cellpose_sam,67,0.9336530775379697,1,0.0,9344
280120-26,cellpose_sam,68,0.9101598383244535,1,0.0,5411
280120-26,cellpose_sam,69,0.9447533959339958,1,0.0,10363
280120-26,cellpose_sam,70,0.9405342171963346,1,0.0,9648
280120-26,cellpose_sam,71,0.9427328483811154,1,0.0,13219
280120-26,cellpose_sam,72,0.9420238683708778,1,0.0,13340
280120-26,cellpose_sam,73,0.9406646946232817,1,0.0,10812
280120-26,cellpose_sam,74,0.9545517624202053,1,0.0,13757
280120-26,cellpose_sam,75,0.9613138686131387,1,0.0,6603
280120-26,cellpose_sam,76,0.94106463878327,1,0.0,11385
280120-26,cellpose_sam,77,0.9379862832113423,1,0.13937282229965156,16275
280120-26,cellpose_sam,78,0.9500278138327461,1,0.0,10247
280120-26,cellpose_sam,79,0.9541513491017549,1,0.0,13756
280120-26,cellpose_sam,80,0.9191840950167829,1,0.0,7120
280120-26,cellpose_sam,81,0.9555974165769645,1,0.0,14204
280120-26,cellpose_sam,82,0.9526727234312276,1,0.0,9020
280120-26,cellpose_sam,83,0.9429855931337489,1,0.0,9229
280120-26,cellpose_sam,84,0.9420584194492563,1,0.0,15771
280120-26,cellpose_sam,85,0.9350936149783965,1,0.0,9739
280120-26,cellpose_sam,86,0.9277749360613811,1,0.0,9069
280120-26,cellpose_sam,87,0.9396919042936742,1,0.0,8630
280120-26,cellpose_sam,88,0.9468631242082806,1,0.0,14202
280120-26,cellpose_sam,89,0.9674933782807609,1,0.0,12292
280120-26,cellpose_sam,90,0.9604926423544465,1,0.0,6084
280120-26,cellpose_sam,91,0.9644665461121157,1,0.0,10667
280120-26,cellpose_sam,92,0.9538652079677985,1,0.0,9250
280120-26,cellpose_sam,93,0.955107438016529,1,0.07950530035335689,14588
280120-26,cellpose_sam,94,0.920862006519377,1,0.16421052631578947,10500
280120-26,cellpose_sam,95,0.8306486721811058,1,0.0,6891
280120-26,cellpose_sam,96,0.934409375963812,1,0.0,9089
280120-26,cellpose_sam,97,0.9433069511355816,1,0.09166666666666666,10965
280120-26,cellpose_sam,98,0.9503523382447149,1,0.1,8976
280120-26,cellpose_sam,99,0.8856376777803684,1,0.24572649572649571,8131
280120-26,cellpose_sam,100,0.9449359192469093,1,0.0,16663
280120-26,cellpose_sam,101,0.9170224411603722,1,0.13191489361702127,8645
280120-26,cellpose_sam,102,0.9496193461710704,1,0.0,12729
280120-26,cellpose_sam,103,0.9507932239849421,1,0.0,10614
280120-26,cellpose_sam,104,0.5431144683323649,1,0.0,16778
280120-26,cellpose_sam,105,0.9689089338835044,1,0.0,10103
280120-26,cellpose_sam,106,0.9421004803323381,1,0.03587443946188341,7264
280120-26,cellpose_sam,107,0.9475763962065332,1,0.0,7468
280120-26,cellpose_sam,108,0.9660205245153934,1,0.0,21265
280120-26,cellpose_sam,109,0.9527712407692932,1,0.032520325203252036,11778
280120-26,cellpose_sam,110,0.9367684324846145,1,0.07600950118764846,7790
280120-26,cellpose_sam,111,0.9482608695652174,1,0.1556122448979592,6583
280120-26,cellpose_sam,112,0.9483067404754152,1,0.0,11662
280120-26,cellpose_sam,113,0.6666894011731005,1,0.0,14231
280120-26,cellpose_sam,114,0.9242387332521316,1,0.14084507042253522,7589
280120-26,cellpose_sam,115,0.937544547398432,1,0.0,10523
280120-26,cellpose_sam,116,0.9534579112818722,1,0.125531914893617,10938
280120-26,cellpose_sam,117,0.9622451039773875,1,0.15301724137931033,9585
280120-26,cellpose_sam,118,0.9107447413303013,1,0.0,6412
280120-26,cellpose_sam,119,0.6790295593976575,1,0.0,9740
280120-26,cellpose_sam,120,0.7520759193357058,1,0.0,9510
280120-26,cellpose_sam,121,0.8959192533101802,1,0.27450980392156865,8255
280120-26,cellpose_sam,122,0.8863768115942029,1,0.0,6116
280120-26,cellpose_sam,123,0.6752577319587629,1,0.15106382978723404,11153
280120-26,cellpose_sam,124,0.8351508284945475,1,0.0,6419
280120-29,original,1,0.9752308984047019,1,0.0,9375
280120-29,original,2,0.5702979252642886,1,0.0,17532
280120-29,original,3,0.9556891913277418,1,0.0,6261
280120-29,original,4,0.9723206878346783,1,0.0,13022
280120-29,original,5,0.9720615713141738,1,0.0,11113
280120-29,original,6,0.9784333359007934,1,0.0,12834
280120-29,original,7,0.8719601523586288,1,0.0,13576
280120-29,original,8,0.9723415844580282,1,0.0,16265
280120-29,original,9,0.9620320148167747,1,0.0,7520
280120-29,original,10,0.9249363867684478,1,0.0,11699
280120-29,original,11,0.9728637920435584,1,0.0,11268
280120-29,original,12,0.9712422671794014,1,0.0,11812
280120-29,original,13,0.8530676045330207,1,0.0,7625
280120-29,original,14,0.0,0,0.0,14393
280120-29,original,15,0.9569770733088028,1,0.0,6963
280120-29,original,16,0.969861707200763,1,0.0,10346
280120-29,original,17,0.9587378640776699,1,0.0,8584
280120-29,original,18,0.0,0,0.0,13507
280120-29,original,19,0.7143428685737148,1,0.0,14860
280120-29,original,20,0.9679604063558218,1,0.0,7587
280120-29,original,21,0.9679544015199494,1,0.0,7813
280120-29,original,22,0.9654989384288747,1,0.0,9338
280120-29,original,23,0.7678898540447912,1,0.0,16689
280120-29,original,24,0.7290701042873696,1,0.0,13564
280120-29,original,25,0.8529506093649776,1,0.0,12343
280120-29,original,26,0.9540531296317409,1,0.0,8608
280120-29,original,27,0.9775922671353251,1,0.0,13472
280120-29,original,28,0.0,0,0.0,10781
280120-29,original,29,0.9740420271940667,1,0.0,11182
280120-29,original,30,0.9620705556836523,1,0.0,8581
280120-29,original,31,0.0,0,0.0,5013
280120-29,original,32,0.9513230507994906,1,0.0,7001
280120-29,original,33,0.9653414882772681,1,0.0,11548
280120-29,original,34,0.9361022364217252,1,0.024456521739130436,5890
280120-29,original,35,0.9767332180474768,1,0.0,12560
280120-29,original,36,0.936140426448417,1,0.0,9232
280120-29,original,37,0.9506616985738148,1,0.0,7753
280120-29,original,38,0.6188700889016346,1,0.0,13876
280120-29,original,39,0.6116834007041335,1,0.0,15246
280120-29,original,40,0.8167902899527983,1,0.0,14753
280120-29,original,41,0.9701060016777244,1,0.0,12952
280120-29,original,42,0.0,0,0.00398406374501992,11155
280120-29,original,43,0.0,0,0.0,7647
280120-29,original,44,0.946645109135004,1,0.0,12233
280120-29,original,45,0.0,0,0.0,17586
280120-29,original,46,0.5557196212976635,1,0.0,11419
280120-29,original,47,0.975464343040587,1,0.0,12915
280120-29,original,48,0.0,0,0.0,9930
280120-29,original,49,0.9230548377835199,1,0.0,6936
280120-29,original,50,0.9796803967488634,1,0.0,14368
280120-29,original,51,0.0,0,0.012396694214876033,10428
280120-29,original,52,0.9612623903383845,1,0.0,8653
280120-29,original,53,0.9619063601275382,1,0.0,11839
280120-29,original,54,0.0,0,0.0,10489
280120-29,original,55,0.9703533639448991,1,0.0,9949
280120-29,original,56,0.5751722072476789,1,0.1392857142857143,13297
280120-29,original,57,0.7109531620193184,1,0.0,16367
280120-29,original,58,0.9696502989672042,1,0.0,10970
280120-29,original,59,0.0,0,0.0,12564
280120-29,original,60,0.9591407374598605,1,0.0,8913
280120-29,original,61,0.0,0,0.005859375,11750
280120-29,original,62,0.8869240864820059,1,0.0,14476
280120-29,original,63,0.0,0,0.0,17004
280120-29,original,64,0.0,0,0.0,10966
280120-29,original,65,0.9472106360792493,1,0.0,7616
280120-29,original,66,0.5539432176656152,1,0.07766990291262135,8055
280120-29,original,67,0.0,0,0.003968253968253968,12325
280120-29,original,68,0.0,0,0.02217741935483871,11164
280120-29,original,69,0.7882716049382716,1,0.0,12834
280120-29,original,70,0.9414434197042892,1,0.0,6770
280120-29,original,71,0.7385312558197281,1,0.0,16000
280120-29,original,72,0.9647768395657419,1,0.0,12248
280120-29,original,73,0.5129288142577522,1,0.0,9649
280120-29,original,74,0.453179284156096,0,0.016917293233082706,12338
280120-29,original,75,0.9506524475061271,1,0.0,14894
280120-29,original,76,0.0,0,0.006666666666666667,8845
280120-29,original,77,0.0,0,0.020599250936329586,8940
280120-29,original,78,0.0,0,0.0,6884
280120-29,original,79,0.0,0,0.16230366492146597,6363
280120-29,original,80,0.0,0,0.0,9117
280120-29,original,81,0.0,0,0.0,11356
280120-29,original,82,0.0,0,0.03731343283582089,14365
280120-29,original,83,0.9181318681318681,1,0.0,8676
280120-29,original,84,0.0,0,0.0,15848
280120-29,original,85,0.9589307842095947,1,0.0,16585
280120-29,original,86,0.0,0,0.0531496062992126,11108
280120-29,original,87,0.0,0,0.043233082706766915,13079
280120-29,original,88,0.5053472316231217,1,0.009157509157509158,14719
280120-29,original,89,0.0,0,0.026570048309178744,7717
280120-29,original,90,0.0,0,0.01779935275080906,12710
280120-29,original,91,0.0,0,0.0,8052
280120-29,original,92,0.9111111111111111,1,0.0,7926
280120-29,original,93,0.0,0,0.0,4338
280120-29,original,94,0.0,0,0.01746031746031746,17946
280120-29,original,95,0.8021483887084686,1,0.0,11908
280120-29,original,96,0.42431032068337765,0,0.09195402298850575,6230
280120-29,original,97,0.0,0,0.0,6273
280120-29,original,98,0.9497731958762886,1,0.0,11805
280120-29,original,99,0.945417095777549,1,0.039711191335740074,11451
280120-29,original,100,0.0,0,0.0,8575
280120-29,original,101,0.6310063463281959,1,0.0,8783
280120-29,original,102,0.0,0,0.0,9827
280120-29,original,103,0.0,0,0.0,22348
280120-29,original,104,0.0,0,0.17748091603053434,10267
280120-29,original,105,0.0,0,0.06584362139917696,10361
280120-29,original,106,0.0,0,0.08333333333333333,14271
280120-29,original,107,0.0,0,0.0,9593
280120-29,original,108,0.0,0,0.0,21713
280120-29,original,109,0.0,0,0.11044176706827309,11900
280120-29,original,110,0.0,0,0.1569767441860465,13030
280120-29,original,111,0.0,0,0.06628242074927954,5390
280120-29,original,112,0.0,0,0.153713298791019,12876
280120-29,original,113,0.0,0,0.024691358024691357,9571
280120-29,original,114,0.0,0,0.0,16960
280120-29,original,115,0.0,0,0.0,21448
280120-29,original,116,0.0,0,0.020761245674740483,12645
280120-29,original,117,0.0,0,0.14583333333333334,8626
280120-29,original,118,0.0,0,0.0,14164
280120-29,original,119,0.0,0,0.02570093457943925,7888
280120-29,original,120,0.0,0,0.0,18144
280120-29,original,121,0.0,0,0.14772727272727273,5969
280120-29,original,122,0.9431441590720795,1,0.0,9371
280120-29,original,123,0.0,0,0.0,22256
280120-29,original,124,0.9403285638579756,1,0.0,9287
280120-29,original,125,0.0,0,0.0,15075
280120-29,original,126,0.0,0,0.08354430379746836,6910
280120-29,original,127,0.7795731707317073,1,0.0,8510
280120-29,original,128,0.0,0,0.1310483870967742,11178
280120-29,original,129,0.0,0,0.044444444444444446,8344
280120-29,original,130,0.0,0,0.07614213197969544,6697
280120-29,original,131,0.0,0,0.1728395061728395,8295
280120-29,original,132,0.0,0,0.0,9960
280120-29,original,133,0.0,0,0.056856187290969896,11928
280120-29,original,134,0.0,0,0.19573643410852712,9488
280120-29,original,135,0.0,0,0.0,9088
280120-29,original,136,0.39087287214777255,0,0.03666666666666667,13197
280120-29,original,137,0.0,0,0.0,11174
280120-29,original,138,0.0,0,0.08131487889273356,13696
280120-29,original,139,0.0,0,0.005190311418685121,9501
280120-29,original,140,0.0,0,0.07352941176470588,10774
280120-29,original,141,0.0,0,0.32386363636363635,4015
280120-29,original,142,0.0,0,0.05,12512
280120-29,original,143,0.0,0,0.0,11376
280120-29,original,144,0.0,0,0.2893401015228426,15311
280120-29,original,145,0.0,0,0.25925925925925924,12422
280120-29,fix_A_labels,1,0.9752308984047019,1,0.0,9375
280120-29,fix_A_labels,2,0.5702979252642886,1,0.0,17532
280120-29,fix_A_labels,3,0.9556891913277418,1,0.0,6261
280120-29,fix_A_labels,4,0.5827272727272728,1,0.0,13022
280120-29,fix_A_labels,5,0.9720615713141738,1,0.0,11113
280120-29,fix_A_labels,6,0.9784333359007934,1,0.0,12834
280120-29,fix_A_labels,7,0.8719601523586288,1,0.0,13576
280120-29,fix_A_labels,8,0.9723415844580282,1,0.0,16265
280120-29,fix_A_labels,9,0.9620320148167747,1,0.0,7520
280120-29,fix_A_labels,10,0.4883384405856316,0,0.0,11699
280120-29,fix_A_labels,11,0.9728637920435584,1,0.0,11268
280120-29,fix_A_labels,12,0.9712422671794014,1,0.0,11812
280120-29,fix_A_labels,13,0.8530676045330207,1,0.0,7625
280120-29,fix_A_labels,14,0.0,0,0.0,14393
280120-29,fix_A_labels,15,0.9569770733088028,1,0.0,6963
280120-29,fix_A_labels,16,0.969861707200763,1,0.0,10346
280120-29,fix_A_labels,17,0.9587378640776699,1,0.0,8584
280120-29,fix_A_labels,18,0.00017577781683951485,0,0.0,13507
280120-29,fix_A_labels,19,0.7143428685737148,1,0.0,14860
280120-29,fix_A_labels,20,0.9679604063558218,1,0.0,7587
280120-29,fix_A_labels,21,0.9679544015199494,1,0.0,7813
280120-29,fix_A_labels,22,0.0,0,0.0,9338
280120-29,fix_A_labels,23,0.7678898540447912,1,0.0,16689
280120-29,fix_A_labels,24,0.7290701042873696,1,0.0,13564
280120-29,fix_A_labels,25,0.8529506093649776,1,0.0,12343
280120-29,fix_A_labels,26,0.9540531296317409,1,0.0,8608
280120-29,fix_A_labels,27,0.7419497132774592,1,0.0,13472
280120-29,fix_A_labels,28,0.0,0,0.0,10781
280120-29,fix_A_labels,29,0.9740420271940667,1,0.0,11182
280120-29,fix_A_labels,30,0.9620705556836523,1,0.0,8581
280120-29,fix_A_labels,31,0.0,0,0.0,5013
280120-29,fix_A_labels,32,0.9513230507994906,1,0.0,7001
280120-29,fix_A_labels,33,0.9653414882772681,1,0.0,11548
280120-29,fix_A_labels,34,0.9361022364217252,1,0.024456521739130436,5890
280120-29,fix_A_labels,35,0.9767332180474768,1,0.0,12560
280120-29,fix_A_labels,36,0.936140426448417,1,0.0,9232
280120-29,fix_A_labels,37,0.9506616985738148,1,0.0,7753
280120-29,fix_A_labels,38,0.49670203613421277,0,0.0,13876
280120-29,fix_A_labels,39,0.6116834007041335,1,0.0,15246
280120-29,fix_A_labels,40,0.8167902899527983,1,0.0,14753
280120-29,fix_A_labels,41,0.9701060016777244,1,0.0,12952
280120-29,fix_A_labels,42,0.8548700038804812,1,0.00398406374501992,11155
280120-29,fix_A_labels,43,0.0023184452778724856,0,0.0,7647
280120-29,fix_A_labels,44,0.946645109135004,1,0.0,12233
280120-29,fix_A_labels,45,0.0,0,0.0,17586
280120-29,fix_A_labels,46,0.5557196212976635,1,0.0,11419
280120-29,fix_A_labels,47,0.975464343040587,1,0.0,12915
280120-29,fix_A_labels,48,0.8505655708731,1,0.0,9930
280120-29,fix_A_labels,49,0.9230548377835199,1,0.0,6936
280120-29,fix_A_labels,50,0.9796803967488634,1,0.0,14368
280120-29,fix_A_labels,51,0.9373345935727788,1,0.012396694214876033,10428
280120-29,fix_A_labels,52,0.9612623903383845,1,0.0,8653
280120-29,fix_A_labels,53,0.9619063601275382,1,0.0,11839
280120-29,fix_A_labels,54,0.0,0,0.0,10489
280120-29,fix_A_labels,55,0.9703533639448991,1,0.0,9949
280120-29,fix_A_labels,56,0.5751722072476789,1,0.1392857142857143,13297
280120-29,fix_A_labels,57,0.36676619340686123,0,0.0,16367
280120-29,fix_A_labels,58,0.9696502989672042,1,0.0,10970
280120-29,fix_A_labels,59,0.0,0,0.0,12564
280120-29,fix_A_labels,60,0.9591407374598605,1,0.0,8913
280120-29,fix_A_labels,61,0.6710293000084439,1,0.005859375,11750
280120-29,fix_A_labels,62,0.8869240864820059,1,0.0,14476
280120-29,fix_A_labels,63,0.0,0,0.0,17004
280120-29,fix_A_labels,64,0.8881392045454546,1,0.0,10966
280120-29,fix_A_labels,65,0.9472106360792493,1,0.0,7616
280120-29,fix_A_labels,66,0.0007165376898824878,0,0.07766990291262135,8055
280120-29,fix_A_labels,67,0.9559105431309904,1,0.003968253968253968,12325
280120-29,fix_A_labels,68,0.9289678135405105,1,0.02217741935483871,11164
280120-29,fix_A_labels,69,0.7882716049382716,1,0.0,12834
280120-29,fix_A_labels,70,0.9414434197042892,1,0.0,6770
280120-29,fix_A_labels,71,0.49427789526060456,0,0.0,16000
280120-29,fix_A_labels,72,0.9647768395657419,1,0.0,12248
280120-29,fix_A_labels,73,0.5129288142577522,1,0.0,9649
280120-29,fix_A_labels,74,0.453179284156096,0,0.016917293233082706,12338
280120-29,fix_A_labels,75,0.9506524475061271,1,0.0,14894
280120-29,fix_A_labels,76,0.9315188762071993,1,0.006666666666666667,8845
280120-29,fix_A_labels,77,0.86796875,1,0.020599250936329586,8940
280120-29,fix_A_labels,78,0.0,0,0.0,6884
280120-29,fix_A_labels,79,0.5379370629370629,1,0.16230366492146597,6363
280120-29,fix_A_labels,80,0.9445326558695882,1,0.0,9117
280120-29,fix_A_labels,81,0.9628501827040195,1,0.0,11356
280120-29,fix_A_labels,82,0.0,0,0.03731343283582089,14365
280120-29,fix_A_labels,83,0.8862679955703211,1,0.0,8676
280120-29,fix_A_labels,84,0.9611285652682806,1,0.0,15848
280120-29,fix_A_labels,85,0.9589307842095947,1,0.0,16585
280120-29,fix_A_labels,86,0.9314412720123098,1,0.0531496062992126,11108
280120-29,fix_A_labels,87,0.0,0,0.043233082706766915,13079
280120-29,fix_A_labels,88,0.0,0,0.009157509157509158,14719
280120-29,fix_A_labels,89,0.9170165472956285,1,0.026570048309178744,7717
280120-29,fix_A_labels,90,0.9523919219841819,1,0.01779935275080906,12710
280120-29,fix_A_labels,91,0.9583538689009364,1,0.0,8052
280120-29,fix_A_labels,92,0.9111111111111111,1,0.0,7926
280120-29,fix_A_labels,93,0.0,0,0.0,4338
280120-29,fix_A_labels,94,0.0,0,0.01746031746031746,17946
280120-29,fix_A_labels,95,0.8021483887084686,1,0.0,11908
280120-29,fix_A_labels,96,0.9286735504368546,1,0.09195402298850575,6230
280120-29,fix_A_labels,97,0.9320158102766798,1,0.0,6273
280120-29,fix_A_labels,98,0.9497731958762886,1,0.0,11805
280120-29,fix_A_labels,99,0.945417095777549,1,0.039711191335740074,11451
280120-29,fix_A_labels,100,0.92667350895199,1,0.0,8575
280120-29,fix_A_labels,101,0.0,0,0.0,8783
280120-29,fix_A_labels,102,0.8922861710631494,1,0.0,9827
280120-29,fix_A_labels,103,0.49986611924312746,0,0.0,22348
280120-29,fix_A_labels,104,0.9038222222222222,1,0.17748091603053434,10267
280120-29,fix_A_labels,105,0.8061077499279746,1,0.06584362139917696,10361
280120-29,fix_A_labels,106,0.7547495682210709,1,0.08333333333333333,14271
280120-29,fix_A_labels,107,0.8767252788806957,1,0.0,9593
280120-29,fix_A_labels,108,0.5855694692903995,1,0.0,21713
280120-29,fix_A_labels,109,0.8630228295284119,1,0.11044176706827309,11900
280120-29,fix_A_labels,110,0.0,0,0.1569767441860465,13030
280120-29,fix_A_labels,111,0.0,0,0.06628242074927954,5390
280120-29,fix_A_labels,112,0.0,0,0.153713298791019,12876
280120-29,fix_A_labels,113,0.9125750984048063,1,0.024691358024691357,9571
280120-29,fix_A_labels,114,0.6552628511481524,1,0.0,16960
280120-29,fix_A_labels,115,0.5906098964326812,1,0.0,21448
280120-29,fix_A_labels,116,0.8817131713171317,1,0.020761245674740483,12645
280120-29,fix_A_labels,117,0.3344758064516129,0,0.14583333333333334,8626
280120-29,fix_A_labels,118,0.5790800681431005,1,0.0,14164
280120-29,fix_A_labels,119,0.00033478406427854036,0,0.02570093457943925,7888
280120-29,fix_A_labels,120,0.0,0,0.0,18144
280120-29,fix_A_labels,121,0.7860600193610843,1,0.14772727272727273,5969
280120-29,fix_A_labels,122,0.9431441590720795,1,0.0,9371
280120-29,fix_A_labels,123,0.6641701217065668,1,0.0,22256
280120-29,fix_A_labels,124,0.9403285638579756,1,0.0,9287
280120-29,fix_A_labels,125,0.0,0,0.0,15075
280120-29,fix_A_labels,126,0.8939229517091698,1,0.08354430379746836,6910
280120-29,fix_A_labels,127,0.7795731707317073,1,0.0,8510
280120-29,fix_A_labels,128,0.6670924885028104,1,0.1310483870967742,11178
280120-29,fix_A_labels,129,0.0,0,0.044444444444444446,8344
280120-29,fix_A_labels,130,0.8335521517140773,1,0.07614213197969544,6697
280120-29,fix_A_labels,131,0.021698662012798138,0,0.1728395061728395,8295
280120-29,fix_A_labels,132,0.0,0,0.0,9960
280120-29,fix_A_labels,133,0.7669783286221642,1,0.056856187290969896,11928
280120-29,fix_A_labels,134,0.7920081967213115,1,0.19573643410852712,9488
280120-29,fix_A_labels,135,0.9581843787238652,1,0.0,9088
280120-29,fix_A_labels,136,0.39087287214777255,0,0.03666666666666667,13197
280120-29,fix_A_labels,137,0.6695529245449726,1,0.0,11174
280120-29,fix_A_labels,138,0.0,0,0.08131487889273356,13696
280120-29,fix_A_labels,139,0.8629280397022332,1,0.005190311418685121,9501
280120-29,fix_A_labels,140,0.5648651137096031,1,0.07352941176470588,10774
280120-29,fix_A_labels,141,0.0,0,0.32386363636363635,4015
280120-29,fix_A_labels,142,0.9087372597837081,1,0.05,12512
280120-29,fix_A_labels,143,0.0,0,0.0,11376
280120-29,fix_A_labels,144,0.6918753193663771,1,0.2893401015228426,15311
280120-29,fix_A_labels,145,0.0,0,0.25925925925925924,12422
280120-29,fix_B_labels_local_seeds,1,0.9752308984047019,1,0.0,9375
280120-29,fix_B_labels_local_seeds,2,0.6975235516443843,1,0.0,17532
280120-29,fix_B_labels_local_seeds,3,0.9543436905516804,1,0.0,6261
280120-29,fix_B_labels_local_seeds,4,0.9721740441897293,1,0.0,13022
280120-29,fix_B_labels_local_seeds,5,0.9720615713141738,1,0.0,11113
280120-29,fix_B_labels_local_seeds,6,0.9773793952450566,1,0.0,12834
280120-29,fix_B_labels_local_seeds,7,0.9689282058780524,1,0.0,13576
280120-29,fix_B_labels_local_seeds,8,0.9725198232552509,1,0.0,16265
280120-29,fix_B_labels_local_seeds,9,0.9617522498676548,1,0.0,7520
280120-29,fix_B_labels_local_seeds,10,0.9264631043256998,1,0.0,11699
280120-29,fix_B_labels_local_seeds,11,0.9723368753842101,1,0.0,11268
280120-29,fix_B_labels_local_seeds,12,0.9712422671794014,1,0.0,11812
280120-29,fix_B_labels_local_seeds,13,0.8559333072814902,1,0.0,7625
280120-29,fix_B_labels_local_seeds,14,0.9732370141038872,1,0.0,14393
280120-29,fix_B_labels_local_seeds,15,0.9577004968062456,1,0.0,6963
280120-29,fix_B_labels_local_seeds,16,0.9702460423421705,1,0.0,10346
280120-29,fix_B_labels_local_seeds,17,0.9587378640776699,1,0.0,8584
280120-29,fix_B_labels_local_seeds,18,0.6828290193219103,1,0.0,13507
280120-29,fix_B_labels_local_seeds,19,0.7332177854809679,1,0.0,14860
280120-29,fix_B_labels_local_seeds,20,0.9679604063558218,1,0.0,7587
280120-29,fix_B_labels_local_seeds,21,0.9679544015199494,1,0.0,7813
280120-29,fix_B_labels_local_seeds,22,0.9665534083669569,1,0.0,9338
280120-29,fix_B_labels_local_seeds,23,0.8092649491845899,1,0.0,16689
280120-29,fix_B_labels_local_seeds,24,0.9686192468619247,1,0.0,13564
280120-29,fix_B_labels_local_seeds,25,0.8541482611838407,1,0.0,12343
280120-29,fix_B_labels_local_seeds,26,0.9540531296317409,1,0.0,8608
280120-29,fix_B_labels_local_seeds,27,0.9775939078860657,1,0.0,13472
280120-29,fix_B_labels_local_seeds,28,0.9752149259191513,1,0.0,10781
280120-29,fix_B_labels_local_seeds,29,0.9738677496247903,1,0.0,11182
280120-29,fix_B_labels_local_seeds,30,0.9620618081180812,1,0.0,8581
280120-29,fix_B_labels_local_seeds,31,0.0,0,0.0,5013
280120-29,fix_B_labels_local_seeds,32,0.9533371040723982,1,0.0,7001
280120-29,fix_B_labels_local_seeds,33,0.9645642590708715,1,0.0,11548
280120-29,fix_B_labels_local_seeds,34,0.9334118042710611,1,0.024456521739130436,5890
280120-29,fix_B_labels_local_seeds,35,0.9764188020751454,1,0.0,12560
280120-29,fix_B_labels_local_seeds,36,0.9316101238556812,1,0.0,9232
280120-29,fix_B_labels_local_seeds,37,0.6542929513494629,1,0.0,7753
280120-29,fix_B_labels_local_seeds,38,0.6180814453685116,1,0.0,13876
280120-29,fix_B_labels_local_seeds,39,0.9756716320822221,1,0.0,15246
280120-29,fix_B_labels_local_seeds,40,0.8262423302541972,1,0.0,14753
280120-29,fix_B_labels_local_seeds,41,0.9688858384808968,1,0.0,12952
280120-29,fix_B_labels_local_seeds,42,0.0029767441860465114,0,0.00398406374501992,11155
280120-29,fix_B_labels_local_seeds,43,0.0,0,0.0,7647
280120-29,fix_B_labels_local_seeds,44,0.946645109135004,1,0.0,12233
280120-29,fix_B_labels_local_seeds,45,0.0,0,0.0,17586
280120-29,fix_B_labels_local_seeds,46,0.9750541359896059,1,0.0,11419
280120-29,fix_B_labels_local_seeds,47,0.9753152464654185,1,0.0,12915
280120-29,fix_B_labels_local_seeds,48,0.8510957935666313,1,0.0,9930
280120-29,fix_B_labels_local_seeds,49,0.0,0,0.0,6936
280120-29,fix_B_labels_local_seeds,50,0.9787820336180766,1,0.0,14368
280120-29,fix_B_labels_local_seeds,51,0.9373286700066169,1,0.012396694214876033,10428
280120-29,fix_B_labels_local_seeds,52,0.9610345220462573,1,0.0,8653
280120-29,fix_B_labels_local_seeds,53,0.9617385467360295,1,0.0,11839
280120-29,fix_B_labels_local_seeds,54,0.0,0,0.0,10489
280120-29,fix_B_labels_local_seeds,55,0.7756121939030485,1,0.0,9949
280120-29,fix_B_labels_local_seeds,56,0.0,0,0.1392857142857143,13297
280120-29,fix_B_labels_local_seeds,57,0.7270352369380316,1,0.0,16367
280120-29,fix_B_labels_local_seeds,58,0.9703911626222383,1,0.0,10970
280120-29,fix_B_labels_local_seeds,59,0.0,0,0.0,12564
280120-29,fix_B_labels_local_seeds,60,0.9615895505866726,1,0.0,8913
280120-29,fix_B_labels_local_seeds,61,0.9165125273247016,1,0.005859375,11750
280120-29,fix_B_labels_local_seeds,62,0.8872694619050908,1,0.0,14476
280120-29,fix_B_labels_local_seeds,63,0.0,0,0.0,17004
280120-29,fix_B_labels_local_seeds,64,0.8873689820572037,1,0.0,10966
280120-29,fix_B_labels_local_seeds,65,0.9480130293159609,1,0.0,7616
280120-29,fix_B_labels_local_seeds,66,0.55422362425517,1,0.07766990291262135,8055
280120-29,fix_B_labels_local_seeds,67,0.0,0,0.003968253968253968,12325
280120-29,fix_B_labels_local_seeds,68,0.0,0,0.02217741935483871,11164
280120-29,fix_B_labels_local_seeds,69,0.8099352051835853,1,0.0,12834
280120-29,fix_B_labels_local_seeds,70,0.9414434197042892,1,0.0,6770
280120-29,fix_B_labels_local_seeds,71,0.9743637492240844,1,0.0,16000
280120-29,fix_B_labels_local_seeds,72,0.7893548387096774,1,0.0,12248
280120-29,fix_B_labels_local_seeds,73,0.5846470891293147,1,0.0,9649
280120-29,fix_B_labels_local_seeds,74,0.6724929520741039,1,0.016917293233082706,12338
280120-29,fix_B_labels_local_seeds,75,0.95893767799192,1,0.0,14894
280120-29,fix_B_labels_local_seeds,76,0.9310723301503677,1,0.006666666666666667,8845
280120-29,fix_B_labels_local_seeds,77,0.0,0,0.020599250936329586,8940
280120-29,fix_B_labels_local_seeds,78,0.916750394717956,1,0.0,6884
280120-29,fix_B_labels_local_seeds,79,0.46028421839940165,0,0.16230366492146597,6363
280120-29,fix_B_labels_local_seeds,80,0.9531031515542648,1,0.0,9117
280120-29,fix_B_labels_local_seeds,81,0.9628501827040195,1,0.0,11356
280120-29,fix_B_labels_local_seeds,82,0.0,0,0.03731343283582089,14365
280120-29,fix_B_labels_local_seeds,83,0.8215893521237033,1,0.0,8676
280120-29,fix_B_labels_local_seeds,84,0.961543202267965,1,0.0,15848
280120-29,fix_B_labels_local_seeds,85,0.9589307842095947,1,0.0,16585
280120-29,fix_B_labels_local_seeds,86,0.0,0,0.0531496062992126,11108
280120-29,fix_B_labels_local_seeds,87,0.0,0,0.043233082706766915,13079
280120-29,fix_B_labels_local_seeds,88,0.6681104493773687,1,0.009157509157509158,14719
280120-29,fix_B_labels_local_seeds,89,0.0,0,0.026570048309178744,7717
280120-29,fix_B_labels_local_seeds,90,0.0,0,0.01779935275080906,12710
280120-29,fix_B_labels_local_seeds,91,0.9405235854747256,1,0.0,8052
280120-29,fix_B_labels_local_seeds,92,0.9328432594069275,1,0.0,7926
280120-29,fix_B_labels_local_seeds,93,0.0,0,0.0,4338
280120-29,fix_B_labels_local_seeds,94,0.0,0,0.01746031746031746,17946
280120-29,fix_B_labels_local_seeds,95,0.9594740783889489,1,0.0,11908
280120-29,fix_B_labels_local_seeds,96,0.4241915161696766,0,0.09195402298850575,6230
280120-29,fix_B_labels_local_seeds,97,0.9324687648268227,1,0.0,6273
280120-29,fix_B_labels_local_seeds,98,0.9484578591456375,1,0.0,11805
280120-29,fix_B_labels_local_seeds,99,0.9475678002582867,1,0.039711191335740074,11451
280120-29,fix_B_labels_local_seeds,100,0.9414689265536723,1,0.0,8575
280120-29,fix_B_labels_local_seeds,101,0.7020408163265306,1,0.0,8783
280120-29,fix_B_labels_local_seeds,102,0.7906379966374657,1,0.0,9827
280120-29,fix_B_labels_local_seeds,103,0.0,0,0.0,22348
280120-29,fix_B_labels_local_seeds,104,0.0,0,0.17748091603053434,10267
280120-29,fix_B_labels_local_seeds,105,0.0,0,0.06584362139917696,10361
280120-29,fix_B_labels_local_seeds,106,0.0,0,0.08333333333333333,14271
280120-29,fix_B_labels_local_seeds,107,0.8758021895054737,1,0.0,9593
280120-29,fix_B_labels_local_seeds,108,0.564040320921621,1,0.0,21713
280120-29,fix_B_labels_local_seeds,109,0.0009112862805850458,0,0.11044176706827309,11900
280120-29,fix_B_labels_local_seeds,110,0.0,0,0.1569767441860465,13030
280120-29,fix_B_labels_local_seeds,111,0.0,0,0.06628242074927954,5390
280120-29,fix_B_labels_local_seeds,112,0.0,0,0.153713298791019,12876
280120-29,fix_B_labels_local_seeds,113,0.0,0,0.024691358024691357,9571
280120-29,fix_B_labels_local_seeds,114,0.6915141624898007,1,0.0,16960
280120-29,fix_B_labels_local_seeds,115,0.0,0,0.0,21448
280120-29,fix_B_labels_local_seeds,116,0.0,0,0.020761245674740483,12645
280120-29,fix_B_labels_local_seeds,117,0.4596676939568538,0,0.14583333333333334,8626
280120-29,fix_B_labels_local_seeds,118,0.919148655772272,1,0.0,14164
280120-29,fix_B_labels_local_seeds,119,0.0,0,0.02570093457943925,7888
280120-29,fix_B_labels_local_seeds,120,0.0,0,0.0,18144
280120-29,fix_B_labels_local_seeds,121,0.7860600193610843,1,0.14772727272727273,5969
280120-29,fix_B_labels_local_seeds,122,0.9426204039357846,1,0.0,9371
280120-29,fix_B_labels_local_seeds,123,0.0,0,0.0,22256
280120-29,fix_B_labels_local_seeds,124,0.9363272190596669,1,0.0,9287
280120-29,fix_B_labels_local_seeds,125,0.0,0,0.0,15075
280120-29,fix_B_labels_local_seeds,126,0.0,0,0.08354430379746836,6910
280120-29,fix_B_labels_local_seeds,127,0.7833333333333333,1,0.0,8510
280120-29,fix_B_labels_local_seeds,128,0.6674331459717254,1,0.1310483870967742,11178
280120-29,fix_B_labels_local_seeds,129,0.0,0,0.044444444444444446,8344
280120-29,fix_B_labels_local_seeds,130,0.44452022096433197,0,0.07614213197969544,6697
280120-29,fix_B_labels_local_seeds,131,0.021698662012798138,0,0.1728395061728395,8295
280120-29,fix_B_labels_local_seeds,132,0.0,0,0.0,9960
280120-29,fix_B_labels_local_seeds,133,0.0,0,0.056856187290969896,11928
280120-29,fix_B_labels_local_seeds,134,0.0,0,0.19573643410852712,9488
280120-29,fix_B_labels_local_seeds,135,0.9581843787238652,1,0.0,9088
280120-29,fix_B_labels_local_seeds,136,0.4912204639063516,0,0.03666666666666667,13197
280120-29,fix_B_labels_local_seeds,137,0.6731754726983566,1,0.0,11174
280120-29,fix_B_labels_local_seeds,138,0.0,0,0.08131487889273356,13696
280120-29,fix_B_labels_local_seeds,139,0.8629280397022332,1,0.005190311418685121,9501
280120-29,fix_B_labels_local_seeds,140,0.35839518124126063,0,0.07352941176470588,10774
280120-29,fix_B_labels_local_seeds,141,0.0,0,0.32386363636363635,4015
280120-29,fix_B_labels_local_seeds,142,0.0,0,0.05,12512
280120-29,fix_B_labels_local_seeds,143,0.0,0,0.0,11376
280120-29,fix_B_labels_local_seeds,144,0.0,0,0.2893401015228426,15311
280120-29,fix_B_labels_local_seeds,145,0.0,0,0.25925925925925924,12422
280120-29,cellpose_sam,1,0.9507149376331001,1,0.0,9375
280120-29,cellpose_sam,2,0.9567779960707269,1,0.0,17532
280120-29,cellpose_sam,3,0.9129483814523185,1,0.0,6261
280120-29,cellpose_sam,4,0.9472612206299557,1,0.0,13022
280120-29,cellpose_sam,5,0.9345723656546968,1,0.0,11113
280120-29,cellpose_sam,6,0.9612763088907198,1,0.0,12834
280120-29,cellpose_sam,7,0.9471882640586797,1,0.0,13576
280120-29,cellpose_sam,8,0.9488855175633096,1,0.0,16265
280120-29,cellpose_sam,9,0.9603884487605417,1,0.0,7520
280120-29,cellpose_sam,10,0.9706297187422218,1,0.0,11699
280120-29,cellpose_sam,11,0.9605364311950115,1,0.0,11268
280120-29,cellpose_sam,12,0.9452624839948783,1,0.0,11812
280120-29,cellpose_sam,13,0.926038377459315,1,0.0,7625
280120-29,cellpose_sam,14,0.9603656502301995,1,0.0,14393
280120-29,cellpose_sam,15,0.9366890061314701,1,0.0,6963
280120-29,cellpose_sam,16,0.9428597466508704,1,0.0,10346
280120-29,cellpose_sam,17,0.9630800496782206,1,0.0,8584
280120-29,cellpose_sam,18,0.9556388849582567,1,0.0,13507
280120-29,cellpose_sam,19,0.949520766773163,1,0.0,14860
280120-29,cellpose_sam,20,0.9303494788473329,1,0.0,7587
280120-29,cellpose_sam,21,0.9381604226705091,1,0.0,7813
280120-29,cellpose_sam,22,0.9101364522417154,1,0.0,9338
280120-29,cellpose_sam,23,0.9595791168353266,1,0.0,16689
280120-29,cellpose_sam,24,0.9265027322404371,1,0.0,13564
280120-29,cellpose_sam,25,0.9449892736745327,1,0.0,12343
280120-29,cellpose_sam,26,0.9611497866606782,1,0.0,8608
280120-29,cellpose_sam,27,0.9570900824097756,1,0.0,13472
280120-29,cellpose_sam,28,0.9548312815516783,1,0.0,10781
280120-29,cellpose_sam,29,0.9556448166823348,1,0.0,11182
280120-29,cellpose_sam,30,0.9331140350877193,1,0.0,8581
280120-29,cellpose_sam,31,0.9545542075871365,1,0.0,5013
280120-29,cellpose_sam,32,0.9079204057744831,1,0.0,7001
280120-29,cellpose_sam,33,0.9471264367816092,1,0.0,11548
280120-29,cellpose_sam,34,0.9351125938281901,1,0.024456521739130436,5890
280120-29,cellpose_sam,35,0.9457119192831865,1,0.0,12560
280120-29,cellpose_sam,36,0.9060751791147316,1,0.0,9232
280120-29,cellpose_sam,37,0.961963952765693,1,0.0,7753
280120-29,cellpose_sam,38,0.9461302420729628,1,0.0,13876
280120-29,cellpose_sam,39,0.9429737753587333,1,0.0,15246
280120-29,cellpose_sam,40,0.9431658355708988,1,0.0,14753
280120-29,cellpose_sam,41,0.933929601846509,1,0.0,12952
280120-29,cellpose_sam,42,0.9258705227291615,1,0.00398406374501992,11155
280120-29,cellpose_sam,43,0.921256038647343,1,0.0,7647
280120-29,cellpose_sam,44,0.9587751226459883,1,0.0,12233
280120-29,cellpose_sam,45,0.9681690296243173,1,0.0,17586
280120-29,cellpose_sam,46,0.9569189506328053,1,0.0,11419
280120-29,cellpose_sam,47,0.9466393022062596,1,0.0,12915
280120-29,cellpose_sam,48,0.9516645637193051,1,0.0,9930
280120-29,cellpose_sam,49,0.9484012625223,1,0.0,6936
280120-29,cellpose_sam,50,0.9578666666666666,1,0.0,14368
280120-29,cellpose_sam,51,0.9568973439941182,1,0.012396694214876033,10428
280120-29,cellpose_sam,52,0.9510773966578716,1,0.0,8653
280120-29,cellpose_sam,53,0.962224212325979,1,0.0,11839
280120-29,cellpose_sam,54,0.9200070169283396,1,0.0,10489
280120-29,cellpose_sam,55,0.9602201409674617,1,0.0,9949
280120-29,cellpose_sam,56,0.9348896076501195,1,0.1392857142857143,13297
280120-29,cellpose_sam,57,0.9382057896245343,1,0.0,16367
280120-29,cellpose_sam,58,0.9507042253521126,1,0.0,10970
280120-29,cellpose_sam,59,0.9496560586590067,1,0.0,12564
280120-29,cellpose_sam,60,0.9443502225991096,1,0.0,8913
280120-29,cellpose_sam,61,0.9618609238862403,1,0.005859375,11750
280120-29,cellpose_sam,62,0.9621086219504088,1,0.0,14476
280120-29,cellpose_sam,63,0.6163772791532244,1,0.0,17004
280120-29,cellpose_sam,64,0.9463776875917451,1,0.0,10966
280120-29,cellpose_sam,65,0.9491271820448878,1,0.0,7616
280120-29,cellpose_sam,66,0.9462936732766761,1,0.07766990291262135,8055
280120-29,cellpose_sam,67,0.9462489441756892,1,0.003968253968253968,12325
280120-29,cellpose_sam,68,0.9599758994663453,1,0.02217741935483871,11164
280120-29,cellpose_sam,69,0.949752090579442,1,0.0,12834
280120-29,cellpose_sam,70,0.9602459602459602,1,0.0,6770
280120-29,cellpose_sam,71,0.7427810400145287,1,0.0,16000
280120-29,cellpose_sam,72,0.9274572164167803,1,0.0,12248
280120-29,cellpose_sam,73,0.932972241029113,1,0.0,9649
280120-29,cellpose_sam,74,0.9639787466791686,1,0.016917293233082706,12338
280120-29,cellpose_sam,75,0.9363850996852047,1,0.0,14894
280120-29,cellpose_sam,76,0.9483689781810326,1,0.006666666666666667,8845
280120-29,cellpose_sam,77,0.9364210526315789,1,0.020599250936329586,8940
280120-29,cellpose_sam,78,0.8969246807401616,1,0.0,6884
280120-29,cellpose_sam,79,0.9303646144650328,1,0.16230366492146597,6363
280120-29,cellpose_sam,80,0.9536319866024702,1,0.0,9117
280120-29,cellpose_sam,81,0.926490984743412,1,0.0,11356
280120-29,cellpose_sam,82,0.9323977070567305,1,0.03731343283582089,14365
280120-29,cellpose_sam,83,0.8974862935760836,1,0.0,8676
280120-29,cellpose_sam,84,0.9514889529298751,1,0.0,15848
280120-29,cellpose_sam,85,0.9359948562076221,1,0.0,16585
280120-29,cellpose_sam,86,0.9406016970943687,1,0.0531496062992126,11108
280120-29,cellpose_sam,87,0.9329481418075469,1,0.043233082706766915,13079
280120-29,cellpose_sam,88,0.9669475902027916,1,0.009157509157509158,14719
280120-29,cellpose_sam,89,0.9257774538386784,1,0.026570048309178744,7717
280120-29,cellpose_sam,90,0.907209136331192,1,0.01779935275080906,12710
280120-29,cellpose_sam,91,0.9477356036419534,1,0.0,8052
280120-29,cellpose_sam,92,0.8946939725389806,1,0.0,7926
280120-29,cellpose_sam,93,0.0,0,0.0,4338
280120-29,cellpose_sam,94,0.957593952715381,1,0.01746031746031746,17946
280120-29,cellpose_sam,95,0.9582997906939301,1,0.0,11908
280120-29,cellpose_sam,96,0.9546366301496683,1,0.09195402298850575,6230
280120-29,cellpose_sam,97,0.9442098914354644,1,0.0,6273
280120-29,cellpose_sam,98,0.9538212697128993,1,0.0,11805
280120-29,cellpose_sam,99,0.9474564926372155,1,0.039711191335740074,11451
280120-29,cellpose_sam,100,0.9005461037597143,1,0.0,8575
280120-29,cellpose_sam,101,0.9318832891246684,1,0.0,8783
280120-29,cellpose_sam,102,0.9638375654579587,1,0.0,9827
280120-29,cellpose_sam,103,0.5035867378182136,1,0.0,22348
280120-29,cellpose_sam,104,0.8821204570839419,1,0.17748091603053434,10267
280120-29,cellpose_sam,105,0.9287795992714025,1,0.06584362139917696,10361
280120-29,cellpose_sam,106,0.9275079643716273,1,0.08333333333333333,14271
280120-29,cellpose_sam,107,0.9374938863347354,1,0.0,9593
280120-29,cellpose_sam,108,0.5636105188343994,1,0.0,21713
280120-29,cellpose_sam,109,0.9243391803411204,1,0.11044176706827309,11900
280120-29,cellpose_sam,110,0.5725962383547196,1,0.1569767441860465,13030
280120-29,cellpose_sam,111,0.9433090456726497,1,0.06628242074927954,5390
280120-29,cellpose_sam,112,0.9290528030807969,1,0.153713298791019,12876
280120-29,cellpose_sam,113,0.9324469645126601,1,0.024691358024691357,9571
280120-29,cellpose_sam,114,0.9457195510135701,1,0.0,16960
280120-29,cellpose_sam,115,0.5873231158732312,1,0.0,21448
280120-29,cellpose_sam,116,0.9602860620815581,1,0.020761245674740483,12645
280120-29,cellpose_sam,117,0.9446653412856196,1,0.14583333333333334,8626
280120-29,cellpose_sam,118,0.931581720005268,1,0.0,14164
280120-29,cellpose_sam,119,0.9108545034642033,1,0.02570093457943925,7888
280120-29,cellpose_sam,120,0.9340755631153034,1,0.0,18144
280120-29,cellpose_sam,121,0.9010889292196007,1,0.14772727272727273,5969
280120-29,cellpose_sam,122,0.9193199381761978,1,0.0,9371
280120-29,cellpose_sam,123,0.536568397251935,1,0.0,22256
280120-29,cellpose_sam,124,0.9227096389137571,1,0.0,9287
280120-29,cellpose_sam,125,0.9331406308910394,1,0.0,15075
280120-29,cellpose_sam,126,0.9416793051151248,1,0.08354430379746836,6910
280120-29,cellpose_sam,127,0.8297581903276131,1,0.0,8510
280120-29,cellpose_sam,128,0.9305567147984308,1,0.1310483870967742,11178
280120-29,cellpose_sam,129,0.9323644494130799,1,0.044444444444444446,8344
280120-29,cellpose_sam,130,0.7336407553798858,1,0.07614213197969544,6697
280120-29,cellpose_sam,131,0.3645192476709439,0,0.1728395061728395,8295
280120-29,cellpose_sam,132,0.7296703296703296,1,0.0,9960
280120-29,cellpose_sam,133,0.9183154977288475,1,0.056856187290969896,11928
280120-29,cellpose_sam,134,0.8944207671445177,1,0.19573643410852712,9488
280120-29,cellpose_sam,135,0.9640149492792311,1,0.0,9088
280120-29,cellpose_sam,136,0.9239833309383532,1,0.03666666666666667,13197
280120-29,cellpose_sam,137,0.9304235090751944,1,0.0,11174
280120-29,cellpose_sam,138,0.7945148266740916,1,0.08131487889273356,13696
280120-29,cellpose_sam,139,0.8032719415577735,1,0.005190311418685121,9501
280120-29,cellpose_sam,140,0.8847636983230204,1,0.07352941176470588,10774
280120-29,cellpose_sam,141,0.20150678051230536,0,0.32386363636363635,4015
280120-29,cellpose_sam,142,0.9315742397137746,1,0.05,12512
280120-29,cellpose_sam,143,0.24552263106479974,0,0.0,11376
280120-29,cellpose_sam,144,0.9095363508299137,1,0.2893401015228426,15311
280120-29,cellpose_sam,145,0.6240016074747576,1,0.25925925925925924,12422
280120-30,original,1,0.8962429775280899,1,0.0,5695
280120-30,original,2,0.9690118885207561,1,0.0,10240
280120-30,original,3,0.975377107364685,1,0.0,8945
280120-30,original,4,0.9620816190370288,1,0.0,8715
280120-30,original,5,0.9733844468784227,1,0.0,9045
280120-30,original,6,0.9780748663101604,1,0.0,11133
280120-30,original,7,0.0,0,0.0,8946
280120-30,original,8,0.9777486910994765,1,0.0,13650
280120-30,original,9,0.9601109954908081,1,0.0,8458
280120-30,original,10,0.0,0,0.0,10903
280120-30,original,11,0.9693537641572285,1,0.0,7416
280120-30,original,12,0.9755616870319275,1,0.0,12485
280120-30,original,13,0.9628320371679628,1,0.0,9849
280120-30,original,14,0.9773603082851637,1,0.0,10230
280120-30,original,15,0.9685543152736183,1,0.0,7283
280120-30,original,16,0.9636874648679034,1,0.0,8770
280120-30,original,17,0.0,0,0.0,10320
280120-30,original,18,0.9655256923453966,1,0.0,12040
280120-30,original,19,0.9763369274187712,1,0.0,13600
280120-30,original,20,0.9698623018965965,1,0.0,11466
280120-30,original,21,0.0,0,0.0,11570
280120-30,original,22,0.9468851532702359,1,0.0,7026
280120-30,original,23,0.981518940787054,1,0.0,10780
280120-30,original,24,0.7384527384527384,1,0.0,6918
280120-30,original,25,0.9538913362701908,1,0.0,13513
280120-30,original,26,0.9407244785949506,1,0.0,9822
280120-30,original,27,0.9728738295202239,1,0.0,10216
280120-30,original,28,0.9656820898070685,1,0.0,5809
280120-30,original,29,0.7333661296273521,1,0.0,8044
280120-30,original,30,0.9601762689733965,1,0.0,6060
280120-30,original,31,0.9673424378658071,1,0.0,11561
280120-30,original,32,0.9695945945945946,1,0.0,12325
280120-30,original,33,0.9726141655661361,1,0.0,14203
280120-30,original,34,0.9631475137548012,1,0.0,9536
280120-30,original,35,0.974402884182064,1,0.0,10927
280120-30,original,36,0.9718524458700882,1,0.0,12342
280120-30,original,37,0.0,0,0.0,9331
280120-30,original,38,0.978200155159038,1,0.0,12746
280120-30,original,39,0.9398423286840509,1,0.0,8218
280120-30,original,40,0.9684990735021618,1,0.0,12687
280120-30,original,41,0.0,0,0.0,8267
280120-30,original,42,0.9574074074074074,1,0.0,8045
280120-30,original,43,0.9840269545142571,1,0.0,15919
280120-30,original,44,0.9809927033600576,1,0.0,11022
280120-30,original,45,0.9754201680672269,1,0.0,9459
280120-30,original,46,0.9696742792961438,1,0.0,15781
280120-30,original,47,0.0,0,0.0,11821
280120-30,original,48,0.74917027054209,1,0.0,9854
280120-30,original,49,0.973870300103484,1,0.0,11489
280120-30,original,50,0.9342622766602989,1,0.0,8535
280120-30,original,51,0.7351685872812633,1,0.0,9327
280120-30,original,52,0.9530325872666126,1,0.0,8577
280120-30,original,53,0.936046511627907,1,0.0,9514
280120-30,original,54,0.9784455298364834,1,0.0,9344
280120-30,original,55,0.9653875094055681,1,0.0,10362
280120-30,original,56,0.0,0,0.0,8282
280120-30,original,57,0.0,0,0.0,10364
280120-30,original,58,0.9191939148473772,1,0.0,9538
280120-30,original,59,0.0,0,0.0,9709
280120-30,original,60,0.0,0,0.0,11548
280120-30,original,61,0.0,0,0.11220472440944881,12249
280120-30,original,62,0.9653842535979682,1,0.0,10571
280120-30,original,63,0.0,0,0.0,8310
280120-30,original,64,0.0,0,0.0,9094
280120-30,original,65,0.7925583188741083,1,0.0,10118
280120-30,original,66,0.0,0,0.18872549019607843,8289
280120-30,original,67,0.9564251537935748,1,0.0,11353
280120-30,original,68,0.6108517146997263,1,0.0,7845
280120-30,original,69,0.9591259389327871,1,0.0,10192
280120-30,original,70,0.9498347597661215,1,0.0,11399
280120-30,original,71,0.9685307470078415,1,0.0,9581
280120-30,original,72,0.6565621770582156,1,0.0,10641
280120-30,original,73,0.8821812392198487,1,0.0,7477
280120-30,original,74,0.9791271347248577,1,0.0,10475
280120-30,original,75,0.9802590993214065,1,0.0,14423
280120-30,original,76,0.0,0,0.0,4000
280120-30,original,77,0.0,0,0.0,10900
280120-30,original,78,0.9754218040233614,1,0.0,12234
280120-30,original,79,0.0,0,0.003676470588235294,13858
280120-30,original,80,0.0,0,0.04831932773109244,8774
280120-30,original,81,0.0,0,0.0,4086
280120-30,original,82,0.9399583652897995,1,0.0,9071
280120-30,original,83,0.0,0,0.0,10434
280120-30,original,84,0.7290028310789557,1,0.0,9536
280120-30,original,85,0.0,0,0.0,11123
280120-30,original,86,0.0,0,0.05730129390018484,9652
280120-30,original,87,0.0,0,0.0,10577
280120-30,original,88,0.8853092783505154,1,0.0,8452
280120-30,original,89,0.9674285083360936,1,0.0,8921
280120-30,original,90,0.0,0,0.009111617312072893,8680
280120-30,original,91,0.0,0,0.0,5386
280120-30,original,92,0.0,0,0.00408997955010225,9954
280120-30,original,93,0.0,0,0.0,9416
280120-30,original,94,0.876610109265346,1,0.0,11228
280120-30,original,95,0.963356904914967,1,0.0,17017
280120-30,original,96,0.8085029069767442,1,0.0,11299
280120-30,original,97,0.0,0,0.0,10428
280120-30,original,98,0.8207405698465797,1,0.0,8606
280120-30,original,99,0.4881461101680033,0,0.1848906560636183,8672
280120-30,original,100,0.0,0,0.0,9340
280120-30,original,101,0.4549359103415878,0,0.25757575757575757,6960
280120-30,original,102,0.0,0,0.13286713286713286,5376
280120-30,original,103,0.0,0,0.0,8977
280120-30,original,104,0.9519745222929936,1,0.0,7728
280120-30,original,105,0.4626755962103888,0,0.26666666666666666,5855
280120-30,original,106,0.0,0,0.0,11396
280120-30,original,107,0.5095004095004095,1,0.23958333333333334,6377
280120-30,original,108,0.0,0,0.0,8887
280120-30,original,109,0.7566674533868303,1,0.0,8451
280120-30,original,110,0.8370676778122487,1,0.0,8593
280120-30,original,111,0.0,0,0.0,6235
280120-30,original,112,0.0,0,0.0,5730
280120-30,original,113,0.0,0,0.06595744680851064,8797
280120-30,original,114,0.5046080327682331,1,0.0,4607
280120-30,original,115,0.9601162712093558,1,0.0,14642
280120-30,original,116,0.9332164255443519,1,0.0,6715
280120-30,original,117,0.8220801006500315,1,0.0,8071
280120-30,original,118,0.35627562917102196,0,0.0,4703
280120-30,original,119,0.935269661623744,1,0.0,17126
280120-30,original,120,0.9010491177873152,1,0.0,8339
280120-30,original,121,0.350396878783802,0,0.0,5371
280120-30,original,122,0.0,0,0.0,9270
280120-30,original,123,0.0,0,0.04291044776119403,10013
280120-30,original,124,0.48438978240302744,0,0.2026726057906459,8354
280120-30,original,125,0.0,0,0.0,8381
280120-30,original,126,0.0,0,0.0,9845
280120-30,original,127,0.4687782805429864,0,0.21041666666666667,9625
280120-30,original,128,0.0,0,0.0,9087
280120-30,original,129,0.0,0,0.175,8889
280120-30,original,130,0.0,0,0.0,4560
280120-30,original,131,0.0,0,0.0,14642
280120-30,original,132,0.3224658774823727,0,0.0,5740
280120-30,original,133,0.0,0,0.0,6998
280120-30,fix_A_labels,1,0.8962429775280899,1,0.0,5695
280120-30,fix_A_labels,2,0.5043401931142105,1,0.0,10240
280120-30,fix_A_labels,3,0.975377107364685,1,0.0,8945
280120-30,fix_A_labels,4,0.9620816190370288,1,0.0,8715
280120-30,fix_A_labels,5,0.6556962025316456,1,0.0,9045
280120-30,fix_A_labels,6,0.9780748663101604,1,0.0,11133
280120-30,fix_A_labels,7,0.9749503420878394,1,0.0,8946
280120-30,fix_A_labels,8,0.49573397506016187,0,0.0,13650
280120-30,fix_A_labels,9,0.9601109954908081,1,0.0,8458
280120-30,fix_A_labels,10,0.0,0,0.0,10903
280120-30,fix_A_labels,11,0.9693537641572285,1,0.0,7416
280120-30,fix_A_labels,12,0.6807905138339921,1,0.0,12485
280120-30,fix_A_labels,13,0.9628320371679628,1,0.0,9849
280120-30,fix_A_labels,14,0.5741691696541033,1,0.0,10230
280120-30,fix_A_labels,15,0.9685543152736183,1,0.0,7283
280120-30,fix_A_labels,16,0.5907965796579658,1,0.0,8770
280120-30,fix_A_labels,17,0.9628848182602858,1,0.0,10320
280120-30,fix_A_labels,18,0.9655256923453966,1,0.0,12040
280120-30,fix_A_labels,19,0.6605823554976097,1,0.0,13600
280120-30,fix_A_labels,20,0.9698623018965965,1,0.0,11466
280120-30,fix_A_labels,21,0.9165129521212607,1,0.0,11570
280120-30,fix_A_labels,22,0.9468851532702359,1,0.0,7026
280120-30,fix_A_labels,23,0.981518940787054,1,0.0,10780
280120-30,fix_A_labels,24,0.7384527384527384,1,0.0,6918
280120-30,fix_A_labels,25,0.6416605437178545,1,0.0,13513
280120-30,fix_A_labels,26,0.9407244785949506,1,0.0,9822
280120-30,fix_A_labels,27,0.9728738295202239,1,0.0,10216
280120-30,fix_A_labels,28,0.9656820898070685,1,0.0,5809
280120-30,fix_A_labels,29,0.7333661296273521,1,0.0,8044
280120-30,fix_A_labels,30,0.9601762689733965,1,0.0,6060
280120-30,fix_A_labels,31,0.9673424378658071,1,0.0,11561
280120-30,fix_A_labels,32,0.4612656187021362,0,0.0,12325
280120-30,fix_A_labels,33,0.9726141655661361,1,0.0,14203
280120-30,fix_A_labels,34,0.9631475137548012,1,0.0,9536
280120-30,fix_A_labels,35,0.974402884182064,1,0.0,10927
280120-30,fix_A_labels,36,0.0,0,0.0,12342
280120-30,fix_A_labels,37,0.8288753159224936,1,0.0,9331
280120-30,fix_A_labels,38,0.978200155159038,1,0.0,12746
280120-30,fix_A_labels,39,0.9398423286840509,1,0.0,8218
280120-30,fix_A_labels,40,0.9684990735021618,1,0.0,12687
280120-30,fix_A_labels,41,0.9416795343865068,1,0.0,8267
280120-30,fix_A_labels,42,0.9574074074074074,1,0.0,8045
280120-30,fix_A_labels,43,0.9840269545142571,1,0.0,15919
280120-30,fix_A_labels,44,0.6769523120079631,1,0.0,11022
280120-30,fix_A_labels,45,0.9754201680672269,1,0.0,9459
280120-30,fix_A_labels,46,0.9696742792961438,1,0.0,15781
280120-30,fix_A_labels,47,0.9743740055271752,1,0.0,11821
280120-30,fix_A_labels,48,0.74917027054209,1,0.0,9854
280120-30,fix_A_labels,49,0.46343367745293657,0,0.0,11489
280120-30,fix_A_labels,50,0.9342622766602989,1,0.0,8535
280120-30,fix_A_labels,51,0.7351685872812633,1,0.0,9327
280120-30,fix_A_labels,52,0.9530325872666126,1,0.0,8577
280120-30,fix_A_labels,53,0.0,0,0.0,9514
280120-30,fix_A_labels,54,0.0,0,0.0,9344
280120-30,fix_A_labels,55,0.9653875094055681,1,0.0,10362
280120-30,fix_A_labels,56,0.9583932853717027,1,0.0,8282
280120-30,fix_A_labels,57,0.7275750665146332,1,0.0,10364
280120-30,fix_A_labels,58,0.0,0,0.0,9538
280120-30,fix_A_labels,59,0.7725904839365596,1,0.0,9709
280120-30,fix_A_labels,60,0.9401985111662531,1,0.0,11548
280120-30,fix_A_labels,61,0.6303535274879303,1,0.11220472440944881,12249
280120-30,fix_A_labels,62,0.9653842535979682,1,0.0,10571
280120-30,fix_A_labels,63,0.949288878526463,1,0.0,8310
280120-30,fix_A_labels,64,0.9319939836699613,1,0.0,9094
280120-30,fix_A_labels,65,0.7925583188741083,1,0.0,10118
280120-30,fix_A_labels,66,0.6003267488489529,1,0.18872549019607843,8289
280120-30,fix_A_labels,67,0.5335246543177667,1,0.0,11353
280120-30,fix_A_labels,68,0.9535059060065343,1,0.0,7845
280120-30,fix_A_labels,69,0.5613811992565783,1,0.0,10192
280120-30,fix_A_labels,70,0.5404233613874012,1,0.0,11399
280120-30,fix_A_labels,71,0.9685307470078415,1,0.0,9581
280120-30,fix_A_labels,72,0.6565621770582156,1,0.0,10641
280120-30,fix_A_labels,73,0.8821812392198487,1,0.0,7477
280120-30,fix_A_labels,74,0.0,0,0.0,10475
280120-30,fix_A_labels,75,0.9802590993214065,1,0.0,14423
280120-30,fix_A_labels,76,0.0,0,0.0,4000
280120-30,fix_A_labels,77,0.9730734360834089,1,0.0,10900
280120-30,fix_A_labels,78,0.9754218040233614,1,0.0,12234
280120-30,fix_A_labels,79,0.9517962391243334,1,0.003676470588235294,13858
280120-30,fix_A_labels,80,0.6204601360150485,1,0.04831932773109244,8774
280120-30,fix_A_labels,81,0.0,0,0.0,4086
280120-30,fix_A_labels,82,0.6041026766125493,1,0.0,9071
280120-30,fix_A_labels,83,0.960337552742616,1,0.0,10434
280120-30,fix_A_labels,84,0.7290028310789557,1,0.0,9536
280120-30,fix_A_labels,85,0.9750200017779358,1,0.0,11123
280120-30,fix_A_labels,86,0.0,0,0.05730129390018484,9652
280120-30,fix_A_labels,87,0.0,0,0.0,10577
280120-30,fix_A_labels,88,0.8853092783505154,1,0.0,8452
280120-30,fix_A_labels,89,0.9674285083360936,1,0.0,8921
280120-30,fix_A_labels,90,0.0,0,0.009111617312072893,8680
280120-30,fix_A_labels,91,0.8858931988171856,1,0.0,5386
280120-30,fix_A_labels,92,0.88784767221613,1,0.00408997955010225,9954
280120-30,fix_A_labels,93,0.0,0,0.0,9416
280120-30,fix_A_labels,94,0.876610109265346,1,0.0,11228
280120-30,fix_A_labels,95,0.5435966504655384,1,0.0,17017
280120-30,fix_A_labels,96,0.9423972892842016,1,0.0,11299
280120-30,fix_A_labels,97,0.9044789356984478,1,0.0,10428
280120-30,fix_A_labels,98,0.8207405698465797,1,0.0,8606
280120-30,fix_A_labels,99,0.9055091442763603,1,0.1848906560636183,8672
280120-30,fix_A_labels,100,0.9326647564469914,1,0.0,9340
280120-30,fix_A_labels,101,0.4549359103415878,0,0.25757575757575757,6960
280120-30,fix_A_labels,102,0.6149348276282129,1,0.13286713286713286,5376
280120-30,fix_A_labels,103,0.17955377169165387,0,0.0,8977
280120-30,fix_A_labels,104,0.9519745222929936,1,0.0,7728
280120-30,fix_A_labels,105,0.4626755962103888,0,0.26666666666666666,5855
280120-30,fix_A_labels,106,0.9545139490556229,1,0.0,11396
280120-30,fix_A_labels,107,0.5095004095004095,1,0.23958333333333334,6377
280120-30,fix_A_labels,108,0.9397275204359673,1,0.0,8887
280120-30,fix_A_labels,109,0.7566674533868303,1,0.0,8451
280120-30,fix_A_labels,110,0.8370676778122487,1,0.0,8593
280120-30,fix_A_labels,111,0.0,0,0.0,6235
280120-30,fix_A_labels,112,0.0,0,0.0,5730
280120-30,fix_A_labels,113,0.0,0,0.06595744680851064,8797
280120-30,fix_A_labels,114,0.5046080327682331,1,0.0,4607
280120-30,fix_A_labels,115,0.9601162712093558,1,0.0,14642
280120-30,fix_A_labels,116,0.9332164255443519,1,0.0,6715
280120-30,fix_A_labels,117,0.0,0,0.0,8071
280120-30,fix_A_labels,118,0.00048394902403613486,0,0.0,4703
280120-30,fix_A_labels,119,0.4631732168850073,0,0.0,17126
280120-30,fix_A_labels,120,0.9010491177873152,1,0.0,8339
280120-30,fix_A_labels,121,0.350396878783802,0,0.0,5371
280120-30,fix_A_labels,122,0.0,0,0.0,9270
280120-30,fix_A_labels,123,0.18031558973334666,0,0.04291044776119403,10013
280120-30,fix_A_labels,124,0.8718038939713817,1,0.2026726057906459,8354
280120-30,fix_A_labels,125,0.0,0,0.0,8381
280120-30,fix_A_labels,126,0.6054765469061876,1,0.0,9845
280120-30,fix_A_labels,127,0.4687782805429864,0,0.21041666666666667,9625
280120-30,fix_A_labels,128,0.0,0,0.0,9087
280120-30,fix_A_labels,129,0.2996538168162882,0,0.175,8889
280120-30,fix_A_labels,130,0.0,0,0.0,4560
280120-30,fix_A_labels,131,0.0,0,0.0,14642
280120-30,fix_A_labels,132,0.3224658774823727,0,0.0,5740
280120-30,fix_A_labels,133,0.5010421008753647,1,0.0,6998
280120-30,fix_B_labels_local_seeds,1,0.8962429775280899,1,0.0,5695
280120-30,fix_B_labels_local_seeds,2,0.9691093354122003,1,0.0,10240
280120-30,fix_B_labels_local_seeds,3,0.975377107364685,1,0.0,8945
280120-30,fix_B_labels_local_seeds,4,0.9618422516408944,1,0.0,8715
280120-30,fix_B_labels_local_seeds,5,0.9755883962780515,1,0.0,9045
280120-30,fix_B_labels_local_seeds,6,0.9785204991087344,1,0.0,11133
280120-30,fix_B_labels_local_seeds,7,0.8623761273800244,1,0.0,8946
280120-30,fix_B_labels_local_seeds,8,0.9776032577079697,1,0.0,13650
280120-30,fix_B_labels_local_seeds,9,0.9594703511801957,1,0.0,8458
280120-30,fix_B_labels_local_seeds,10,0.0,0,0.0,10903
280120-30,fix_B_labels_local_seeds,11,0.9692205196535643,1,0.0,7416
280120-30,fix_B_labels_local_seeds,12,0.9754905823941997,1,0.0,12485
280120-30,fix_B_labels_local_seeds,13,0.962929292929293,1,0.0,9849
280120-30,fix_B_labels_local_seeds,14,0.9772661593295444,1,0.0,10230
280120-30,fix_B_labels_local_seeds,15,0.9682820582630003,1,0.0,7283
280120-30,fix_B_labels_local_seeds,16,0.9628921623749016,1,0.0,8770
280120-30,fix_B_labels_local_seeds,17,0.9628848182602858,1,0.0,10320
280120-30,fix_B_labels_local_seeds,18,0.9689293326774882,1,0.0,12040
280120-30,fix_B_labels_local_seeds,19,0.9763420633772247,1,0.0,13600
280120-30,fix_B_labels_local_seeds,20,0.9698623018965965,1,0.0,11466
280120-30,fix_B_labels_local_seeds,21,0.0,0,0.0,11570
280120-30,fix_B_labels_local_seeds,22,0.9472791519434629,1,0.0,7026
280120-30,fix_B_labels_local_seeds,23,0.981518940787054,1,0.0,10780
280120-30,fix_B_labels_local_seeds,24,0.7389380530973452,1,0.0,6918
280120-30,fix_B_labels_local_seeds,25,0.9558737151248164,1,0.0,13513
280120-30,fix_B_labels_local_seeds,26,0.9412234307953298,1,0.0,9822
280120-30,fix_B_labels_local_seeds,27,0.9222071897951295,1,0.0,10216
280120-30,fix_B_labels_local_seeds,28,0.9651698821922486,1,0.0,5809
280120-30,fix_B_labels_local_seeds,29,0.8028981947685129,1,0.0,8044
280120-30,fix_B_labels_local_seeds,30,0.960509138381201,1,0.0,6060
280120-30,fix_B_labels_local_seeds,31,0.9673396674584323,1,0.0,11561
280120-30,fix_B_labels_local_seeds,32,0.9695945945945946,1,0.0,12325
280120-30,fix_B_labels_local_seeds,33,0.9725484745291542,1,0.0,14203
280120-30,fix_B_labels_local_seeds,34,0.9630437039343922,1,0.0,9536
280120-30,fix_B_labels_local_seeds,35,0.7862037871956717,1,0.0,10927
280120-30,fix_B_labels_local_seeds,36,0.9721754470371261,1,0.0,12342
280120-30,fix_B_labels_local_seeds,37,0.0,0,0.0,9331
280120-30,fix_B_labels_local_seeds,38,0.977969125746645,1,0.0,12746
280120-30,fix_B_labels_local_seeds,39,0.9392432694639825,1,0.0,8218
280120-30,fix_B_labels_local_seeds,40,0.9686486486486486,1,0.0,12687
280120-30,fix_B_labels_local_seeds,41,0.9151882797298844,1,0.0,8267
280120-30,fix_B_labels_local_seeds,42,0.9574074074074074,1,0.0,8045
280120-30,fix_B_labels_local_seeds,43,0.9840269545142571,1,0.0,15919
280120-30,fix_B_labels_local_seeds,44,0.9822650342095787,1,0.0,11022
280120-30,fix_B_labels_local_seeds,45,0.9756251313301114,1,0.0,9459
280120-30,fix_B_labels_local_seeds,46,0.9694208686969545,1,0.0,15781
280120-30,fix_B_labels_local_seeds,47,0.9737877899673394,1,0.0,11821
280120-30,fix_B_labels_local_seeds,48,0.9722919385603855,1,0.0,9854
280120-30,fix_B_labels_local_seeds,49,0.9739565367368058,1,0.0,11489
280120-30,fix_B_labels_local_seeds,50,0.93361042462368,1,0.0,8535
280120-30,fix_B_labels_local_seeds,51,0.7497598975562907,1,0.0,9327
280120-30,fix_B_labels_local_seeds,52,0.9532536828674167,1,0.0,8577
280120-30,fix_B_labels_local_seeds,53,0.9365477145148356,1,0.0,9514
280120-30,fix_B_labels_local_seeds,54,0.9786646852775713,1,0.0,9344
280120-30,fix_B_labels_local_seeds,55,0.9659326181065312,1,0.0,10362
280120-30,fix_B_labels_local_seeds,56,0.9585131894484412,1,0.0,8282
280120-30,fix_B_labels_local_seeds,57,0.0,0,0.0,10364
280120-30,fix_B_labels_local_seeds,58,0.9210630310215372,1,0.0,9538
280120-30,fix_B_labels_local_seeds,59,0.9572856710087853,1,0.0,9709
280120-30,fix_B_labels_local_seeds,60,0.9402812241521918,1,0.0,11548
280120-30,fix_B_labels_local_seeds,61,0.0,0,0.11220472440944881,12249
280120-30,fix_B_labels_local_seeds,62,0.9653842535979682,1,0.0,10571
280120-30,fix_B_labels_local_seeds,63,0.949288878526463,1,0.0,8310
280120-30,fix_B_labels_local_seeds,64,0.0,0,0.0,9094
280120-30,fix_B_labels_local_seeds,65,0.8159213569776407,1,0.0,10118
280120-30,fix_B_labels_local_seeds,66,0.0,0,0.18872549019607843,8289
280120-30,fix_B_labels_local_seeds,67,0.9562542720437457,1,0.0,11353
280120-30,fix_B_labels_local_seeds,68,0.6098737637693977,1,0.0,7845
280120-30,fix_B_labels_local_seeds,69,0.9615946973389219,1,0.0,10192
280120-30,fix_B_labels_local_seeds,70,0.9498049855858911,1,0.0,11399
280120-30,fix_B_labels_local_seeds,71,0.9685307470078415,1,0.0,9581
280120-30,fix_B_labels_local_seeds,72,0.6738718566999655,1,0.0,10641
280120-30,fix_B_labels_local_seeds,73,0.8815178452965371,1,0.0,7477
280120-30,fix_B_labels_local_seeds,74,0.9792160956629021,1,0.0,10475
280120-30,fix_B_labels_local_seeds,75,0.9801247344253307,1,0.0,14423
280120-30,fix_B_labels_local_seeds,76,0.0,0,0.0,4000
280120-30,fix_B_labels_local_seeds,77,0.9730734360834089,1,0.0,10900
280120-30,fix_B_labels_local_seeds,78,0.9750973393900065,1,0.0,12234
280120-30,fix_B_labels_local_seeds,79,0.0,0,0.003676470588235294,13858
280120-30,fix_B_labels_local_seeds,80,0.8918412003751173,1,0.04831932773109244,8774
280120-30,fix_B_labels_local_seeds,81,0.0,0,0.0,4086
280120-30,fix_B_labels_local_seeds,82,0.9400679303166429,1,0.0,9071
280120-30,fix_B_labels_local_seeds,83,0.646918980600989,1,0.0,10434
280120-30,fix_B_labels_local_seeds,84,0.730775279131939,1,0.0,9536
280120-30,fix_B_labels_local_seeds,85,0.6641751201281367,1,0.0,11123
280120-30,fix_B_labels_local_seeds,86,0.0,0,0.05730129390018484,9652
280120-30,fix_B_labels_local_seeds,87,0.971737089201878,1,0.0,10577
280120-30,fix_B_labels_local_seeds,88,0.9011478097915203,1,0.0,8452
280120-30,fix_B_labels_local_seeds,89,0.9672113049238242,1,0.0,8921
280120-30,fix_B_labels_local_seeds,90,0.5877273773889017,1,0.009111617312072893,8680
280120-30,fix_B_labels_local_seeds,91,0.8984582668793195,1,0.0,5386
280120-30,fix_B_labels_local_seeds,92,0.8904054996512902,1,0.00408997955010225,9954
280120-30,fix_B_labels_local_seeds,93,0.0,0,0.0,9416
280120-30,fix_B_labels_local_seeds,94,0.8759772565742715,1,0.0,11228
280120-30,fix_B_labels_local_seeds,95,0.9621251972645976,1,0.0,17017
280120-30,fix_B_labels_local_seeds,96,0.8089732402559627,1,0.0,11299
280120-30,fix_B_labels_local_seeds,97,0.9044789356984478,1,0.0,10428
280120-30,fix_B_labels_local_seeds,98,0.8218941054331527,1,0.0,8606
280120-30,fix_B_labels_local_seeds,99,0.48820464789556867,0,0.1848906560636183,8672
280120-30,fix_B_labels_local_seeds,100,0.9329854716595049,1,0.0,9340
280120-30,fix_B_labels_local_seeds,101,0.4549359103415878,0,0.25757575757575757,6960
280120-30,fix_B_labels_local_seeds,102,0.0,0,0.13286713286713286,5376
280120-30,fix_B_labels_local_seeds,103,0.3645670657643588,0,0.0,8977
280120-30,fix_B_labels_local_seeds,104,0.9522232131481717,1,0.0,7728
280120-30,fix_B_labels_local_seeds,105,0.4627585643038182,0,0.26666666666666666,5855
280120-30,fix_B_labels_local_seeds,106,0.9545139490556229,1,0.0,11396
280120-30,fix_B_labels_local_seeds,107,0.510252624671916,1,0.23958333333333334,6377
280120-30,fix_B_labels_local_seeds,108,0.9397275204359673,1,0.0,8887
280120-30,fix_B_labels_local_seeds,109,0.7577581120943953,1,0.0,8451
280120-30,fix_B_labels_local_seeds,110,0.8207917461029495,1,0.0,8593
280120-30,fix_B_labels_local_seeds,111,0.0,0,0.0,6235
280120-30,fix_B_labels_local_seeds,112,0.0,0,0.0,5730
280120-30,fix_B_labels_local_seeds,113,0.0,0,0.06595744680851064,8797
280120-30,fix_B_labels_local_seeds,114,0.5016968325791855,1,0.0,4607
280120-30,fix_B_labels_local_seeds,115,0.9597242870658197,1,0.0,14642
280120-30,fix_B_labels_local_seeds,116,0.9327976625273923,1,0.0,6715
280120-30,fix_B_labels_local_seeds,117,0.849469352393329,1,0.0,8071
280120-30,fix_B_labels_local_seeds,118,0.3561500763236121,0,0.0,4703
280120-30,fix_B_labels_local_seeds,119,0.9353274050121261,1,0.0,17126
280120-30,fix_B_labels_local_seeds,120,0.900595947556615,1,0.0,8339
280120-30,fix_B_labels_local_seeds,121,0.3468273520207737,0,0.0,5371
280120-30,fix_B_labels_local_seeds,122,0.0,0,0.0,9270
280120-30,fix_B_labels_local_seeds,123,0.032197977647684936,0,0.04291044776119403,10013
280120-30,fix_B_labels_local_seeds,124,0.48436114231656124,0,0.2026726057906459,8354
280120-30,fix_B_labels_local_seeds,125,0.0,0,0.0,8381
280120-30,fix_B_labels_local_seeds,126,0.6009782070331847,1,0.0,9845
280120-30,fix_B_labels_local_seeds,127,0.4687782805429864,0,0.21041666666666667,9625
280120-30,fix_B_labels_local_seeds,128,0.0,0,0.0,9087
280120-30,fix_B_labels_local_seeds,129,0.0,0,0.175,8889
280120-30,fix_B_labels_local_seeds,130,0.0,0,0.0,4560
280120-30,fix_B_labels_local_seeds,131,0.0,0,0.0,14642
280120-30,fix_B_labels_local_seeds,132,0.3318461041060459,0,0.0,5740
280120-30,fix_B_labels_local_seeds,133,0.3914247086847357,0,0.0,6998
280120-30,cellpose_sam,1,0.9051043676547974,1,0.0,5695
280120-30,cellpose_sam,2,0.9600600037502344,1,0.0,10240
280120-30,cellpose_sam,3,0.9691157347204161,1,0.0,8945
280120-30,cellpose_sam,4,0.9399266609145815,1,0.0,8715
280120-30,cellpose_sam,5,0.9541139240506329,1,0.0,9045
280120-30,cellpose_sam,6,0.9550484687312345,1,0.0,11133
280120-30,cellpose_sam,7,0.9638801773548178,1,0.0,8946
280120-30,cellpose_sam,8,0.9630832215712571,1,0.0,13650
280120-30,cellpose_sam,9,0.9549508863046178,1,0.0,8458
280120-30,cellpose_sam,10,0.9560526315789474,1,0.0,10903
280120-30,cellpose_sam,11,0.9562749903263253,1,0.0,7416
280120-30,cellpose_sam,12,0.9547403890335426,1,0.0,12485
280120-30,cellpose_sam,13,0.9601990049751243,1,0.0,9849
280120-30,cellpose_sam,14,0.9488915685001391,1,0.0,10230
280120-30,cellpose_sam,15,0.9556372227326421,1,0.0,7283
280120-30,cellpose_sam,16,0.962401055408971,1,0.0,8770
280120-30,cellpose_sam,17,0.9473393989523021,1,0.0,10320
280120-30,cellpose_sam,18,0.9569088885355382,1,0.0,12040
280120-30,cellpose_sam,19,0.9508494721387122,1,0.0,13600
280120-30,cellpose_sam,20,0.9689824205544286,1,0.0,11466
280120-30,cellpose_sam,21,0.9492165066863566,1,0.0,11570
280120-30,cellpose_sam,22,0.9593651662334108,1,0.0,7026
280120-30,cellpose_sam,23,0.9655172413793104,1,0.0,10780
280120-30,cellpose_sam,24,0.965886664787144,1,0.0,6918
280120-30,cellpose_sam,25,0.9675012554702633,1,0.0,13513
280120-30,cellpose_sam,26,0.9694331783559205,1,0.0,9822
280120-30,cellpose_sam,27,0.9516534699580811,1,0.0,10216
280120-30,cellpose_sam,28,0.9513593187029151,1,0.0,5809
280120-30,cellpose_sam,29,0.9430246189917937,1,0.0,8044
280120-30,cellpose_sam,30,0.9577732089198165,1,0.0,6060
280120-30,cellpose_sam,31,0.9523848751956504,1,0.0,11561
280120-30,cellpose_sam,32,0.9693227405018485,1,0.0,12325
280120-30,cellpose_sam,33,0.962320412035782,1,0.0,14203
280120-30,cellpose_sam,34,0.9581990330378727,1,0.0,9536
280120-30,cellpose_sam,35,0.9397953040337146,1,0.0,10927
280120-30,cellpose_sam,36,0.9462546960055203,1,0.0,12342
280120-30,cellpose_sam,37,0.964696138316596,1,0.0,9331
280120-30,cellpose_sam,38,0.9595001505570612,1,0.0,12746
280120-30,cellpose_sam,39,0.9676199480028362,1,0.0,8218
280120-30,cellpose_sam,40,0.953766350924673,1,0.0,12687
280120-30,cellpose_sam,41,0.9391173752310537,1,0.0,8267
280120-30,cellpose_sam,42,0.95257854179016,1,0.0,8045
280120-30,cellpose_sam,43,0.959553948161543,1,0.0,15919
280120-30,cellpose_sam,44,0.9584347826086956,1,0.0,11022
280120-30,cellpose_sam,45,0.9652848682867061,1,0.0,9459
280120-30,cellpose_sam,46,0.9463103552991193,1,0.0,15781
280120-30,cellpose_sam,47,0.9674670163074653,1,0.0,11821
280120-30,cellpose_sam,48,0.9566061547422581,1,0.0,9854
280120-30,cellpose_sam,49,0.9583507219764628,1,0.0,11489
280120-30,cellpose_sam,50,0.9673900693103057,1,0.0,8535
280120-30,cellpose_sam,51,0.9579488255033557,1,0.0,9327
280120-30,cellpose_sam,52,0.9669561294688169,1,0.0,8577
280120-30,cellpose_sam,53,0.945443704660638,1,0.0,9514
280120-30,cellpose_sam,54,0.9668874172185431,1,0.0,9344
280120-30,cellpose_sam,55,0.9333453431814087,1,0.0,10362
280120-30,cellpose_sam,56,0.9498565691336776,1,0.0,8282
280120-30,cellpose_sam,57,0.9611488056510828,1,0.0,10364
280120-30,cellpose_sam,58,0.9643001618122977,1,0.0,9538
280120-30,cellpose_sam,59,0.9647257551669316,1,0.0,9709
280120-30,cellpose_sam,60,0.9396257119609439,1,0.0,11548
280120-30,cellpose_sam,61,0.9478328173374613,1,0.11220472440944881,12249
280120-30,cellpose_sam,62,0.9706179414195207,1,0.0,10571
280120-30,cellpose_sam,63,0.9233248138682075,1,0.0,8310
280120-30,cellpose_sam,64,0.9392687461268333,1,0.0,9094
280120-30,cellpose_sam,65,0.9652583966894428,1,0.0,10118
280120-30,cellpose_sam,66,0.952977696022074,1,0.18872549019607843,8289
280120-30,cellpose_sam,67,0.9533770161290323,1,0.0,11353
280120-30,cellpose_sam,68,0.9630632849051958,1,0.0,7845
280120-30,cellpose_sam,69,0.96139881521116,1,0.0,10192
280120-30,cellpose_sam,70,0.9637134378974141,1,0.0,11399
280120-30,cellpose_sam,71,0.9588063900331558,1,0.0,9581
280120-30,cellpose_sam,72,0.9441043385680064,1,0.0,10641
280120-30,cellpose_sam,73,0.9304380288700846,1,0.0,7477
280120-30,cellpose_sam,74,0.966943674976916,1,0.0,10475
280120-30,cellpose_sam,75,0.9623673850670581,1,0.0,14423
280120-30,cellpose_sam,76,0.85975,1,0.0,4000
280120-30,cellpose_sam,77,0.9601797198484715,1,0.0,10900
280120-30,cellpose_sam,78,0.9643790073616718,1,0.0,12234
280120-30,cellpose_sam,79,0.9469401709401709,1,0.003676470588235294,13858
280120-30,cellpose_sam,80,0.9618597493954716,1,0.04831932773109244,8774
280120-30,cellpose_sam,81,0.9313440077632217,1,0.0,4086
280120-30,cellpose_sam,82,0.9539880629408573,1,0.0,9071
280120-30,cellpose_sam,83,0.9552826903692844,1,0.0,10434
280120-30,cellpose_sam,84,0.9613086194672339,1,0.0,9536
280120-30,cellpose_sam,85,0.9550880206097038,1,0.0,11123
280120-30,cellpose_sam,86,0.9238369304556355,1,0.05730129390018484,9652
280120-30,cellpose_sam,87,0.9424396328967299,1,0.0,10577
280120-30,cellpose_sam,88,0.5261397837476313,1,0.0,8452
280120-30,cellpose_sam,89,0.9440093141405589,1,0.0,8921
280120-30,cellpose_sam,90,0.00011072970878086591,0,0.009111617312072893,8680
280120-30,cellpose_sam,91,0.9561044961791363,1,0.0,5386
280120-30,cellpose_sam,92,0.9487695106770085,1,0.00408997955010225,9954
280120-30,cellpose_sam,93,0.9760410127641767,1,0.0,9416
280120-30,cellpose_sam,94,0.96771408839779,1,0.0,11228
280120-30,cellpose_sam,95,0.5665740419127012,1,0.0,17017
280120-30,cellpose_sam,96,0.9650666211137684,1,0.0,11299
280120-30,cellpose_sam,97,0.9612724757952974,1,0.0,10428
280120-30,cellpose_sam,98,0.9626252392209839,1,0.0,8606
280120-30,cellpose_sam,99,0.9222825508357287,1,0.1848906560636183,8672
280120-30,cellpose_sam,100,0.9430770789020562,1,0.0,9340
280120-30,cellpose_sam,101,0.9511257550796266,1,0.25757575757575757,6960
280120-30,cellpose_sam,102,0.9391783745331673,1,0.13286713286713286,5376
280120-30,cellpose_sam,103,0.9422511549769005,1,0.0,8977
280120-30,cellpose_sam,104,0.9514370664023786,1,0.0,7728
280120-30,cellpose_sam,105,0.9570757880617036,1,0.26666666666666666,5855
280120-30,cellpose_sam,106,0.9473860030065141,1,0.0,11396
280120-30,cellpose_sam,107,0.9565546472903421,1,0.23958333333333334,6377
280120-30,cellpose_sam,108,0.9567841362215757,1,0.0,8887
280120-30,cellpose_sam,109,0.9550918575640734,1,0.0,8451
280120-30,cellpose_sam,110,0.9511844144343591,1,0.0,8593
280120-30,cellpose_sam,111,0.0,0,0.0,6235
280120-30,cellpose_sam,112,0.9008005569091542,1,0.0,5730
280120-30,cellpose_sam,113,0.9453998280309545,1,0.06595744680851064,8797
280120-30,cellpose_sam,114,0.775768840824603,1,0.0,4607
280120-30,cellpose_sam,115,0.5240072323042925,1,0.0,14642
280120-30,cellpose_sam,116,0.9340395480225989,1,0.0,6715
280120-30,cellpose_sam,117,0.9506508875739645,1,0.0,8071
280120-30,cellpose_sam,118,0.9373983739837398,1,0.0,4703
280120-30,cellpose_sam,119,0.5035009182736455,1,0.0,17126
280120-30,cellpose_sam,120,0.9225597032228148,1,0.0,8339
280120-30,cellpose_sam,121,0.3299376427733531,0,0.0,5371
280120-30,cellpose_sam,122,0.9448521916411825,1,0.0,9270
280120-30,cellpose_sam,123,0.0006815203145478375,0,0.04291044776119403,10013
280120-30,cellpose_sam,124,0.9368859091434516,1,0.2026726057906459,8354
280120-30,cellpose_sam,125,0.7912575528700906,1,0.0,8381
280120-30,cellpose_sam,126,0.8969233784048599,1,0.0,9845
280120-30,cellpose_sam,127,0.9419933031317708,1,0.21041666666666667,9625
280120-30,cellpose_sam,128,0.9455817839983288,1,0.0,9087
280120-30,cellpose_sam,129,0.9556725916172921,1,0.175,8889
280120-30,cellpose_sam,130,0.0,0,0.0,4560
280120-30,cellpose_sam,131,0.9046648130985481,1,0.0,14642
280120-30,cellpose_sam,132,0.354978354978355,0,0.0,5740
280120-30,cellpose_sam,133,0.7156742377736853,1,0.0,6998
280120-31,original,1,0.8250382848392037,1,0.0,13060
280120-31,original,2,0.9755495978552279,1,0.0,9245
280120-31,original,3,0.9756207674943567,1,0.0,8760
280120-31,original,4,0.9731177652348608,1,0.0,10390
280120-31,original,5,0.0,0,0.0,10841
280120-31,original,6,0.9797513321492007,1,0.0,11172
280120-31,original,7,0.9743800681631214,1,0.0,8370
280120-31,original,8,0.9807578798252863,1,0.0,16752
280120-31,original,9,0.9774144977414497,1,0.0,9213
280120-31,original,10,0.0,0,0.008403361344537815,11393
280120-31,original,11,0.9664696290256828,1,0.0,9706
280120-31,original,12,0.5990071704357418,1,0.0,12552
280120-31,original,13,0.0,0,0.0,12045
280120-31,original,14,0.0,0,0.0,10153
280120-31,original,15,0.975570556091289,1,0.0,9232
280120-31,original,16,0.9745164261590421,1,0.0,12805
280120-31,original,17,0.0,0,0.0,9336
280120-31,original,18,0.9796960716312504,1,0.0,15671
280120-31,original,19,0.9718076285240465,1,0.0,12406
280120-31,original,20,0.9630334006894092,1,0.0,8313
280120-31,original,21,0.968959387392315,1,0.0,7268
280120-31,original,22,0.9670515781370285,1,0.0,6426
280120-31,original,23,0.6017812665106801,1,0.0,8132
280120-31,original,24,0.9711450101084359,1,0.0,10683
280120-31,original,25,0.9762856381561418,1,0.0,11087
280120-31,original,26,0.0,0,0.0,8992
280120-31,original,27,0.8330308529945554,1,0.0,10267
280120-31,original,28,0.9723238996518168,1,0.0,11001
280120-31,original,29,0.9740120452107912,1,0.0,11907
280120-31,original,30,0.9761956759117711,1,0.0,13512
280120-31,original,31,0.815336304700162,1,0.0,9756
280120-31,original,32,0.0,0,0.0,9407
280120-31,original,33,0.9725075824283338,1,0.0,10064
280120-31,original,34,0.8677644710578842,1,0.0,5967
280120-31,original,35,0.9651650970157721,1,0.0,8679
280120-31,original,36,0.958640028040659,1,0.0,5622
280120-31,original,37,0.9454140363906424,1,0.0,5326
280120-31,original,38,0.0,0,0.0,7070
280120-31,original,39,0.9650912388076618,1,0.0,8695
280120-31,original,40,0.6399415578485983,1,0.0,10829
280120-31,original,41,0.0,0,0.0,8598
280120-31,original,42,0.8004673503829677,1,0.0,7630
280120-31,original,43,0.9695740365111561,1,0.0,6857
280120-31,original,44,0.9718029051552264,1,0.0,10331
280120-31,original,45,0.9665702718334297,1,0.0,8550
280120-31,original,46,0.7433916226108174,1,0.0,7284
280120-31,original,47,0.9728787291747385,1,0.0,7655
280120-31,original,48,0.8145263157894737,1,0.0,9387
280120-31,original,49,0.9766383760608978,1,0.0,11239
280120-31,original,50,0.0,0,0.0,10433
280120-31,original,51,0.9559100797679478,1,0.0,6788
280120-31,original,52,0.5462017836037392,1,0.016260162601626018,11860
280120-31,original,53,0.9751298773073948,1,0.0,8910
280120-31,original,54,0.6064805380069289,1,0.0,9601
280120-31,original,55,0.9572057898049088,1,0.0,10972
280120-31,original,56,0.9679822268687924,1,0.0,7597
280120-31,original,57,0.0,0,0.0,15144
280120-31,original,58,0.0,0,0.11434977578475336,9649
280120-31,original,59,0.7093875620714116,1,0.0,16706
280120-31,original,60,0.7841286720723116,1,0.0,7473
280120-31,original,61,0.9648857844062677,1,0.0,10476
280120-31,original,62,0.9614332603938731,1,0.0,7224
280120-31,original,63,0.0,0,0.38529411764705884,4922
280120-31,original,64,0.9573970037453183,1,0.0,8400
280120-31,original,65,0.0,0,0.1157495256166983,12102
280120-31,original,66,0.0,0,0.0,14131
280120-31,original,67,0.971936589545844,1,0.0,9209
280120-31,original,68,0.7099366780321481,1,0.0,12125
280120-31,original,69,0.9657788789098792,1,0.0,6376
280120-31,original,70,0.6163833805476865,1,0.0,12601
280120-31,original,71,0.5233689431514689,1,0.0,10381
280120-31,original,72,0.9697289686730025,1,0.0,8386
280120-31,original,73,0.45131343694127357,0,0.0,6820
280120-31,original,74,0.0,0,0.0,10383
280120-31,original,75,0.0,0,0.11434977578475336,8584
280120-31,original,76,0.9639152504965791,1,0.0,8910
280120-31,original,77,0.9734279187206926,1,0.0,8225
280120-31,original,78,0.9269111917237673,1,0.0,7351
280120-31,original,79,0.3095042627091885,0,0.0,7646
280120-31,original,80,0.0,0,0.012254901960784314,8289
280120-31,original,81,0.0,0,0.018218623481781375,10298
280120-31,original,82,0.0,0,0.0,9045
280120-31,original,83,0.0,0,0.0,11521
280120-31,original,84,0.8373829809613969,1,0.0,9336
280120-31,original,85,0.9578604337566019,1,0.0,8650
280120-31,original,86,0.0,0,0.0,6443
280120-31,original,87,0.0,0,0.0,9065
280120-31,original,88,0.6188290828033829,1,0.0,15099
280120-31,original,89,0.9600624721106649,1,0.0,8799
280120-31,original,90,0.38896000819294385,0,0.11637931034482758,10606
280120-31,original,91,0.9552603984620762,1,0.0,5669
280120-31,original,92,0.0,0,0.2222222222222222,9878
280120-31,original,93,0.0,0,0.0,10323
280120-31,original,94,0.9492964298174207,1,0.0,8487
280120-31,original,95,0.6231114740710494,1,0.0,12172
280120-31,original,96,0.47696589294173375,0,0.0,16816
280120-31,original,97,0.9668279198341396,1,0.0,7128
280120-31,original,98,0.0,0,0.0,13137
280120-31,original,99,0.0,0,0.045454545454545456,9398
280120-31,original,100,0.9735897231309343,1,0.0,12268
280120-31,original,101,0.9587275184530617,1,0.0,9403
280120-31,original,102,0.97721958714677,1,0.0,14714
280120-31,original,103,0.9473471450227388,1,0.0,9792
280120-31,original,104,0.0,0,0.06067961165048544,7583
280120-31,original,105,0.37793988911584475,0,0.020050125313283207,6690
280120-31,original,106,0.6776795257992421,1,0.0,10133
280120-31,original,107,0.0,0,0.0,10839
280120-31,original,108,0.6239590768498692,1,0.0,16706
280120-31,original,109,0.0,0,0.0,15341
280120-31,original,110,0.5164497469269703,1,0.12527964205816555,8648
280120-31,original,111,0.0,0,0.06722689075630252,10928
280120-31,original,112,0.0,0,0.23708920187793428,9010
280120-31,original,113,0.7685162401574803,1,0.0,12603
280120-31,original,114,0.0,0,0.15,8629
280120-31,original,115,0.0,0,0.0,10800
280120-31,original,116,0.0,0,0.08863636363636364,10289
280120-31,original,117,0.0,0,0.23737373737373738,6751
280120-31,original,118,0.0,0,0.0387409200968523,8341
280120-31,original,119,0.0,0,0.0,7529
280120-31,original,120,0.0,0,0.19308943089430894,10076
280120-31,original,121,0.0,0,0.0576036866359447,8821
280120-31,original,122,0.0,0,0.20355731225296442,10623
280120-31,original,123,0.2840233019335647,0,0.23953488372093024,7836
280120-31,original,124,0.7082442385364695,1,0.0,6172
280120-31,original,125,0.0,0,0.0,7238
280120-31,original,126,0.4695281782437746,0,0.0,12134
280120-31,original,127,0.0,0,0.05555555555555555,6731
280120-31,original,128,0.0,0,0.0931174089068826,10594
280120-31,original,129,0.0,0,0.0,8994
280120-31,original,130,0.0,0,0.2929782082324455,7862
280120-31,original,131,0.0,0,0.055,7400
280120-31,original,132,0.9687647893989588,1,0.11352657004830918,8356
280120-31,original,133,0.0,0,0.0,14066
280120-31,original,134,0.8806097430977508,1,0.0,9279
280120-31,original,135,0.0,0,0.21148825065274152,6381
280120-31,original,136,0.0,0,0.059322033898305086,10216
280120-31,original,137,0.0,0,0.0,8207
280120-31,original,138,0.0,0,0.0,5120
280120-31,original,139,0.8447708835781627,1,0.0,8943
280120-31,original,140,0.0,0,0.0,9260
280120-31,original,141,0.9579216354344122,1,0.0,5755
280120-31,original,142,0.625057612536488,1,0.1323529411764706,8272
280120-31,original,143,0.0,0,0.2255813953488372,9012
280120-31,original,144,0.0,0,0.0,9098
280120-31,original,145,0.0,0,0.13679245283018868,8728
280120-31,original,146,0.0,0,0.20080321285140562,12035
280120-31,original,147,0.0,0,0.0,7089
280120-31,original,148,0.0,0,0.1541095890410959,16016
280120-31,original,149,0.0,0,0.0,21695
280120-31,original,150,0.0,0,0.3097713097713098,9470
280120-31,original,151,0.0,0,0.14772727272727273,5856
280120-31,original,152,0.0,0,0.01702127659574468,9057
280120-31,original,153,0.0,0,0.11764705882352941,9033
280120-31,original,154,0.48277055078881814,0,0.0,7144
280120-31,original,155,0.0,0,0.16593886462882096,8025
280120-31,original,156,0.0,0,0.0,6235
280120-31,original,157,0.0,0,0.06149732620320856,4938
280120-31,original,158,0.0,0,0.2054794520547945,8195
280120-31,original,159,0.0,0,0.14202334630350194,12145
280120-31,original,160,0.0,0,0.0,11331
280120-31,original,161,0.0,0,0.08646616541353383,11555
280120-31,original,162,0.0,0,0.1825,6837
280120-31,original,163,0.0,0,0.48823529411764705,4946
280120-31,original,164,0.0,0,0.0,7561
280120-31,original,165,0.0,0,0.31645569620253167,10944
280120-31,fix_A_labels,1,0.8250382848392037,1,0.0,13060
280120-31,fix_A_labels,2,0.9755495978552279,1,0.0,9245
280120-31,fix_A_labels,3,0.9756207674943567,1,0.0,8760
280120-31,fix_A_labels,4,0.9731177652348608,1,0.0,10390
280120-31,fix_A_labels,5,0.0,0,0.0,10841
280120-31,fix_A_labels,6,0.9797513321492007,1,0.0,11172
280120-31,fix_A_labels,7,0.9743800681631214,1,0.0,8370
280120-31,fix_A_labels,8,0.9807578798252863,1,0.0,16752
280120-31,fix_A_labels,9,0.9774144977414497,1,0.0,9213
280120-31,fix_A_labels,10,0.00017872036220660073,0,0.008403361344537815,11393
280120-31,fix_A_labels,11,0.9664696290256828,1,0.0,9706
280120-31,fix_A_labels,12,0.5990071704357418,1,0.0,12552
280120-31,fix_A_labels,13,0.0,0,0.0,12045
280120-31,fix_A_labels,14,0.0,0,0.0,10153
280120-31,fix_A_labels,15,0.975570556091289,1,0.0,9232
280120-31,fix_A_labels,16,0.9745164261590421,1,0.0,12805
280120-31,fix_A_labels,17,0.0,0,0.0,9336
280120-31,fix_A_labels,18,0.9796960716312504,1,0.0,15671
280120-31,fix_A_labels,19,0.9718076285240465,1,0.0,12406
280120-31,fix_A_labels,20,0.9630334006894092,1,0.0,8313
280120-31,fix_A_labels,21,0.968959387392315,1,0.0,7268
280120-31,fix_A_labels,22,0.9670515781370285,1,0.0,6426
280120-31,fix_A_labels,23,0.9662252460211396,1,0.0,8132
280120-31,fix_A_labels,24,0.9711450101084359,1,0.0,10683
280120-31,fix_A_labels,25,0.9762856381561418,1,0.0,11087
280120-31,fix_A_labels,26,0.0,0,0.0,8992
280120-31,fix_A_labels,27,0.8330308529945554,1,0.0,10267
280120-31,fix_A_labels,28,0.446973104254745,0,0.0,11001
280120-31,fix_A_labels,29,0.9740120452107912,1,0.0,11907
280120-31,fix_A_labels,30,0.9761956759117711,1,0.0,13512
280120-31,fix_A_labels,31,0.5930503495086618,1,0.0,9756
280120-31,fix_A_labels,32,0.0,0,0.0,9407
280120-31,fix_A_labels,33,0.5742125984251969,1,0.0,10064
280120-31,fix_A_labels,34,0.8677644710578842,1,0.0,5967
280120-31,fix_A_labels,35,0.9651650970157721,1,0.0,8679
280120-31,fix_A_labels,36,0.958640028040659,1,0.0,5622
280120-31,fix_A_labels,37,0.9454140363906424,1,0.0,5326
280120-31,fix_A_labels,38,0.0,0,0.0,7070
280120-31,fix_A_labels,39,0.9650912388076618,1,0.0,8695
280120-31,fix_A_labels,40,0.0,0,0.0,10829
280120-31,fix_A_labels,41,0.0,0,0.0,8598
280120-31,fix_A_labels,42,0.8004673503829677,1,0.0,7630
280120-31,fix_A_labels,43,0.0,0,0.0,6857
280120-31,fix_A_labels,44,0.688320398581968,1,0.0,10331
280120-31,fix_A_labels,45,0.0,0,0.0,8550
280120-31,fix_A_labels,46,0.7433916226108174,1,0.0,7284
280120-31,fix_A_labels,47,0.9728787291747385,1,0.0,7655
280120-31,fix_A_labels,48,0.8145263157894737,1,0.0,9387
280120-31,fix_A_labels,49,0.9766383760608978,1,0.0,11239
280120-31,fix_A_labels,50,0.0,0,0.0,10433
280120-31,fix_A_labels,51,0.9559100797679478,1,0.0,6788
280120-31,fix_A_labels,52,0.8422712933753943,1,0.016260162601626018,11860
280120-31,fix_A_labels,53,0.9751298773073948,1,0.0,8910
280120-31,fix_A_labels,54,0.5078459343794579,1,0.0,9601
280120-31,fix_A_labels,55,0.9572057898049088,1,0.0,10972
280120-31,fix_A_labels,56,0.9679822268687924,1,0.0,7597
280120-31,fix_A_labels,57,0.953263857809603,1,0.0,15144
280120-31,fix_A_labels,58,0.3011103400416377,0,0.11434977578475336,9649
280120-31,fix_A_labels,59,0.7093875620714116,1,0.0,16706
280120-31,fix_A_labels,60,0.7841286720723116,1,0.0,7473
280120-31,fix_A_labels,61,0.9648857844062677,1,0.0,10476
280120-31,fix_A_labels,62,0.9614332603938731,1,0.0,7224
280120-31,fix_A_labels,63,0.8622076023391813,1,0.38529411764705884,4922
280120-31,fix_A_labels,64,0.9573970037453183,1,0.0,8400
280120-31,fix_A_labels,65,0.0,0,0.1157495256166983,12102
280120-31,fix_A_labels,66,0.0,0,0.0,14131
280120-31,fix_A_labels,67,0.7187298862904956,1,0.0,9209
280120-31,fix_A_labels,68,0.7099366780321481,1,0.0,12125
280120-31,fix_A_labels,69,0.9657788789098792,1,0.0,6376
280120-31,fix_A_labels,70,0.6163833805476865,1,0.0,12601
280120-31,fix_A_labels,71,0.5233689431514689,1,0.0,10381
280120-31,fix_A_labels,72,0.9697289686730025,1,0.0,8386
280120-31,fix_A_labels,73,0.927176856206356,1,0.0,6820
280120-31,fix_A_labels,74,0.0,0,0.0,10383
280120-31,fix_A_labels,75,0.35209113846624357,0,0.11434977578475336,8584
280120-31,fix_A_labels,76,0.6141207815275311,1,0.0,8910
280120-31,fix_A_labels,77,0.6299686822452422,1,0.0,8225
280120-31,fix_A_labels,78,0.7365576871115914,1,0.0,7351
280120-31,fix_A_labels,79,0.6312330885195206,1,0.0,7646
280120-31,fix_A_labels,80,0.7972562469377756,1,0.012254901960784314,8289
280120-31,fix_A_labels,81,0.5158891142663962,1,0.018218623481781375,10298
280120-31,fix_A_labels,82,0.0,0,0.0,9045
280120-31,fix_A_labels,83,0.0,0,0.0,11521
280120-31,fix_A_labels,84,0.8373829809613969,1,0.0,9336
280120-31,fix_A_labels,85,0.9578604337566019,1,0.0,8650
280120-31,fix_A_labels,86,0.8923124325989832,1,0.0,6443
280120-31,fix_A_labels,87,0.0,0,0.0,9065
280120-31,fix_A_labels,88,0.6188290828033829,1,0.0,15099
280120-31,fix_A_labels,89,0.9600624721106649,1,0.0,8799
280120-31,fix_A_labels,90,0.38896000819294385,0,0.11637931034482758,10606
280120-31,fix_A_labels,91,0.9552603984620762,1,0.0,5669
280120-31,fix_A_labels,92,0.8757443429932513,1,0.2222222222222222,9878
280120-31,fix_A_labels,93,0.0,0,0.0,10323
280120-31,fix_A_labels,94,0.9492964298174207,1,0.0,8487
280120-31,fix_A_labels,95,0.6231114740710494,1,0.0,12172
280120-31,fix_A_labels,96,0.47696589294173375,0,0.0,16816
280120-31,fix_A_labels,97,0.9668279198341396,1,0.0,7128
280120-31,fix_A_labels,98,0.0,0,0.0,13137
280120-31,fix_A_labels,99,0.0,0,0.045454545454545456,9398
280120-31,fix_A_labels,100,0.4960928059292677,0,0.0,12268
280120-31,fix_A_labels,101,0.0,0,0.0,9403
280120-31,fix_A_labels,102,0.97721958714677,1,0.0,14714
280120-31,fix_A_labels,103,0.6257119609438568,1,0.0,9792
280120-31,fix_A_labels,104,0.0,0,0.06067961165048544,7583
280120-31,fix_A_labels,105,0.9549948354729231,1,0.020050125313283207,6690
280120-31,fix_A_labels,106,0.4946069381012535,0,0.0,10133
280120-31,fix_A_labels,107,0.7568990941647357,1,0.0,10839
280120-31,fix_A_labels,108,0.6239590768498692,1,0.0,16706
280120-31,fix_A_labels,109,0.0,0,0.0,15341
280120-31,fix_A_labels,110,0.5164497469269703,1,0.12527964205816555,8648
280120-31,fix_A_labels,111,0.008468244084682441,0,0.06722689075630252,10928
280120-31,fix_A_labels,112,0.5985391677276687,1,0.23708920187793428,9010
280120-31,fix_A_labels,113,0.9603913894324854,1,0.0,12603
280120-31,fix_A_labels,114,0.0,0,0.15,8629
280120-31,fix_A_labels,115,0.14795312580661815,0,0.0,10800
280120-31,fix_A_labels,116,5.8045042953331786e-05,0,0.08863636363636364,10289
280120-31,fix_A_labels,117,0.0,0,0.23737373737373738,6751
280120-31,fix_A_labels,118,0.8041322314049587,1,0.0387409200968523,8341
280120-31,fix_A_labels,119,0.10180673974827446,0,0.0,7529
280120-31,fix_A_labels,120,0.6495542274909376,1,0.19308943089430894,10076
280120-31,fix_A_labels,121,0.015896895842736073,0,0.0576036866359447,8821
280120-31,fix_A_labels,122,0.289192609465958,0,0.20355731225296442,10623
280120-31,fix_A_labels,123,0.1510406958682821,0,0.23953488372093024,7836
280120-31,fix_A_labels,124,0.7082442385364695,1,0.0,6172
280120-31,fix_A_labels,125,0.6122766122766122,1,0.0,7238
280120-31,fix_A_labels,126,0.4695281782437746,0,0.0,12134
280120-31,fix_A_labels,127,0.6645505844417574,1,0.05555555555555555,6731
280120-31,fix_A_labels,128,0.0,0,0.0931174089068826,10594
280120-31,fix_A_labels,129,0.0,0,0.0,8994
280120-31,fix_A_labels,130,0.0,0,0.2929782082324455,7862
280120-31,fix_A_labels,131,0.0,0,0.055,7400
280120-31,fix_A_labels,132,0.9687647893989588,1,0.11352657004830918,8356
280120-31,fix_A_labels,133,0.34782608695652173,0,0.0,14066
280120-31,fix_A_labels,134,0.8806097430977508,1,0.0,9279
280120-31,fix_A_labels,135,0.0,0,0.21148825065274152,6381
280120-31,fix_A_labels,136,0.0,0,0.059322033898305086,10216
280120-31,fix_A_labels,137,0.0,0,0.0,8207
280120-31,fix_A_labels,138,0.0,0,0.0,5120
280120-31,fix_A_labels,139,0.8447708835781627,1,0.0,8943
280120-31,fix_A_labels,140,0.0,0,0.0,9260
280120-31,fix_A_labels,141,0.9579216354344122,1,0.0,5755
280120-31,fix_A_labels,142,0.7516859122401848,1,0.1323529411764706,8272
280120-31,fix_A_labels,143,0.0,0,0.2255813953488372,9012
280120-31,fix_A_labels,144,0.8078753786239723,1,0.0,9098
280120-31,fix_A_labels,145,0.0,0,0.13679245283018868,8728
280120-31,fix_A_labels,146,0.001473260325099445,0,0.20080321285140562,12035
280120-31,fix_A_labels,147,0.0,0,0.0,7089
280120-31,fix_A_labels,148,0.0,0,0.1541095890410959,16016
280120-31,fix_A_labels,149,0.0,0,0.0,21695
280120-31,fix_A_labels,150,0.0,0,0.3097713097713098,9470
280120-31,fix_A_labels,151,0.9319237546051578,1,0.14772727272727273,5856
280120-31,fix_A_labels,152,0.8270037767519933,1,0.01702127659574468,9057
280120-31,fix_A_labels,153,0.47621383030897496,0,0.11764705882352941,9033
280120-31,fix_A_labels,154,0.9096523023224594,1,0.0,7144
280120-31,fix_A_labels,155,0.6583292262198127,1,0.16593886462882096,8025
280120-31,fix_A_labels,156,0.0,0,0.0,6235
280120-31,fix_A_labels,157,0.0,0,0.06149732620320856,4938
280120-31,fix_A_labels,158,0.0,0,0.2054794520547945,8195
280120-31,fix_A_labels,159,0.0,0,0.14202334630350194,12145
280120-31,fix_A_labels,160,0.5709164043371808,1,0.0,11331
280120-31,fix_A_labels,161,0.5526451391274476,1,0.08646616541353383,11555
280120-31,fix_A_labels,162,0.20279264939950803,0,0.1825,6837
280120-31,fix_A_labels,163,0.002397465536432914,0,0.48823529411764705,4946
280120-31,fix_A_labels,164,0.0,0,0.0,7561
280120-31,fix_A_labels,165,0.0,0,0.31645569620253167,10944
280120-31,fix_B_labels_local_seeds,1,0.8371362940275651,1,0.0,13060
280120-31,fix_B_labels_local_seeds,2,0.9755495978552279,1,0.0,9245
280120-31,fix_B_labels_local_seeds,3,0.975626269465132,1,0.0,8760
280120-31,fix_B_labels_local_seeds,4,0.973598622536828,1,0.0,10390
280120-31,fix_B_labels_local_seeds,5,0.9756075361791208,1,0.0,10841
280120-31,fix_B_labels_local_seeds,6,0.9797513321492007,1,0.0,11172
280120-31,fix_B_labels_local_seeds,7,0.9734398871782818,1,0.0,8370
280120-31,fix_B_labels_local_seeds,8,0.9808191690273843,1,0.0,16752
280120-31,fix_B_labels_local_seeds,9,0.9775220477522047,1,0.0,9213
280120-31,fix_B_labels_local_seeds,10,0.0,0,0.008403361344537815,11393
280120-31,fix_B_labels_local_seeds,11,0.9664696290256828,1,0.0,9706
280120-31,fix_B_labels_local_seeds,12,0.6632797731568998,1,0.0,12552
280120-31,fix_B_labels_local_seeds,13,0.975440032746623,1,0.0,12045
280120-31,fix_B_labels_local_seeds,14,0.855992236778263,1,0.0,10153
280120-31,fix_B_labels_local_seeds,15,0.9756724895509592,1,0.0,9232
280120-31,fix_B_labels_local_seeds,16,0.9747428220482113,1,0.0,12805
280120-31,fix_B_labels_local_seeds,17,0.9629161399072903,1,0.0,9336
280120-31,fix_B_labels_local_seeds,18,0.9793164333459453,1,0.0,15671
280120-31,fix_B_labels_local_seeds,19,0.9720489538097118,1,0.0,12406
280120-31,fix_B_labels_local_seeds,20,0.9632798573975044,1,0.0,8313
280120-31,fix_B_labels_local_seeds,21,0.9692328729659511,1,0.0,7268
280120-31,fix_B_labels_local_seeds,22,0.96720049276255,1,0.0,6426
280120-31,fix_B_labels_local_seeds,23,0.9662252460211396,1,0.0,8132
280120-31,fix_B_labels_local_seeds,24,0.971042471042471,1,0.0,10683
280120-31,fix_B_labels_local_seeds,25,0.9760255727224294,1,0.0,11087
280120-31,fix_B_labels_local_seeds,26,0.9746668135257187,1,0.0,8992
280120-31,fix_B_labels_local_seeds,27,0.9643095079470829,1,0.0,10267
280120-31,fix_B_labels_local_seeds,28,0.9717040078550389,1,0.0,11001
280120-31,fix_B_labels_local_seeds,29,0.9741727865335423,1,0.0,11907
280120-31,fix_B_labels_local_seeds,30,0.9760535701288303,1,0.0,13512
280120-31,fix_B_labels_local_seeds,31,0.9736921987250835,1,0.0,9756
280120-31,fix_B_labels_local_seeds,32,0.9579291438211724,1,0.0,9407
280120-31,fix_B_labels_local_seeds,33,0.972893629513651,1,0.0,10064
280120-31,fix_B_labels_local_seeds,34,0.9505905839294626,1,0.0,5967
280120-31,fix_B_labels_local_seeds,35,0.9649381595370475,1,0.0,8679
280120-31,fix_B_labels_local_seeds,36,0.9581142656852436,1,0.0,5622
280120-31,fix_B_labels_local_seeds,37,0.9452283698477534,1,0.0,5326
280120-31,fix_B_labels_local_seeds,38,0.9182098765432098,1,0.0,7070
280120-31,fix_B_labels_local_seeds,39,0.9650912388076618,1,0.0,8695
280120-31,fix_B_labels_local_seeds,40,0.9685597455701954,1,0.0,10829
280120-31,fix_B_labels_local_seeds,41,0.9683957402954311,1,0.0,8598
280120-31,fix_B_labels_local_seeds,42,0.9673575129533679,1,0.0,7630
280120-31,fix_B_labels_local_seeds,43,0.9705882352941176,1,0.0,6857
280120-31,fix_B_labels_local_seeds,44,0.9717079654419444,1,0.0,10331
280120-31,fix_B_labels_local_seeds,45,0.9541878759833411,1,0.0,8550
280120-31,fix_B_labels_local_seeds,46,0.7562694862410194,1,0.0,7284
280120-31,fix_B_labels_local_seeds,47,0.9727495802660467,1,0.0,7655
280120-31,fix_B_labels_local_seeds,48,0.9722134512156615,1,0.0,9387
280120-31,fix_B_labels_local_seeds,49,0.976734015568967,1,0.0,11239
280120-31,fix_B_labels_local_seeds,50,0.9676514584891548,1,0.0,10433
280120-31,fix_B_labels_local_seeds,51,0.955784285300087,1,0.0,6788
280120-31,fix_B_labels_local_seeds,52,0.613094245204337,1,0.016260162601626018,11860
280120-31,fix_B_labels_local_seeds,53,0.9751298773073948,1,0.0,8910
280120-31,fix_B_labels_local_seeds,54,0.9664668224773905,1,0.0,9601
280120-31,fix_B_labels_local_seeds,55,0.9572057898049088,1,0.0,10972
280120-31,fix_B_labels_local_seeds,56,0.7239440303386949,1,0.0,7597
280120-31,fix_B_labels_local_seeds,57,0.0,0,0.0,15144
280120-31,fix_B_labels_local_seeds,58,0.0,0,0.11434977578475336,9649
280120-31,fix_B_labels_local_seeds,59,0.9749617961678617,1,0.0,16706
280120-31,fix_B_labels_local_seeds,60,0.7302158273381295,1,0.0,7473
280120-31,fix_B_labels_local_seeds,61,0.9647913913535964,1,0.0,10476
280120-31,fix_B_labels_local_seeds,62,0.9614806720393388,1,0.0,7224
280120-31,fix_B_labels_local_seeds,63,0.2900174709319839,0,0.38529411764705884,4922
280120-31,fix_B_labels_local_seeds,64,0.8205368655491736,1,0.0,8400
280120-31,fix_B_labels_local_seeds,65,0.0,0,0.1157495256166983,12102
280120-31,fix_B_labels_local_seeds,66,0.9744912182882631,1,0.0,14131
280120-31,fix_B_labels_local_seeds,67,0.9720407070166042,1,0.0,9209
280120-31,fix_B_labels_local_seeds,68,0.7462868273679084,1,0.0,12125
280120-31,fix_B_labels_local_seeds,69,0.964097802537914,1,0.0,6376
280120-31,fix_B_labels_local_seeds,70,0.7835914281245112,1,0.0,12601
280120-31,fix_B_labels_local_seeds,71,0.9592820028341993,1,0.0,10381
280120-31,fix_B_labels_local_seeds,72,0.9693877551020408,1,0.0,8386
280120-31,fix_B_labels_local_seeds,73,0.9139922978177151,1,0.0,6820
280120-31,fix_B_labels_local_seeds,74,0.7985959438377536,1,0.0,10383
280120-31,fix_B_labels_local_seeds,75,0.0,0,0.11434977578475336,8584
280120-31,fix_B_labels_local_seeds,76,0.9649122807017544,1,0.0,8910
280120-31,fix_B_labels_local_seeds,77,0.9728332732299555,1,0.0,8225
280120-31,fix_B_labels_local_seeds,78,0.9270721205597416,1,0.0,7351
280120-31,fix_B_labels_local_seeds,79,0.7273546062789501,1,0.0,7646
280120-31,fix_B_labels_local_seeds,80,0.0,0,0.012254901960784314,8289
280120-31,fix_B_labels_local_seeds,81,0.0,0,0.018218623481781375,10298
280120-31,fix_B_labels_local_seeds,82,0.8710313115830961,1,0.0,9045
280120-31,fix_B_labels_local_seeds,83,0.6164348051499179,1,0.0,11521
280120-31,fix_B_labels_local_seeds,84,0.9549795361527967,1,0.0,9336
280120-31,fix_B_labels_local_seeds,85,0.9577575553308617,1,0.0,8650
280120-31,fix_B_labels_local_seeds,86,0.0,0,0.0,6443
280120-31,fix_B_labels_local_seeds,87,0.9648488830486203,1,0.0,9065
280120-31,fix_B_labels_local_seeds,88,0.6350465451684804,1,0.0,15099
280120-31,fix_B_labels_local_seeds,89,0.9601962314639313,1,0.0,8799
280120-31,fix_B_labels_local_seeds,90,0.0,0,0.11637931034482758,10606
280120-31,fix_B_labels_local_seeds,91,0.9552603984620762,1,0.0,5669
280120-31,fix_B_labels_local_seeds,92,0.5940635956958046,1,0.2222222222222222,9878
280120-31,fix_B_labels_local_seeds,93,0.959628506444276,1,0.0,10323
280120-31,fix_B_labels_local_seeds,94,0.9490519948819356,1,0.0,8487
280120-31,fix_B_labels_local_seeds,95,0.6229789318961293,1,0.0,12172
280120-31,fix_B_labels_local_seeds,96,0.8742409056069808,1,0.0,16816
280120-31,fix_B_labels_local_seeds,97,0.9668279198341396,1,0.0,7128
280120-31,fix_B_labels_local_seeds,98,0.4254409005628518,0,0.0,13137
280120-31,fix_B_labels_local_seeds,99,0.6147908626264733,1,0.045454545454545456,9398
280120-31,fix_B_labels_local_seeds,100,0.9718904284121676,1,0.0,12268
280120-31,fix_B_labels_local_seeds,101,0.958974358974359,1,0.0,9403
280120-31,fix_B_labels_local_seeds,102,0.97721958714677,1,0.0,14714
280120-31,fix_B_labels_local_seeds,103,0.8768981575217656,1,0.0,9792
280120-31,fix_B_labels_local_seeds,104,0.6590790162218734,1,0.06067961165048544,7583
280120-31,fix_B_labels_local_seeds,105,0.8927883292045142,1,0.020050125313283207,6690
280120-31,fix_B_labels_local_seeds,106,0.7191567903633185,1,0.0,10133
280120-31,fix_B_labels_local_seeds,107,0.0,0,0.0,10839
280120-31,fix_B_labels_local_seeds,108,0.8393026004728132,1,0.0,16706
280120-31,fix_B_labels_local_seeds,109,0.4494882064975523,0,0.0,15341
280120-31,fix_B_labels_local_seeds,110,0.0,0,0.12527964205816555,8648
280120-31,fix_B_labels_local_seeds,111,0.09552100255279647,0,0.06722689075630252,10928
280120-31,fix_B_labels_local_seeds,112,0.0,0,0.23708920187793428,9010
280120-31,fix_B_labels_local_seeds,113,0.9605479452054795,1,0.0,12603
280120-31,fix_B_labels_local_seeds,114,0.0,0,0.15,8629
280120-31,fix_B_labels_local_seeds,115,0.015378904385639285,0,0.0,10800
280120-31,fix_B_labels_local_seeds,116,5.8045042953331786e-05,0,0.08863636363636364,10289
280120-31,fix_B_labels_local_seeds,117,0.0,0,0.23737373737373738,6751
280120-31,fix_B_labels_local_seeds,118,0.8041322314049587,1,0.0387409200968523,8341
280120-31,fix_B_labels_local_seeds,119,0.0,0,0.0,7529
280120-31,fix_B_labels_local_seeds,120,0.6500440873910062,1,0.19308943089430894,10076
280120-31,fix_B_labels_local_seeds,121,0.00035932446999640676,0,0.0576036866359447,8821
280120-31,fix_B_labels_local_seeds,122,0.0,0,0.20355731225296442,10623
280120-31,fix_B_labels_local_seeds,123,0.3978036893084089,0,0.23953488372093024,7836
280120-31,fix_B_labels_local_seeds,124,0.7083630315989546,1,0.0,6172
280120-31,fix_B_labels_local_seeds,125,0.8354728536097044,1,0.0,7238
280120-31,fix_B_labels_local_seeds,126,0.7683205483923616,1,0.0,12134
280120-31,fix_B_labels_local_seeds,127,0.0,0,0.05555555555555555,6731
280120-31,fix_B_labels_local_seeds,128,0.0,0,0.0931174089068826,10594
280120-31,fix_B_labels_local_seeds,129,0.0,0,0.0,8994
280120-31,fix_B_labels_local_seeds,130,0.0,0,0.2929782082324455,7862
280120-31,fix_B_labels_local_seeds,131,0.0,0,0.055,7400
280120-31,fix_B_labels_local_seeds,132,0.915048001786113,1,0.11352657004830918,8356
280120-31,fix_B_labels_local_seeds,133,0.042441616557124875,0,0.0,14066
280120-31,fix_B_labels_local_seeds,134,0.9248167539267016,1,0.0,9279
280120-31,fix_B_labels_local_seeds,135,0.36819787985865726,0,0.21148825065274152,6381
280120-31,fix_B_labels_local_seeds,136,0.0,0,0.059322033898305086,10216
280120-31,fix_B_labels_local_seeds,137,0.0,0,0.0,8207
280120-31,fix_B_labels_local_seeds,138,0.7710126780403819,1,0.0,5120
280120-31,fix_B_labels_local_seeds,139,0.8478237035412783,1,0.0,8943
280120-31,fix_B_labels_local_seeds,140,0.9471463234518409,1,0.0,9260
280120-31,fix_B_labels_local_seeds,141,0.9579216354344122,1,0.0,5755
280120-31,fix_B_labels_local_seeds,142,0.5454058756608445,1,0.1323529411764706,8272
280120-31,fix_B_labels_local_seeds,143,0.5299929010884997,1,0.2255813953488372,9012
280120-31,fix_B_labels_local_seeds,144,0.8079835569017741,1,0.0,9098
280120-31,fix_B_labels_local_seeds,145,0.0,0,0.13679245283018868,8728
280120-31,fix_B_labels_local_seeds,146,0.0,0,0.20080321285140562,12035
280120-31,fix_B_labels_local_seeds,147,0.0,0,0.0,7089
280120-31,fix_B_labels_local_seeds,148,0.0,0,0.1541095890410959,16016
280120-31,fix_B_labels_local_seeds,149,0.0,0,0.0,21695
280120-31,fix_B_labels_local_seeds,150,0.0,0,0.3097713097713098,9470
280120-31,fix_B_labels_local_seeds,151,0.0,0,0.14772727272727273,5856
280120-31,fix_B_labels_local_seeds,152,0.0,0,0.01702127659574468,9057
280120-31,fix_B_labels_local_seeds,153,0.0,0,0.11764705882352941,9033
280120-31,fix_B_labels_local_seeds,154,0.9076902465166131,1,0.0,7144
280120-31,fix_B_labels_local_seeds,155,0.0,0,0.16593886462882096,8025
280120-31,fix_B_labels_local_seeds,156,0.0,0,0.0,6235
280120-31,fix_B_labels_local_seeds,157,0.0,0,0.06149732620320856,4938
280120-31,fix_B_labels_local_seeds,158,0.0,0,0.2054794520547945,8195
280120-31,fix_B_labels_local_seeds,159,0.0,0,0.14202334630350194,12145
280120-31,fix_B_labels_local_seeds,160,0.7103252289232712,1,0.0,11331
280120-31,fix_B_labels_local_seeds,161,0.5573686018550327,1,0.08646616541353383,11555
280120-31,fix_B_labels_local_seeds,162,0.0,0,0.1825,6837
280120-31,fix_B_labels_local_seeds,163,0.002396439575487847,0,0.48823529411764705,4946
280120-31,fix_B_labels_local_seeds,164,0.0,0,0.0,7561
280120-31,fix_B_labels_local_seeds,165,0.0,0,0.31645569620253167,10944
280120-31,cellpose_sam,1,0.9690515066053139,1,0.0,13060
280120-31,cellpose_sam,2,0.9348771362119527,1,0.0,9245
280120-31,cellpose_sam,3,0.9451877427708243,1,0.0,8760
280120-31,cellpose_sam,4,0.9415496148618033,1,0.0,10390
280120-31,cellpose_sam,5,0.9596353014074533,1,0.0,10841
280120-31,cellpose_sam,6,0.9377203290246768,1,0.0,11172
280120-31,cellpose_sam,7,0.9451219512195121,1,0.0,8370
280120-31,cellpose_sam,8,0.9584620665980089,1,0.0,16752
280120-31,cellpose_sam,9,0.9438582112488475,1,0.0,9213
280120-31,cellpose_sam,10,0.9412932032412766,1,0.008403361344537815,11393
280120-31,cellpose_sam,11,0.9547511312217195,1,0.0,9706
280120-31,cellpose_sam,12,0.9504770558836892,1,0.0,12552
280120-31,cellpose_sam,13,0.9407216494845361,1,0.0,12045
280120-31,cellpose_sam,14,0.9435873605947955,1,0.0,10153
280120-31,cellpose_sam,15,0.9342238413276664,1,0.0,9232
280120-31,cellpose_sam,16,0.9458561087309795,1,0.0,12805
280120-31,cellpose_sam,17,0.9516819571865444,1,0.0,9336
280120-31,cellpose_sam,18,0.9504488112566715,1,0.0,15671
280120-31,cellpose_sam,19,0.9259590983728915,1,0.0,12406
280120-31,cellpose_sam,20,0.9404708012675419,1,0.0,8313
280120-31,cellpose_sam,21,0.940597903455416,1,0.0,7268
280120-31,cellpose_sam,22,0.9381021897810219,1,0.0,6426
280120-31,cellpose_sam,23,0.9502220144893667,1,0.0,8132
280120-31,cellpose_sam,24,0.9438112907500663,1,0.0,10683
280120-31,cellpose_sam,25,0.9352961025814072,1,0.0,11087
280120-31,cellpose_sam,26,0.9336517495587167,1,0.0,8992
280120-31,cellpose_sam,27,0.9578279529763015,1,0.0,10267
280120-31,cellpose_sam,28,0.9439677363995195,1,0.0,11001
280120-31,cellpose_sam,29,0.9363793645800567,1,0.0,11907
280120-31,cellpose_sam,30,0.9437072216790054,1,0.0,13512
280120-31,cellpose_sam,31,0.9336778639104221,1,0.0,9756
280120-31,cellpose_sam,32,0.9503940189937361,1,0.0,9407
280120-31,cellpose_sam,33,0.9377562430115542,1,0.0,10064
280120-31,cellpose_sam,34,0.9769357495881383,1,0.0,5967
280120-31,cellpose_sam,35,0.9420384239661348,1,0.0,8679
280120-31,cellpose_sam,36,0.9445564516129032,1,0.0,5622
280120-31,cellpose_sam,37,0.9273898659237333,1,0.0,5326
280120-31,cellpose_sam,38,0.9241978422306291,1,0.0,7070
280120-31,cellpose_sam,39,0.9440825190010858,1,0.0,8695
280120-31,cellpose_sam,40,0.9323288850624193,1,0.0,10829
280120-31,cellpose_sam,41,0.9513387401399844,1,0.0,8598
280120-31,cellpose_sam,42,0.9451257277344234,1,0.0,7630
280120-31,cellpose_sam,43,0.9404745576738445,1,0.0,6857
280120-31,cellpose_sam,44,0.9280452748832195,1,0.0,10331
280120-31,cellpose_sam,45,0.9350393700787402,1,0.0,8550
280120-31,cellpose_sam,46,0.9499152210773445,1,0.0,7284
280120-31,cellpose_sam,47,0.9449042618900556,1,0.0,7655
280120-31,cellpose_sam,48,0.9370070879504842,1,0.0,9387
280120-31,cellpose_sam,49,0.9440571188576229,1,0.0,11239
280120-31,cellpose_sam,50,0.9502596337797212,1,0.0,10433
280120-31,cellpose_sam,51,0.9479123027510125,1,0.0,6788
280120-31,cellpose_sam,52,0.9474568138195777,1,0.016260162601626018,11860
280120-31,cellpose_sam,53,0.9302568385884318,1,0.0,8910
280120-31,cellpose_sam,54,0.9262010418676442,1,0.0,9601
280120-31,cellpose_sam,55,0.9326759605576335,1,0.0,10972
280120-31,cellpose_sam,56,0.9511706523100038,1,0.0,7597
280120-31,cellpose_sam,57,0.9646818819329338,1,0.0,15144
280120-31,cellpose_sam,58,0.9387935262383521,1,0.11434977578475336,9649
280120-31,cellpose_sam,59,0.9438951353183795,1,0.0,16706
280120-31,cellpose_sam,60,0.9558654215172061,1,0.0,7473
280120-31,cellpose_sam,61,0.9388779351138197,1,0.0,10476
280120-31,cellpose_sam,62,0.9227232085834717,1,0.0,7224
280120-31,cellpose_sam,63,0.9284226472259042,1,0.38529411764705884,4922
280120-31,cellpose_sam,64,0.9299236134174693,1,0.0,8400
280120-31,cellpose_sam,65,0.9366041896361632,1,0.1157495256166983,12102
280120-31,cellpose_sam,66,0.933170441788285,1,0.0,14131
280120-31,cellpose_sam,67,0.9349238578680203,1,0.0,9209
280120-31,cellpose_sam,68,0.944094059020478,1,0.0,12125
280120-31,cellpose_sam,69,0.9595123419626731,1,0.0,6376
280120-31,cellpose_sam,70,0.9417083924968238,1,0.0,12601
280120-31,cellpose_sam,71,0.943212793021988,1,0.0,10381
280120-31,cellpose_sam,72,0.9424589795459654,1,0.0,8386
280120-31,cellpose_sam,73,0.9548903878583473,1,0.0,6820
280120-31,cellpose_sam,74,0.9409844982322546,1,0.0,10383
280120-31,cellpose_sam,75,0.9390524127366232,1,0.11434977578475336,8584
280120-31,cellpose_sam,76,0.937204165351846,1,0.0,8910
280120-31,cellpose_sam,77,0.9360418800500739,1,0.0,8225
280120-31,cellpose_sam,78,0.9487013826075721,1,0.0,7351
280120-31,cellpose_sam,79,0.9365507104360608,1,0.0,7646
280120-31,cellpose_sam,80,0.9416108144950585,1,0.012254901960784314,8289
280120-31,cellpose_sam,81,0.9532033426183844,1,0.018218623481781375,10298
280120-31,cellpose_sam,82,0.9494069486721948,1,0.0,9045
280120-31,cellpose_sam,83,0.9404897959183673,1,0.0,11521
280120-31,cellpose_sam,84,0.9298804780876494,1,0.0,9336
280120-31,cellpose_sam,85,0.9316101238556812,1,0.0,8650
280120-31,cellpose_sam,86,0.922198538367844,1,0.0,6443
280120-31,cellpose_sam,87,0.9584393553859203,1,0.0,9065
280120-31,cellpose_sam,88,0.9472396486825596,1,0.0,15099
280120-31,cellpose_sam,89,0.9378531073446328,1,0.0,8799
280120-31,cellpose_sam,90,0.947114525638735,1,0.11637931034482758,10606
280120-31,cellpose_sam,91,0.9402886050754685,1,0.0,5669
280120-31,cellpose_sam,92,0.9381533101045296,1,0.2222222222222222,9878
280120-31,cellpose_sam,93,0.938881309686221,1,0.0,10323
280120-31,cellpose_sam,94,0.9530505783624404,1,0.0,8487
280120-31,cellpose_sam,95,0.9486400124697997,1,0.0,12172
280120-31,cellpose_sam,96,0.9537746015540809,1,0.0,16816
280120-31,cellpose_sam,97,0.929819984346465,1,0.0,7128
280120-31,cellpose_sam,98,0.9081294068851099,1,0.0,13137
280120-31,cellpose_sam,99,0.9487491137445558,1,0.045454545454545456,9398
280120-31,cellpose_sam,100,0.9289716795396032,1,0.0,12268
280120-31,cellpose_sam,101,0.9221186856302109,1,0.0,9403
280120-31,cellpose_sam,102,0.5934824450786487,1,0.0,14714
280120-31,cellpose_sam,103,0.9420819703675197,1,0.0,9792
280120-31,cellpose_sam,104,0.9333594157537819,1,0.06067961165048544,7583
280120-31,cellpose_sam,105,0.9494677075940383,1,0.020050125313283207,6690
280120-31,cellpose_sam,106,0.9266609145815358,1,0.0,10133
280120-31,cellpose_sam,107,0.916094584286804,1,0.0,10839
280120-31,cellpose_sam,108,0.503267589049161,1,0.0,16706
280120-31,cellpose_sam,109,0.9405885959534028,1,0.0,15341
280120-31,cellpose_sam,110,0.9415747515561865,1,0.12527964205816555,8648
280120-31,cellpose_sam,111,0.9521651999651477,1,0.06722689075630252,10928
280120-31,cellpose_sam,112,0.9351832238932429,1,0.23708920187793428,9010
280120-31,cellpose_sam,113,0.9577173496744542,1,0.0,12603
280120-31,cellpose_sam,114,0.9302425876010781,1,0.15,8629
280120-31,cellpose_sam,115,0.8748481166464156,1,0.0,10800
280120-31,cellpose_sam,116,0.9314596554850408,1,0.08863636363636364,10289
280120-31,cellpose_sam,117,0.9563961882760612,1,0.23737373737373738,6751
280120-31,cellpose_sam,118,0.9225974614687217,1,0.0387409200968523,8341
280120-31,cellpose_sam,119,0.8669967756794104,1,0.0,7529
280120-31,cellpose_sam,120,0.9515701853953841,1,0.19308943089430894,10076
280120-31,cellpose_sam,121,0.9492682926829268,1,0.0576036866359447,8821
280120-31,cellpose_sam,122,0.9329584395044372,1,0.20355731225296442,10623
280120-31,cellpose_sam,123,0.9377422480620154,1,0.23953488372093024,7836
280120-31,cellpose_sam,124,0.8499919002105946,1,0.0,6172
280120-31,cellpose_sam,125,0.9264782157676349,1,0.0,7238
280120-31,cellpose_sam,126,0.9637750238322211,1,0.0,12134
280120-31,cellpose_sam,127,0.9423211535769285,1,0.05555555555555555,6731
280120-31,cellpose_sam,128,0.941181697023545,1,0.0931174089068826,10594
280120-31,cellpose_sam,129,0.6836424445120097,1,0.0,8994
280120-31,cellpose_sam,130,0.9308138846108281,1,0.2929782082324455,7862
280120-31,cellpose_sam,131,0.926200204290092,1,0.055,7400
280120-31,cellpose_sam,132,0.9477176524425123,1,0.11352657004830918,8356
280120-31,cellpose_sam,133,0.7900915576026513,1,0.0,14066
280120-31,cellpose_sam,134,0.909973521624007,1,0.0,9279
280120-31,cellpose_sam,135,0.9378183997602637,1,0.21148825065274152,6381
280120-31,cellpose_sam,136,0.9444753429736744,1,0.059322033898305086,10216
280120-31,cellpose_sam,137,0.9461431549687283,1,0.0,8207
280120-31,cellpose_sam,138,0.9293241279069767,1,0.0,5120
280120-31,cellpose_sam,139,0.9322422599812363,1,0.0,8943
280120-31,cellpose_sam,140,0.9420452230596863,1,0.0,9260
280120-31,cellpose_sam,141,0.8262742282842785,1,0.0,5755
280120-31,cellpose_sam,142,0.9523370941745337,1,0.1323529411764706,8272
280120-31,cellpose_sam,143,0.9321262286601139,1,0.2255813953488372,9012
280120-31,cellpose_sam,144,0.9151996781007947,1,0.0,9098
280120-31,cellpose_sam,145,0.9444805898937324,1,0.13679245283018868,8728
280120-31,cellpose_sam,146,0.9533052263145334,1,0.20080321285140562,12035
280120-31,cellpose_sam,147,0.9552299552299552,1,0.0,7089
280120-31,cellpose_sam,148,0.9433116067691204,1,0.1541095890410959,16016
280120-31,cellpose_sam,149,0.952914305793473,1,0.0,21695
280120-31,cellpose_sam,150,0.9439148073022312,1,0.3097713097713098,9470
280120-31,cellpose_sam,151,0.9050047816385082,1,0.14772727272727273,5856
280120-31,cellpose_sam,152,0.9420198848770277,1,0.01702127659574468,9057
280120-31,cellpose_sam,153,0.9149048069843273,1,0.11764705882352941,9033
280120-31,cellpose_sam,154,0.9060002537105163,1,0.0,7144
280120-31,cellpose_sam,155,0.8843432109685979,1,0.16593886462882096,8025
280120-31,cellpose_sam,156,0.7802252816020026,1,0.0,6235
280120-31,cellpose_sam,157,0.26438752545279176,0,0.06149732620320856,4938
280120-31,cellpose_sam,158,0.9193971914602124,1,0.2054794520547945,8195
280120-31,cellpose_sam,159,0.5403781979977753,1,0.14202334630350194,12145
280120-31,cellpose_sam,160,0.9459278479953126,1,0.0,11331
280120-31,cellpose_sam,161,0.9488888888888889,1,0.08646616541353383,11555
280120-31,cellpose_sam,162,0.8897010834094766,1,0.1825,6837
280120-31,cellpose_sam,163,0.21768284559705137,0,0.48823529411764705,4946
280120-31,cellpose_sam,164,0.9167599850690556,1,0.0,7561
280120-31,cellpose_sam,165,0.938199345842658,1,0.31645569620253167,10944
280120-35,original,1,0.6847507331378299,1,0.0,12195
280120-35,original,2,0.952734778121775,1,0.0,14486
280120-35,original,3,0.6644435462139585,1,0.0,14828
280120-35,original,4,0.9690783807062877,1,0.0,11511
280120-35,original,5,0.0,0,0.0,10031
280120-35,original,6,0.975533671784207,1,0.0,16289
280120-35,original,7,0.0,0,0.0,11881
280120-35,original,8,0.9607863974495218,1,0.0,9380
280120-35,original,9,0.976915974145891,1,0.0,14018
280120-35,original,10,0.0,0,0.0,6376
280120-35,original,11,0.7607560137457045,1,0.0,14522
280120-35,original,12,0.975711957786917,1,0.0,12737
280120-35,original,13,0.0,0,0.0,14155
280120-35,original,14,0.9690156292843433,1,0.0,10898
280120-35,original,15,0.9229749143551774,1,0.0,9048
280120-35,original,16,0.9769299747289476,1,0.0,12120
280120-35,original,17,0.8728465307412676,1,0.0,12648
280120-35,original,18,0.9673671448777531,1,0.0,9767
280120-35,original,19,0.9553981241269208,1,0.0,9957
280120-35,original,20,0.9653098982423681,1,0.0,12868
280120-35,original,21,0.9777687626774848,1,0.0,12213
280120-35,original,22,0.9686474064346684,1,0.0,12098
280120-35,original,23,0.9738730747520361,1,0.0,12246
280120-35,original,24,0.6575167842270757,1,0.0,11703
280120-35,original,25,0.9741810553493626,1,0.0,12339
280120-35,original,26,0.7270768494134546,1,0.0,12525
280120-35,original,27,0.9757937755422823,1,0.0,12652
280120-35,original,28,0.9685748598879104,1,0.0,14786
280120-35,original,29,0.0,0,0.0,8686
280120-35,original,30,0.9511709781111282,1,0.0,13007
280120-35,original,31,0.0,0,0.16017316017316016,10794
280120-35,original,32,0.6525644055778775,1,0.0,8434
280120-35,original,33,0.9679085941381024,1,0.0,9997
280120-35,original,34,0.0,0,0.058935361216730035,13725
280120-35,original,35,0.970392173837763,1,0.0,11480
280120-35,original,36,0.9551234892275354,1,0.0,9452
280120-35,original,37,0.9632313266014029,1,0.0,12844
280120-35,original,38,0.972592727937146,1,0.0,10882
280120-35,original,39,0.0,0,0.0,7846
280120-35,original,40,0.9656282631395754,1,0.0,11400
280120-35,original,41,0.8830503512880562,1,0.0,13539
280120-35,original,42,0.0,0,0.0,9130
280120-35,original,43,0.9318255250403877,1,0.0,9274
280120-35,original,44,0.9753086419753086,1,0.0,11816
280120-35,original,45,0.9640409351234626,1,0.0,10527
280120-35,original,46,0.9612660270779163,1,0.0,11085
280120-35,original,47,0.9666869618161259,1,0.0,11449
280120-35,original,48,0.4811056682995101,0,0.0,8449
280120-35,original,49,0.8169813812227651,1,0.0,7564
280120-35,original,50,0.9719554030874785,1,0.0,11502
280120-35,original,51,0.960633084277336,1,0.0,12367
280120-35,original,52,0.967223709722094,1,0.0,10742
280120-35,original,53,0.9143759873617694,1,0.0,6323
280120-35,original,54,0.9629815325478399,1,0.0,11924
280120-35,original,55,0.0,0,0.0,11875
280120-35,original,56,0.48068196551277065,0,0.0,15396
280120-35,original,57,0.9489852325673221,1,0.0,12612
280120-35,original,58,0.9737339380196524,1,0.0,10514
280120-35,original,59,0.9464421693882731,1,0.0,11779
280120-35,original,60,0.9554876538112148,1,0.0,12078
280120-35,original,61,0.0,0,0.0,5361
280120-35,original,62,0.9563632781717888,1,0.0,10070
280120-35,original,63,0.0,0,0.0,10165
280120-35,original,64,0.9701546531608936,1,0.0,10977
280120-35,original,65,0.9316212871287128,1,0.0,9615
280120-35,original,66,0.9161548350235681,1,0.0,13906
280120-35,original,67,0.965588003157064,1,0.0,12633
280120-35,original,68,0.8349995799378308,1,0.0,11903
280120-35,original,69,0.9725550831078469,1,0.0,12867
280120-35,original,70,0.0,0,0.0,15903
280120-35,original,71,0.0,0,0.0,9685
280120-35,original,72,0.81791829580693,1,0.0,14828
280120-35,original,73,0.9608576581390689,1,0.0,14816
280120-35,original,74,0.9689358006546863,1,0.0,14886
280120-35,original,75,0.9701299749737629,1,0.0,12346
280120-35,original,76,0.0,0,0.0,7131
280120-35,original,77,0.9206757253029747,1,0.0,13582
280120-35,original,78,0.0,0,0.0,4771
280120-35,original,79,0.0,0,0.021897810218978103,13535
280120-35,original,80,0.0,0,0.007561436672967864,13055
280120-35,original,81,0.4402813219642746,0,0.0,15993
280120-35,original,82,0.8312780668615012,1,0.0,13906
280120-35,original,83,0.9633163863903011,1,0.0,12689
280120-35,original,84,0.0,0,0.0,8400
280120-35,original,85,0.8618881118881119,1,0.0,11416
280120-35,original,86,0.0,0,0.0,10743
280120-35,original,87,0.6460091890159205,1,0.0,9316
280120-35,original,88,0.9752634975263498,1,0.0,13903
280120-35,original,89,0.0,0,0.1267123287671233,16168
280120-35,original,90,0.0,0,0.0,9763
280120-35,original,91,0.9652942854426168,1,0.0,10394
280120-35,original,92,0.9785225395326882,1,0.0,16799
280120-35,original,93,0.9746079758019581,1,0.0,12529
280120-35,original,94,0.0,0,0.11469534050179211,14899
280120-35,original,95,0.0,0,0.0,14384
280120-35,original,96,0.0,0,0.0,7387
280120-35,original,97,0.0,0,0.00796812749003984,12505
280120-35,original,98,0.0,0,0.10956175298804781,12315
280120-35,original,99,0.0,0,0.0,6440
280120-35,original,100,0.0,0,0.0234375,12836
280120-35,original,101,0.0,0,0.0,20040
280120-35,original,102,0.0,0,0.06275303643724696,10456
280120-35,original,103,0.9631825825294273,1,0.0,11266
280120-35,original,104,0.5948979591836735,1,0.21839080459770116,13429
280120-35,original,105,0.0,0,0.14285714285714285,9910
280120-35,original,106,0.0,0,0.0,13197
280120-35,original,107,0.0,0,0.13878326996197718,14098
280120-35,original,108,0.0,0,0.1645021645021645,8863
280120-35,original,109,0.0,0,0.14423076923076922,12321
280120-35,original,110,0.0,0,0.0,10747
280120-35,original,111,0.0,0,0.046052631578947366,18361
280120-35,original,112,0.0,0,0.04781704781704782,11021
280120-35,original,113,0.0,0,0.0,24040
280120-35,original,114,0.0,0,0.05511811023622047,12316
280120-35,original,115,0.0,0,0.13,11626
280120-35,original,116,0.0,0,0.04563492063492063,11340
280120-35,original,117,0.0,0,0.027559055118110236,8123
280120-35,original,118,0.0,0,0.0,9157
280120-35,original,119,0.0,0,0.07011070110701106,12230
280120-35,original,120,0.0,0,0.0,4150
280120-35,original,121,0.9713651328382207,1,0.0,13041
280120-35,original,122,0.0,0,0.0,12715
280120-35,original,123,0.0,0,0.10819672131147541,18135
280120-35,original,124,0.0,0,0.02631578947368421,12411
280120-35,original,125,0.0,0,0.0,10512
280120-35,original,126,0.5585171281088691,1,0.0,7080
280120-35,original,127,0.0,0,0.10377358490566038,18877
280120-35,original,128,0.4848860816602752,0,0.0,9381
280120-35,original,129,0.5343533078339708,1,0.0,4012
280120-35,original,130,0.0,0,0.1631578947368421,16154
280120-35,original,131,0.0,0,0.18902439024390244,9189
280120-35,original,132,0.0,0,0.10377358490566038,10910
280120-35,original,133,0.0,0,0.0,8934
280120-35,original,134,0.0,0,0.0,9945
280120-35,original,135,0.19783836895111767,0,0.2261904761904762,9677
280120-35,original,136,0.0,0,0.034545454545454546,11873
280120-35,original,137,0.0,0,0.08296943231441048,10232
280120-35,original,138,0.0,0,0.1510204081632653,10999
280120-35,original,139,0.0,0,0.23922413793103448,10243
280120-35,original,140,0.0,0,0.0,4884
280120-35,original,141,0.0,0,0.22151898734177214,9208
280120-35,original,142,0.0,0,0.14917127071823205,5750
280120-35,original,143,0.0,0,0.03518518518518519,12326
280120-35,original,144,0.0,0,0.23595505617977527,7010
280120-35,fix_A_labels,1,0.6847507331378299,1,0.0,12195
280120-35,fix_A_labels,2,0.952734778121775,1,0.0,14486
280120-35,fix_A_labels,3,0.6644435462139585,1,0.0,14828
280120-35,fix_A_labels,4,0.9690783807062877,1,0.0,11511
280120-35,fix_A_labels,5,0.9496266799402688,1,0.0,10031
280120-35,fix_A_labels,6,0.975533671784207,1,0.0,16289
280120-35,fix_A_labels,7,0.0,0,0.0,11881
280120-35,fix_A_labels,8,0.9607863974495218,1,0.0,9380
280120-35,fix_A_labels,9,0.976915974145891,1,0.0,14018
280120-35,fix_A_labels,10,0.0,0,0.0,6376
280120-35,fix_A_labels,11,0.5482983843245102,1,0.0,14522
280120-35,fix_A_labels,12,0.7092342518148466,1,0.0,12737
280120-35,fix_A_labels,13,0.873132244099986,1,0.0,14155
280120-35,fix_A_labels,14,0.9690156292843433,1,0.0,10898
280120-35,fix_A_labels,15,0.9229749143551774,1,0.0,9048
280120-35,fix_A_labels,16,0.9769299747289476,1,0.0,12120
280120-35,fix_A_labels,17,0.8728465307412676,1,0.0,12648
280120-35,fix_A_labels,18,0.7401901294498382,1,0.0,9767
280120-35,fix_A_labels,19,0.9553981241269208,1,0.0,9957
280120-35,fix_A_labels,20,0.9653098982423681,1,0.0,12868
280120-35,fix_A_labels,21,0.9777687626774848,1,0.0,12213
280120-35,fix_A_labels,22,0.8156917746060556,1,0.0,12098
280120-35,fix_A_labels,23,0.9738730747520361,1,0.0,12246
280120-35,fix_A_labels,24,0.0,0,0.0,11703
280120-35,fix_A_labels,25,0.9741810553493626,1,0.0,12339
280120-35,fix_A_labels,26,0.7270768494134546,1,0.0,12525
280120-35,fix_A_labels,27,0.9757937755422823,1,0.0,12652
280120-35,fix_A_labels,28,0.9685748598879104,1,0.0,14786
280120-35,fix_A_labels,29,0.0,0,0.0,8686
280120-35,fix_A_labels,30,0.9511709781111282,1,0.0,13007
280120-35,fix_A_labels,31,0.0,0,0.16017316017316016,10794
280120-35,fix_A_labels,32,0.6525644055778775,1,0.0,8434
280120-35,fix_A_labels,33,0.9679085941381024,1,0.0,9997
280120-35,fix_A_labels,34,0.0,0,0.058935361216730035,13725
280120-35,fix_A_labels,35,0.970392173837763,1,0.0,11480
280120-35,fix_A_labels,36,0.9551234892275354,1,0.0,9452
280120-35,fix_A_labels,37,0.9632313266014029,1,0.0,12844
280120-35,fix_A_labels,38,0.972592727937146,1,0.0,10882
280120-35,fix_A_labels,39,0.0,0,0.0,7846
280120-35,fix_A_labels,40,0.9656282631395754,1,0.0,11400
280120-35,fix_A_labels,41,0.8830503512880562,1,0.0,13539
280120-35,fix_A_labels,42,0.0,0,0.0,9130
280120-35,fix_A_labels,43,0.9318255250403877,1,0.0,9274
280120-35,fix_A_labels,44,0.9753086419753086,1,0.0,11816
280120-35,fix_A_labels,45,0.9640409351234626,1,0.0,10527
280120-35,fix_A_labels,46,0.9612660270779163,1,0.0,11085
280120-35,fix_A_labels,47,0.7971808927173062,1,0.0,11449
280120-35,fix_A_labels,48,0.9643483343074225,1,0.0,8449
280120-35,fix_A_labels,49,0.8169813812227651,1,0.0,7564
280120-35,fix_A_labels,50,0.9719554030874785,1,0.0,11502
280120-35,fix_A_labels,51,0.960633084277336,1,0.0,12367
280120-35,fix_A_labels,52,0.967223709722094,1,0.0,10742
280120-35,fix_A_labels,53,0.9143759873617694,1,0.0,6323
280120-35,fix_A_labels,54,0.9629815325478399,1,0.0,11924
280120-35,fix_A_labels,55,0.0,0,0.0,11875
280120-35,fix_A_labels,56,0.0,0,0.0,15396
280120-35,fix_A_labels,57,0.507245229234302,1,0.0,12612
280120-35,fix_A_labels,58,0.9737339380196524,1,0.0,10514
280120-35,fix_A_labels,59,0.9464421693882731,1,0.0,11779
280120-35,fix_A_labels,60,0.9554876538112148,1,0.0,12078
280120-35,fix_A_labels,61,0.0,0,0.0,5361
280120-35,fix_A_labels,62,0.9563632781717888,1,0.0,10070
280120-35,fix_A_labels,63,0.0,0,0.0,10165
280120-35,fix_A_labels,64,0.9701546531608936,1,0.0,10977
280120-35,fix_A_labels,65,0.9316212871287128,1,0.0,9615
280120-35,fix_A_labels,66,0.48081603435934145,0,0.0,13906
280120-35,fix_A_labels,67,0.965588003157064,1,0.0,12633
280120-35,fix_A_labels,68,0.8349995799378308,1,0.0,11903
280120-35,fix_A_labels,69,0.9725550831078469,1,0.0,12867
280120-35,fix_A_labels,70,0.9734055804683608,1,0.0,15903
280120-35,fix_A_labels,71,0.0,0,0.0,9685
280120-35,fix_A_labels,72,0.81791829580693,1,0.0,14828
280120-35,fix_A_labels,73,0.9608576581390689,1,0.0,14816
280120-35,fix_A_labels,74,0.639173188842063,1,0.0,14886
280120-35,fix_A_labels,75,0.9701299749737629,1,0.0,12346
280120-35,fix_A_labels,76,0.0,0,0.0,7131
280120-35,fix_A_labels,77,0.9206757253029747,1,0.0,13582
280120-35,fix_A_labels,78,0.0,0,0.0,4771
280120-35,fix_A_labels,79,0.0,0,0.021897810218978103,13535
280120-35,fix_A_labels,80,0.0,0,0.007561436672967864,13055
280120-35,fix_A_labels,81,0.4402813219642746,0,0.0,15993
280120-35,fix_A_labels,82,0.8312780668615012,1,0.0,13906
280120-35,fix_A_labels,83,0.9633163863903011,1,0.0,12689
280120-35,fix_A_labels,84,0.0,0,0.0,8400
280120-35,fix_A_labels,85,0.8618881118881119,1,0.0,11416
280120-35,fix_A_labels,86,0.7089766108902653,1,0.0,10743
280120-35,fix_A_labels,87,0.0,0,0.0,9316
280120-35,fix_A_labels,88,0.9752634975263498,1,0.0,13903
280120-35,fix_A_labels,89,0.0,0,0.1267123287671233,16168
280120-35,fix_A_labels,90,0.0,0,0.0,9763
280120-35,fix_A_labels,91,0.9652942854426168,1,0.0,10394
280120-35,fix_A_labels,92,0.9785225395326882,1,0.0,16799
280120-35,fix_A_labels,93,0.9746079758019581,1,0.0,12529
280120-35,fix_A_labels,94,0.0,0,0.11469534050179211,14899
280120-35,fix_A_labels,95,0.5677867106438536,1,0.0,14384
280120-35,fix_A_labels,96,0.0,0,0.0,7387
280120-35,fix_A_labels,97,0.0,0,0.00796812749003984,12505
280120-35,fix_A_labels,98,0.0,0,0.10956175298804781,12315
280120-35,fix_A_labels,99,0.0,0,0.0,6440
280120-35,fix_A_labels,100,0.0,0,0.0234375,12836
280120-35,fix_A_labels,101,0.0,0,0.0,20040
280120-35,fix_A_labels,102,0.0,0,0.06275303643724696,10456
280120-35,fix_A_labels,103,0.9631825825294273,1,0.0,11266
280120-35,fix_A_labels,104,0.5948979591836735,1,0.21839080459770116,13429
280120-35,fix_A_labels,105,0.0,0,0.14285714285714285,9910
280120-35,fix_A_labels,106,0.0,0,0.0,13197
280120-35,fix_A_labels,107,0.0,0,0.13878326996197718,14098
280120-35,fix_A_labels,108,0.0,0,0.1645021645021645,8863
280120-35,fix_A_labels,109,0.0,0,0.14423076923076922,12321
280120-35,fix_A_labels,110,0.0,0,0.0,10747
280120-35,fix_A_labels,111,0.0009229860444510079,0,0.046052631578947366,18361
280120-35,fix_A_labels,112,0.0,0,0.04781704781704782,11021
280120-35,fix_A_labels,113,0.0,0,0.0,24040
280120-35,fix_A_labels,114,0.6964084393622162,1,0.05511811023622047,12316
280120-35,fix_A_labels,115,0.0004884137407065719,0,0.13,11626
280120-35,fix_A_labels,116,0.0,0,0.04563492063492063,11340
280120-35,fix_A_labels,117,0.939157945972256,1,0.027559055118110236,8123
280120-35,fix_A_labels,118,0.0,0,0.0,9157
280120-35,fix_A_labels,119,0.0,0,0.07011070110701106,12230
280120-35,fix_A_labels,120,0.0,0,0.0,4150
280120-35,fix_A_labels,121,0.6612038597028641,1,0.0,13041
280120-35,fix_A_labels,122,0.8633269598470363,1,0.0,12715
280120-35,fix_A_labels,123,0.8854086670323642,1,0.10819672131147541,18135
280120-35,fix_A_labels,124,0.9315752516189436,1,0.02631578947368421,12411
280120-35,fix_A_labels,125,0.0,0,0.0,10512
280120-35,fix_A_labels,126,0.5585171281088691,1,0.0,7080
280120-35,fix_A_labels,127,0.0,0,0.10377358490566038,18877
280120-35,fix_A_labels,128,0.9072756240042485,1,0.0,9381
280120-35,fix_A_labels,129,0.5343533078339708,1,0.0,4012
280120-35,fix_A_labels,130,0.0,0,0.1631578947368421,16154
280120-35,fix_A_labels,131,0.0,0,0.18902439024390244,9189
280120-35,fix_A_labels,132,0.0,0,0.10377358490566038,10910
280120-35,fix_A_labels,133,0.0,0,0.0,8934
280120-35,fix_A_labels,134,0.8115575699468317,1,0.0,9945
280120-35,fix_A_labels,135,0.19783836895111767,0,0.2261904761904762,9677
280120-35,fix_A_labels,136,0.0,0,0.034545454545454546,11873
280120-35,fix_A_labels,137,0.0021878715814506538,0,0.08296943231441048,10232
280120-35,fix_A_labels,138,0.6099258723558126,1,0.1510204081632653,10999
280120-35,fix_A_labels,139,0.0,0,0.23922413793103448,10243
280120-35,fix_A_labels,140,0.007311723129417499,0,0.0,4884
280120-35,fix_A_labels,141,0.6555191025505345,1,0.22151898734177214,9208
280120-35,fix_A_labels,142,0.0006326565825041698,0,0.14917127071823205,5750
280120-35,fix_A_labels,143,0.0,0,0.03518518518518519,12326
280120-35,fix_A_labels,144,0.4724586704185719,0,0.23595505617977527,7010
280120-35,fix_B_labels_local_seeds,1,0.9681699772061217,1,0.0,12195
280120-35,fix_B_labels_local_seeds,2,0.9557083906464925,1,0.0,14486
280120-35,fix_B_labels_local_seeds,3,0.9162624629479924,1,0.0,14828
280120-35,fix_B_labels_local_seeds,4,0.9688280375441316,1,0.0,11511
280120-35,fix_B_labels_local_seeds,5,0.0,0,0.0,10031
280120-35,fix_B_labels_local_seeds,6,0.975533671784207,1,0.0,16289
280120-35,fix_B_labels_local_seeds,7,0.4590026070137078,0,0.0,11881
280120-35,fix_B_labels_local_seeds,8,0.9607863974495218,1,0.0,9380
280120-35,fix_B_labels_local_seeds,9,0.9768449463740323,1,0.0,14018
280120-35,fix_B_labels_local_seeds,10,0.8506857855361596,1,0.0,6376
280120-35,fix_B_labels_local_seeds,11,0.8485910652920963,1,0.0,14522
280120-35,fix_B_labels_local_seeds,12,0.9760962359332557,1,0.0,12737
280120-35,fix_B_labels_local_seeds,13,0.0,0,0.0,14155
280120-35,fix_B_labels_local_seeds,14,0.9686471663619745,1,0.0,10898
280120-35,fix_B_labels_local_seeds,15,0.9204331970383468,1,0.0,9048
280120-35,fix_B_labels_local_seeds,16,0.9769299747289476,1,0.0,12120
280120-35,fix_B_labels_local_seeds,17,0.8962383436067647,1,0.0,12648
280120-35,fix_B_labels_local_seeds,18,0.9684752955441043,1,0.0,9767
280120-35,fix_B_labels_local_seeds,19,0.9552983436439832,1,0.0,9957
280120-35,fix_B_labels_local_seeds,20,0.9653098982423681,1,0.0,12868
280120-35,fix_B_labels_local_seeds,21,0.9778498985801217,1,0.0,12213
280120-35,fix_B_labels_local_seeds,22,0.9689757058437295,1,0.0,12098
280120-35,fix_B_labels_local_seeds,23,0.973397823458283,1,0.0,12246
280120-35,fix_B_labels_local_seeds,24,0.9601154107264087,1,0.0,11703
280120-35,fix_B_labels_local_seeds,25,0.9753126260588947,1,0.0,12339
280120-35,fix_B_labels_local_seeds,26,0.76595914458985,1,0.0,12525
280120-35,fix_B_labels_local_seeds,27,0.974866478165253,1,0.0,12652
280120-35,fix_B_labels_local_seeds,28,0.96877710320902,1,0.0,14786
280120-35,fix_B_labels_local_seeds,29,0.0,0,0.0,8686
280120-35,fix_B_labels_local_seeds,30,0.9510179090769937,1,0.0,13007
280120-35,fix_B_labels_local_seeds,31,0.0,0,0.16017316017316016,10794
280120-35,fix_B_labels_local_seeds,32,0.862821420146261,1,0.0,8434
280120-35,fix_B_labels_local_seeds,33,0.9675079491255962,1,0.0,9997
280120-35,fix_B_labels_local_seeds,34,0.0,0,0.058935361216730035,13725
280120-35,fix_B_labels_local_seeds,35,0.9702978870800139,1,0.0,11480
280120-35,fix_B_labels_local_seeds,36,0.9559642669469259,1,0.0,9452
280120-35,fix_B_labels_local_seeds,37,0.9727917373207955,1,0.0,12844
280120-35,fix_B_labels_local_seeds,38,0.9723186552165175,1,0.0,10882
280120-35,fix_B_labels_local_seeds,39,0.9501905972045743,1,0.0,7846
280120-35,fix_B_labels_local_seeds,40,0.9650970493515537,1,0.0,11400
280120-35,fix_B_labels_local_seeds,41,0.9750639853747715,1,0.0,13539
280120-35,fix_B_labels_local_seeds,42,0.9181580096027936,1,0.0,9130
280120-35,fix_B_labels_local_seeds,43,0.0,0,0.0,9274
280120-35,fix_B_labels_local_seeds,44,0.9748908296943232,1,0.0,11816
280120-35,fix_B_labels_local_seeds,45,0.9649633665226376,1,0.0,10527
280120-35,fix_B_labels_local_seeds,46,0.961355689052273,1,0.0,11085
280120-35,fix_B_labels_local_seeds,47,0.8692463722889686,1,0.0,11449
280120-35,fix_B_labels_local_seeds,48,0.9643483343074225,1,0.0,8449
280120-35,fix_B_labels_local_seeds,49,0.8628020599498217,1,0.0,7564
280120-35,fix_B_labels_local_seeds,50,0.9719554030874785,1,0.0,11502
280120-35,fix_B_labels_local_seeds,51,0.960633084277336,1,0.0,12367
280120-35,fix_B_labels_local_seeds,52,0.9669467269873511,1,0.0,10742
280120-35,fix_B_labels_local_seeds,53,0.9104406886747749,1,0.0,6323
280120-35,fix_B_labels_local_seeds,54,0.9625637168881089,1,0.0,11924
280120-35,fix_B_labels_local_seeds,55,0.5444210526315789,1,0.0,11875
280120-35,fix_B_labels_local_seeds,56,0.3814125429664699,0,0.0,15396
280120-35,fix_B_labels_local_seeds,57,0.9591820622138008,1,0.0,12612
280120-35,fix_B_labels_local_seeds,58,0.9734429638030432,1,0.0,10514
280120-35,fix_B_labels_local_seeds,59,0.0,0,0.0,11779
280120-35,fix_B_labels_local_seeds,60,0.9552436003303055,1,0.0,12078
280120-35,fix_B_labels_local_seeds,61,0.0,0,0.0,5361
280120-35,fix_B_labels_local_seeds,62,0.9525169933996651,1,0.0,10070
280120-35,fix_B_labels_local_seeds,63,0.0,0,0.0,10165
280120-35,fix_B_labels_local_seeds,64,0.9699819168173599,1,0.0,10977
280120-35,fix_B_labels_local_seeds,65,0.9732907084665361,1,0.0,9615
280120-35,fix_B_labels_local_seeds,66,0.9195,1,0.0,13906
280120-35,fix_B_labels_local_seeds,67,0.965588003157064,1,0.0,12633
280120-35,fix_B_labels_local_seeds,68,0.8485320649499754,1,0.0,11903
280120-35,fix_B_labels_local_seeds,69,0.9728748068006182,1,0.0,12867
280120-35,fix_B_labels_local_seeds,70,0.9734055804683608,1,0.0,15903
280120-35,fix_B_labels_local_seeds,71,0.92019359489239,1,0.0,9685
280120-35,fix_B_labels_local_seeds,72,0.8234461372522583,1,0.0,14828
280120-35,fix_B_labels_local_seeds,73,0.8650327233872045,1,0.0,14816
280120-35,fix_B_labels_local_seeds,74,0.9694539135084553,1,0.0,14886
280120-35,fix_B_labels_local_seeds,75,0.9702131094607684,1,0.0,12346
280120-35,fix_B_labels_local_seeds,76,0.0,0,0.0,7131
280120-35,fix_B_labels_local_seeds,77,0.9209657298011301,1,0.0,13582
280120-35,fix_B_labels_local_seeds,78,0.0,0,0.0,4771
280120-35,fix_B_labels_local_seeds,79,0.0,0,0.021897810218978103,13535
280120-35,fix_B_labels_local_seeds,80,0.0,0,0.007561436672967864,13055
280120-35,fix_B_labels_local_seeds,81,0.0,0,0.0,15993
280120-35,fix_B_labels_local_seeds,82,0.8541280479110224,1,0.0,13906
280120-35,fix_B_labels_local_seeds,83,0.96394211967149,1,0.0,12689
280120-35,fix_B_labels_local_seeds,84,0.7500887889191429,1,0.0,8400
280120-35,fix_B_labels_local_seeds,85,0.8982517482517482,1,0.0,11416
280120-35,fix_B_labels_local_seeds,86,0.8776925210317094,1,0.0,10743
280120-35,fix_B_labels_local_seeds,87,0.9437613599914466,1,0.0,9316
280120-35,fix_B_labels_local_seeds,88,0.9750466083464793,1,0.0,13903
280120-35,fix_B_labels_local_seeds,89,0.0,0,0.1267123287671233,16168
280120-35,fix_B_labels_local_seeds,90,0.0,0,0.0,9763
280120-35,fix_B_labels_local_seeds,91,0.9651041171436722,1,0.0,10394
280120-35,fix_B_labels_local_seeds,92,0.9786405475572338,1,0.0,16799
280120-35,fix_B_labels_local_seeds,93,0.9746079758019581,1,0.0,12529
280120-35,fix_B_labels_local_seeds,94,0.0,0,0.11469534050179211,14899
280120-35,fix_B_labels_local_seeds,95,0.9672187478523813,1,0.0,14384
280120-35,fix_B_labels_local_seeds,96,0.9408188082691528,1,0.0,7387
280120-35,fix_B_labels_local_seeds,97,0.0,0,0.00796812749003984,12505
280120-35,fix_B_labels_local_seeds,98,0.0,0,0.10956175298804781,12315
280120-35,fix_B_labels_local_seeds,99,0.0,0,0.0,6440
280120-35,fix_B_labels_local_seeds,100,0.0,0,0.0234375,12836
280120-35,fix_B_labels_local_seeds,101,0.0,0,0.0,20040
280120-35,fix_B_labels_local_seeds,102,0.0,0,0.06275303643724696,10456
280120-35,fix_B_labels_local_seeds,103,0.963979113195858,1,0.0,11266
280120-35,fix_B_labels_local_seeds,104,0.0,0,0.21839080459770116,13429
280120-35,fix_B_labels_local_seeds,105,0.0,0,0.14285714285714285,9910
280120-35,fix_B_labels_local_seeds,106,0.04687054607647514,0,0.0,13197
280120-35,fix_B_labels_local_seeds,107,0.0,0,0.13878326996197718,14098
280120-35,fix_B_labels_local_seeds,108,0.0,0,0.1645021645021645,8863
280120-35,fix_B_labels_local_seeds,109,0.0,0,0.14423076923076922,12321
280120-35,fix_B_labels_local_seeds,110,0.0,0,0.0,10747
280120-35,fix_B_labels_local_seeds,111,0.0,0,0.046052631578947366,18361
280120-35,fix_B_labels_local_seeds,112,0.0,0,0.04781704781704782,11021
280120-35,fix_B_labels_local_seeds,113,0.0,0,0.0,24040
280120-35,fix_B_labels_local_seeds,114,0.0,0,0.05511811023622047,12316
280120-35,fix_B_labels_local_seeds,115,0.0,0,0.13,11626
280120-35,fix_B_labels_local_seeds,116,0.0,0,0.04563492063492063,11340
280120-35,fix_B_labels_local_seeds,117,0.9385570020683781,1,0.027559055118110236,8123
280120-35,fix_B_labels_local_seeds,118,0.0,0,0.0,9157
280120-35,fix_B_labels_local_seeds,119,0.0,0,0.07011070110701106,12230
280120-35,fix_B_labels_local_seeds,120,0.0,0,0.0,4150
280120-35,fix_B_labels_local_seeds,121,0.9715926493108729,1,0.0,13041
280120-35,fix_B_labels_local_seeds,122,0.9491447770311545,1,0.0,12715
280120-35,fix_B_labels_local_seeds,123,0.0,0,0.10819672131147541,18135
280120-35,fix_B_labels_local_seeds,124,0.0005442850074220683,0,0.02631578947368421,12411
280120-35,fix_B_labels_local_seeds,125,0.0,0,0.0,10512
280120-35,fix_B_labels_local_seeds,126,0.5920090039392234,1,0.0,7080
280120-35,fix_B_labels_local_seeds,127,0.0,0,0.10377358490566038,18877
280120-35,fix_B_labels_local_seeds,128,0.9072756240042485,1,0.0,9381
280120-35,fix_B_labels_local_seeds,129,0.5343533078339708,1,0.0,4012
280120-35,fix_B_labels_local_seeds,130,0.0,0,0.1631578947368421,16154
280120-35,fix_B_labels_local_seeds,131,0.0,0,0.18902439024390244,9189
280120-35,fix_B_labels_local_seeds,132,0.0,0,0.10377358490566038,10910
280120-35,fix_B_labels_local_seeds,133,0.0,0,0.0,8934
280120-35,fix_B_labels_local_seeds,134,0.8282881002087683,1,0.0,9945
280120-35,fix_B_labels_local_seeds,135,0.0,0,0.2261904761904762,9677
280120-35,fix_B_labels_local_seeds,136,0.0,0,0.034545454545454546,11873
280120-35,fix_B_labels_local_seeds,137,0.0021637894538783574,0,0.08296943231441048,10232
280120-35,fix_B_labels_local_seeds,138,0.0,0,0.1510204081632653,10999
280120-35,fix_B_labels_local_seeds,139,0.0,0,0.23922413793103448,10243
280120-35,fix_B_labels_local_seeds,140,0.0071143995446784295,0,0.0,4884
280120-35,fix_B_labels_local_seeds,141,0.0,0,0.22151898734177214,9208
280120-35,fix_B_labels_local_seeds,142,0.0005929919137466307,0,0.14917127071823205,5750
280120-35,fix_B_labels_local_seeds,143,0.0,0,0.03518518518518519,12326
280120-35,fix_B_labels_local_seeds,144,0.0,0,0.23595505617977527,7010
280120-35,cellpose_sam,1,0.9586510494457983,1,0.0,12195
280120-35,cellpose_sam,2,0.9678325419648232,1,0.0,14486
280120-35,cellpose_sam,3,0.9551633060619725,1,0.0,14828
280120-35,cellpose_sam,4,0.9659978171438166,1,0.0,11511
280120-35,cellpose_sam,5,0.9627526467757459,1,0.0,10031
280120-35,cellpose_sam,6,0.9597007011135332,1,0.0,16289
280120-35,cellpose_sam,7,0.9677340503544366,1,0.0,11881
280120-35,cellpose_sam,8,0.9440477459234786,1,0.0,9380
280120-35,cellpose_sam,9,0.9674228800663992,1,0.0,14018
280120-35,cellpose_sam,10,0.9433085501858736,1,0.0,6376
280120-35,cellpose_sam,11,0.9708497693387711,1,0.0,14522
280120-35,cellpose_sam,12,0.9447411363299214,1,0.0,12737
280120-35,cellpose_sam,13,0.9402152251893184,1,0.0,14155
280120-35,cellpose_sam,14,0.9489724834552421,1,0.0,10898
280120-35,cellpose_sam,15,0.9404433660527186,1,0.0,9048
280120-35,cellpose_sam,16,0.9378627253733653,1,0.0,12120
280120-35,cellpose_sam,17,0.9589051482295853,1,0.0,12648
280120-35,cellpose_sam,18,0.9583006279434851,1,0.0,9767
280120-35,cellpose_sam,19,0.9555363487947758,1,0.0,9957
280120-35,cellpose_sam,20,0.9502289174420322,1,0.0,12868
280120-35,cellpose_sam,21,0.9478463329452852,1,0.0,12213
280120-35,cellpose_sam,22,0.9685373468897607,1,0.0,12098
280120-35,cellpose_sam,23,0.9518849591916051,1,0.0,12246
280120-35,cellpose_sam,24,0.9598130074632986,1,0.0,11703
280120-35,cellpose_sam,25,0.967833045661384,1,0.0,12339
280120-35,cellpose_sam,26,0.9580050485733955,1,0.0,12525
280120-35,cellpose_sam,27,0.9552283880709702,1,0.0,12652
280120-35,cellpose_sam,28,0.9655942219304006,1,0.0,14786
280120-35,cellpose_sam,29,0.9637381085618355,1,0.0,8686
280120-35,cellpose_sam,30,0.9679845134390589,1,0.0,13007
280120-35,cellpose_sam,31,0.9567572367252708,1,0.16017316017316016,10794
280120-35,cellpose_sam,32,0.9071445469600189,1,0.0,8434
280120-35,cellpose_sam,33,0.9337754530169998,1,0.0,9997
280120-35,cellpose_sam,34,0.9620776671807094,1,0.058935361216730035,13725
280120-35,cellpose_sam,35,0.9615545690593852,1,0.0,11480
280120-35,cellpose_sam,36,0.9475215733493879,1,0.0,9452
280120-35,cellpose_sam,37,0.9569363731187602,1,0.0,12844
280120-35,cellpose_sam,38,0.9630940791220463,1,0.0,10882
280120-35,cellpose_sam,39,0.959256087116114,1,0.0,7846
280120-35,cellpose_sam,40,0.950792326939116,1,0.0,11400
280120-35,cellpose_sam,41,0.9415159944367176,1,0.0,13539
280120-35,cellpose_sam,42,0.9290729622468709,1,0.0,9130
280120-35,cellpose_sam,43,0.9404725687049995,1,0.0,9274
280120-35,cellpose_sam,44,0.9474021808851828,1,0.0,11816
280120-35,cellpose_sam,45,0.944205238607822,1,0.0,10527
280120-35,cellpose_sam,46,0.9510123541523678,1,0.0,11085
280120-35,cellpose_sam,47,0.9511303191489362,1,0.0,11449
280120-35,cellpose_sam,48,0.9673149959719185,1,0.0,8449
280120-35,cellpose_sam,49,0.912382714417867,1,0.0,7564
280120-35,cellpose_sam,50,0.9248210983356114,1,0.0,11502
280120-35,cellpose_sam,51,0.9424343379561478,1,0.0,12367
280120-35,cellpose_sam,52,0.9565449688334817,1,0.0,10742
280120-35,cellpose_sam,53,0.8238178080025305,1,0.0,6323
280120-35,cellpose_sam,54,0.9639070971918751,1,0.0,11924
280120-35,cellpose_sam,55,0.9271079590228526,1,0.0,11875
280120-35,cellpose_sam,56,0.9611225701606351,1,0.0,15396
280120-35,cellpose_sam,57,0.9299513346114142,1,0.0,12612
280120-35,cellpose_sam,58,0.9575398633257404,1,0.0,10514
280120-35,cellpose_sam,59,0.952130670332336,1,0.0,11779
280120-35,cellpose_sam,60,0.9615476474802962,1,0.0,12078
280120-35,cellpose_sam,61,0.9254394079555966,1,0.0,5361
280120-35,cellpose_sam,62,0.9519485433219826,1,0.0,10070
280120-35,cellpose_sam,63,0.9553756354735454,1,0.0,10165
280120-35,cellpose_sam,64,0.9516254876462938,1,0.0,10977
280120-35,cellpose_sam,65,0.9404342723004695,1,0.0,9615
280120-35,cellpose_sam,66,0.9516184219530555,1,0.0,13906
280120-35,cellpose_sam,67,0.9491359879789631,1,0.0,12633
280120-35,cellpose_sam,68,0.9026817594773228,1,0.0,11903
280120-35,cellpose_sam,69,0.9546668645199584,1,0.0,12867
280120-35,cellpose_sam,70,0.9589941506361936,1,0.0,15903
280120-35,cellpose_sam,71,0.964833632197649,1,0.0,9685
280120-35,cellpose_sam,72,0.9162701600444911,1,0.0,14828
280120-35,cellpose_sam,73,0.9444763179702939,1,0.0,14816
280120-35,cellpose_sam,74,0.9689942678478374,1,0.0,14886
280120-35,cellpose_sam,75,0.9637030676762157,1,0.0,12346
280120-35,cellpose_sam,76,0.9103912494741271,1,0.0,7131
280120-35,cellpose_sam,77,0.9435876059469224,1,0.0,13582
280120-35,cellpose_sam,78,0.7977810341218338,1,0.0,4771
280120-35,cellpose_sam,79,0.9504364967614757,1,0.021897810218978103,13535
280120-35,cellpose_sam,80,0.9484199055575736,1,0.007561436672967864,13055
280120-35,cellpose_sam,81,0.9598605936786444,1,0.0,15993
280120-35,cellpose_sam,82,0.9611529688256031,1,0.0,13906
280120-35,cellpose_sam,83,0.9432096930052777,1,0.0,12689
280120-35,cellpose_sam,84,0.9466759002770083,1,0.0,8400
280120-35,cellpose_sam,85,0.9389551624845742,1,0.0,11416
280120-35,cellpose_sam,86,0.9479396452836848,1,0.0,10743
280120-35,cellpose_sam,87,0.9739130434782609,1,0.0,9316
280120-35,cellpose_sam,88,0.9723273083928822,1,0.0,13903
280120-35,cellpose_sam,89,0.9575418329065682,1,0.1267123287671233,16168
280120-35,cellpose_sam,90,0.9450945972303492,1,0.0,9763
280120-35,cellpose_sam,91,0.9548607899361761,1,0.0,10394
280120-35,cellpose_sam,92,0.9537299875099353,1,0.0,16799
280120-35,cellpose_sam,93,0.9508234044167868,1,0.0,12529
280120-35,cellpose_sam,94,0.9532512504809542,1,0.11469534050179211,14899
280120-35,cellpose_sam,95,0.9566374035647779,1,0.0,14384
280120-35,cellpose_sam,96,0.9593594401830171,1,0.0,7387
280120-35,cellpose_sam,97,0.9666718218373028,1,0.00796812749003984,12505
280120-35,cellpose_sam,98,0.9645206766917294,1,0.10956175298804781,12315
280120-35,cellpose_sam,99,0.8343167701863354,1,0.0,6440
280120-35,cellpose_sam,100,0.9582080577269994,1,0.0234375,12836
280120-35,cellpose_sam,101,0.9529697084977887,1,0.0,20040
280120-35,cellpose_sam,102,0.970648912228057,1,0.06275303643724696,10456
280120-35,cellpose_sam,103,0.9671990382964107,1,0.0,11266
280120-35,cellpose_sam,104,0.938494018296974,1,0.21839080459770116,13429
280120-35,cellpose_sam,105,0.9670846394984326,1,0.14285714285714285,9910
280120-35,cellpose_sam,106,0.9446991404011461,1,0.0,13197
280120-35,cellpose_sam,107,0.9414088656756395,1,0.13878326996197718,14098
280120-35,cellpose_sam,108,0.9575836877112638,1,0.1645021645021645,8863
280120-35,cellpose_sam,109,0.9530871906954961,1,0.14423076923076922,12321
280120-35,cellpose_sam,110,0.8702024291497976,1,0.0,10747
280120-35,cellpose_sam,111,0.9578700078308535,1,0.046052631578947366,18361
280120-35,cellpose_sam,112,0.9546045222212597,1,0.04781704781704782,11021
280120-35,cellpose_sam,113,0.5375503824956815,1,0.0,24040
280120-35,cellpose_sam,114,0.9670018856065368,1,0.05511811023622047,12316
280120-35,cellpose_sam,115,0.9523574831608346,1,0.13,11626
280120-35,cellpose_sam,116,0.9561306745863386,1,0.04563492063492063,11340
280120-35,cellpose_sam,117,0.9319237918215614,1,0.027559055118110236,8123
280120-35,cellpose_sam,118,0.946759741612836,1,0.0,9157
280120-35,cellpose_sam,119,0.8862878678069286,1,0.07011070110701106,12230
280120-35,cellpose_sam,120,0.0,0,0.0,4150
280120-35,cellpose_sam,121,0.9601590691508948,1,0.0,13041
280120-35,cellpose_sam,122,0.9658559042430753,1,0.0,12715
280120-35,cellpose_sam,123,0.956669318483161,1,0.10819672131147541,18135
280120-35,cellpose_sam,124,0.9508435582822086,1,0.02631578947368421,12411
280120-35,cellpose_sam,125,0.9485786710121311,1,0.0,10512
280120-35,cellpose_sam,126,0.6154916108841172,1,0.0,7080
280120-35,cellpose_sam,127,0.9570088719898606,1,0.10377358490566038,18877
280120-35,cellpose_sam,128,0.9600575007700995,1,0.0,9381
280120-35,cellpose_sam,129,0.0,0,0.0,4012
280120-35,cellpose_sam,130,0.9427765101477122,1,0.1631578947368421,16154
280120-35,cellpose_sam,131,0.9181151411634683,1,0.18902439024390244,9189
280120-35,cellpose_sam,132,0.9390805596593378,1,0.10377358490566038,10910
280120-35,cellpose_sam,133,0.0,0,0.0,8934
280120-35,cellpose_sam,134,0.7384169884169884,1,0.0,9945
280120-35,cellpose_sam,135,0.9438434303697876,1,0.2261904761904762,9677
280120-35,cellpose_sam,136,0.9288534364676496,1,0.034545454545454546,11873
280120-35,cellpose_sam,137,0.9061667301103921,1,0.08296943231441048,10232
280120-35,cellpose_sam,138,0.9530638852672751,1,0.1510204081632653,10999
280120-35,cellpose_sam,139,0.9474813432835821,1,0.23922413793103448,10243
280120-35,cellpose_sam,140,0.41313918049441245,0,0.0,4884
280120-35,cellpose_sam,141,0.4082827118343458,0,0.22151898734177214,9208
280120-35,cellpose_sam,142,0.47782173217742613,0,0.14917127071823205,5750
280120-35,cellpose_sam,143,0.8998320800175221,1,0.03518518518518519,12326
280120-35,cellpose_sam,144,0.31082339378353213,0,0.23595505617977527,7010
280120-36,original,1,0.9788571428571429,1,0.0,15677
280120-36,original,2,0.6446932006633499,1,0.0,12016
280120-36,original,3,0.9574120361468949,1,0.0,10337
280120-36,original,4,0.9685503685503686,1,0.0,8064
280120-36,original,5,0.0,0,0.0,9156
280120-36,original,6,0.9627902639186795,1,0.0,10689
280120-36,original,7,0.9677268109713214,1,0.0,12625
280120-36,original,8,0.9654344695151225,1,0.0,10384
280120-36,original,9,0.9767256018379782,1,0.0,9952
280120-36,original,10,0.9572164406601492,1,0.0,9431
280120-36,original,11,0.9420654911838791,1,0.0,8724
280120-36,original,12,0.9611254104908139,1,0.0,10939
280120-36,original,13,0.9134251290877797,1,0.0,5798
280120-36,original,14,0.970521731848254,1,0.0,11825
280120-36,original,15,0.7047070360382447,1,0.0,16247
280120-36,original,16,0.9636275460717749,1,0.0,12310
280120-36,original,17,0.9592118226600985,1,0.0,10029
280120-36,original,18,0.0,0,0.0,13191
280120-36,original,19,0.9252753015207131,1,0.0,7554
280120-36,original,20,0.0,0,0.0,9180
280120-36,original,21,0.9486106640918356,1,0.0,9246
280120-36,original,22,0.9465419697494516,1,0.0,8598
280120-36,original,23,0.0,0,0.0,11072
280120-36,original,24,0.9377517744101286,1,0.0,10371
280120-36,original,25,0.9723719165085389,1,0.0,13037
280120-36,original,26,0.9315657967795669,1,0.0,7114
280120-36,original,27,0.0,0,0.07142857142857142,11065
280120-36,original,28,0.9677571860816944,1,0.0,10417
280120-36,original,29,0.9628554265118142,1,0.0,9916
280120-36,original,30,0.9642081307541119,1,0.0,9610
280120-36,original,31,0.9482738024130928,1,0.0,8325
280120-36,original,32,0.9737148173993952,1,0.0,12849
280120-36,original,33,0.9497192659012822,1,0.0,11856
280120-36,original,34,0.9623416925270486,1,0.0,11869
280120-36,original,35,0.8629127358490566,1,0.0,9708
280120-36,original,36,0.9429580334102947,1,0.0,7330
280120-36,original,37,0.8783269961977186,1,0.0,13910
280120-36,original,38,0.9576166492445121,1,0.0,10403
280120-36,original,39,0.956727781230578,1,0.0,12665
280120-36,original,40,0.9585856786604916,1,0.0,11030
280120-36,original,41,0.8842798223350253,1,0.0,12496
280120-36,original,42,0.8186232945348031,1,0.0,12967
280120-36,original,43,0.8844490216271884,1,0.0,9638
280120-36,original,44,0.9396845312780068,1,0.0,10748
280120-36,original,45,0.9498125426039536,1,0.0,11714
280120-36,original,46,0.5269907977682776,1,0.0,13776
280120-36,original,47,0.0,0,0.0,8994
280120-36,original,48,0.9298857868020305,1,0.0,9336
280120-36,original,49,0.9734903091462438,1,0.0,12350
280120-36,original,50,0.7247818335366426,1,0.0,10622
280120-36,original,51,0.7849433106575964,1,0.0,10977
280120-36,original,52,0.9277000559597091,1,0.0,8827
280120-36,original,53,0.7699525333922066,1,0.0,9028
280120-36,original,54,0.9466957297136629,1,0.0,9892
280120-36,original,55,0.973954763536669,1,0.0,13101
280120-36,original,56,0.7187419215855235,1,0.0,11549
280120-36,original,57,0.5210162277201383,1,0.0,8282
280120-36,original,58,0.7925486064553203,1,0.0,10398
280120-36,original,59,0.9689570980118591,1,0.0,8563
280120-36,original,60,0.0,0,0.0,8245
280120-36,original,61,0.0,0,0.0,13680
280120-36,original,62,0.9565017049119897,1,0.0,10664
280120-36,original,63,0.973918317832592,1,0.0,9831
280120-36,original,64,0.7124651232938692,1,0.0,13257
280120-36,original,65,0.9722186495176849,1,0.0,7663
280120-36,original,66,0.9320630486831604,1,0.0,10000
280120-36,original,67,0.8852351508338018,1,0.0,10619
280120-36,original,68,0.6668573389772338,1,0.0,17419
280120-36,original,69,0.9798338307655078,1,0.0,12317
280120-36,original,70,0.37012987012987014,0,0.0,8833
280120-36,original,71,0.9410450143662871,1,0.0,9354
280120-36,original,72,0.9732588004230246,1,0.0,13164
280120-36,original,73,0.0,0,0.07086614173228346,10728
280120-36,original,74,0.959099643151249,1,0.0,10886
280120-36,original,75,0.9006815968841285,1,0.0,8925
280120-36,original,76,0.9447615165103954,1,0.0,9770
280120-36,original,77,0.9356507345334161,1,0.0,9554
280120-36,original,78,0.0,0,0.0,6779
280120-36,original,79,0.0,0,0.0,10382
280120-36,original,80,0.7642473934608766,1,0.0,8216
280120-36,original,81,0.9689068704577808,1,0.0,13254
280120-36,original,82,0.9404648956356736,1,0.0,8426
280120-36,original,83,0.4946903162849435,0,0.0,17394
280120-36,original,84,0.8140292456927755,1,0.0,13794
280120-36,original,85,0.0,0,0.0,17091
280120-36,original,86,0.0,0,0.0,15856
280120-36,original,87,0.0,0,0.0,11982
280120-36,original,88,0.9685990338164251,1,0.0,13640
280120-36,original,89,0.6624915368991199,1,0.01020408163265306,11763
280120-36,original,90,0.9607701066142221,1,0.0,9626
280120-36,original,91,0.9198682766190999,1,0.0,6361
280120-36,original,92,0.0,0,0.0,5864
280120-36,original,93,0.0,0,0.056112224448897796,10963
280120-36,original,94,0.0,0,0.0,17765
280120-36,original,95,0.9549208876505125,1,0.0,9886
280120-36,original,96,0.5453284798058589,1,0.0,11311
280120-36,original,97,0.9563070846704518,1,0.0,15957
280120-36,original,98,0.0,0,0.0,5190
280120-36,original,99,0.0,0,0.06875,11035
280120-36,original,100,0.0,0,0.0,13289
280120-36,original,101,0.0,0,0.0019230769230769232,13072
280120-36,original,102,0.9349630996309963,1,0.0,6371
280120-36,original,103,0.0,0,0.0,13658
280120-36,original,104,0.0,0,0.20346320346320346,10867
280120-36,original,105,0.9239886219974716,1,0.0,6272
280120-36,original,106,0.0004007327684909549,0,0.0,8562
280120-36,original,107,0.0,0,0.0,28280
280120-36,original,108,0.0,0,0.1649659863945578,16096
280120-36,original,109,0.9607584935475375,1,0.0,7513
280120-36,original,110,0.0,0,0.043859649122807015,12158
280120-36,original,111,0.0,0,0.0,11718
280120-36,original,112,0.0,0,0.0,5662
280120-36,original,113,0.0,0,0.14367816091954022,13768
280120-36,original,114,0.0,0,0.0017605633802816902,15081
280120-36,original,115,0.8076049943246311,1,0.0,8740
280120-36,original,116,0.0,0,0.045372050816696916,11425
280120-36,original,117,0.0,0,0.0,25841
280120-36,original,118,0.0,0,0.16736401673640167,10835
280120-36,original,119,0.8954395862717442,1,0.0,9817
280120-36,original,120,0.0,0,0.056,10635
280120-36,original,121,0.0,0,0.0,12315
280120-36,original,122,0.0,0,0.2582236842105263,17515
280120-36,original,123,0.0,0,0.017467248908296942,10449
280120-36,original,124,0.0,0,0.0,8372
280120-36,original,125,0.0,0,0.0,7387
280120-36,original,126,0.0,0,0.001893939393939394,13475
280120-36,original,127,0.0,0,0.022388059701492536,10034
280120-36,original,128,0.0,0,0.0,9075
280120-36,original,129,0.0,0,0.16275167785234898,7459
280120-36,original,130,0.0,0,0.06108597285067873,4705
280120-36,original,131,0.0,0,0.0,11631
280120-36,original,132,0.6387832699619772,1,0.0,14110
280120-36,original,133,0.0,0,0.16271186440677965,11588
280120-36,original,134,0.0,0,0.30343511450381677,10279
280120-36,fix_A_labels,1,0.9788571428571429,1,0.0,15677
280120-36,fix_A_labels,2,0.6446932006633499,1,0.0,12016
280120-36,fix_A_labels,3,0.9574120361468949,1,0.0,10337
280120-36,fix_A_labels,4,0.9685503685503686,1,0.0,8064
280120-36,fix_A_labels,5,0.0,0,0.0,9156
280120-36,fix_A_labels,6,0.9627902639186795,1,0.0,10689
280120-36,fix_A_labels,7,0.9677268109713214,1,0.0,12625
280120-36,fix_A_labels,8,0.9654344695151225,1,0.0,10384
280120-36,fix_A_labels,9,0.9767256018379782,1,0.0,9952
280120-36,fix_A_labels,10,0.9572164406601492,1,0.0,9431
280120-36,fix_A_labels,11,0.9420654911838791,1,0.0,8724
280120-36,fix_A_labels,12,0.9611254104908139,1,0.0,10939
280120-36,fix_A_labels,13,0.9134251290877797,1,0.0,5798
280120-36,fix_A_labels,14,0.7249790444258173,1,0.0,11825
280120-36,fix_A_labels,15,0.7047070360382447,1,0.0,16247
280120-36,fix_A_labels,16,0.9636275460717749,1,0.0,12310
280120-36,fix_A_labels,17,0.9592118226600985,1,0.0,10029
280120-36,fix_A_labels,18,0.0,0,0.0,13191
280120-36,fix_A_labels,19,0.9252753015207131,1,0.0,7554
280120-36,fix_A_labels,20,0.95,1,0.0,9180
280120-36,fix_A_labels,21,0.9486106640918356,1,0.0,9246
280120-36,fix_A_labels,22,0.9465419697494516,1,0.0,8598
280120-36,fix_A_labels,23,0.527763041556145,1,0.0,11072
280120-36,fix_A_labels,24,0.0,0,0.0,10371
280120-36,fix_A_labels,25,0.9723719165085389,1,0.0,13037
280120-36,fix_A_labels,26,0.9315657967795669,1,0.0,7114
280120-36,fix_A_labels,27,0.7409363530570227,1,0.07142857142857142,11065
280120-36,fix_A_labels,28,0.7778516478298034,1,0.0,10417
280120-36,fix_A_labels,29,0.9628554265118142,1,0.0,9916
280120-36,fix_A_labels,30,0.9642081307541119,1,0.0,9610
280120-36,fix_A_labels,31,0.0,0,0.0,8325
280120-36,fix_A_labels,32,0.9737148173993952,1,0.0,12849
280120-36,fix_A_labels,33,0.9497192659012822,1,0.0,11856
280120-36,fix_A_labels,34,0.9623416925270486,1,0.0,11869
280120-36,fix_A_labels,35,0.8629127358490566,1,0.0,9708
280120-36,fix_A_labels,36,0.9429580334102947,1,0.0,7330
280120-36,fix_A_labels,37,0.8783269961977186,1,0.0,13910
280120-36,fix_A_labels,38,0.0,0,0.0,10403
280120-36,fix_A_labels,39,0.956727781230578,1,0.0,12665
280120-36,fix_A_labels,40,0.9585856786604916,1,0.0,11030
280120-36,fix_A_labels,41,0.8842798223350253,1,0.0,12496
280120-36,fix_A_labels,42,0.8186232945348031,1,0.0,12967
280120-36,fix_A_labels,43,0.8844490216271884,1,0.0,9638
280120-36,fix_A_labels,44,0.9396845312780068,1,0.0,10748
280120-36,fix_A_labels,45,0.9498125426039536,1,0.0,11714
280120-36,fix_A_labels,46,0.5245272081733208,1,0.0,13776
280120-36,fix_A_labels,47,0.0,0,0.0,8994
280120-36,fix_A_labels,48,0.9298857868020305,1,0.0,9336
280120-36,fix_A_labels,49,0.9734903091462438,1,0.0,12350
280120-36,fix_A_labels,50,0.4700742271915813,0,0.0,10622
280120-36,fix_A_labels,51,0.7849433106575964,1,0.0,10977
280120-36,fix_A_labels,52,0.9277000559597091,1,0.0,8827
280120-36,fix_A_labels,53,0.0,0,0.0,9028
280120-36,fix_A_labels,54,0.9466957297136629,1,0.0,9892
280120-36,fix_A_labels,55,0.973954763536669,1,0.0,13101
280120-36,fix_A_labels,56,0.7187419215855235,1,0.0,11549
280120-36,fix_A_labels,57,0.9083951762523191,1,0.0,8282
280120-36,fix_A_labels,58,0.7925486064553203,1,0.0,10398
280120-36,fix_A_labels,59,0.0,0,0.0,8563
280120-36,fix_A_labels,60,0.945419572012503,1,0.0,8245
280120-36,fix_A_labels,61,0.9593140068886338,1,0.0,13680
280120-36,fix_A_labels,62,0.9565017049119897,1,0.0,10664
280120-36,fix_A_labels,63,0.973918317832592,1,0.0,9831
280120-36,fix_A_labels,64,0.7124651232938692,1,0.0,13257
280120-36,fix_A_labels,65,0.0,0,0.0,7663
280120-36,fix_A_labels,66,0.5574293982636463,1,0.0,10000
280120-36,fix_A_labels,67,0.8852351508338018,1,0.0,10619
280120-36,fix_A_labels,68,0.6668573389772338,1,0.0,17419
280120-36,fix_A_labels,69,0.9798338307655078,1,0.0,12317
280120-36,fix_A_labels,70,0.5735343383584589,1,0.0,8833
280120-36,fix_A_labels,71,0.9410450143662871,1,0.0,9354
280120-36,fix_A_labels,72,0.9732588004230246,1,0.0,13164
280120-36,fix_A_labels,73,0.9125630763876805,1,0.07086614173228346,10728
280120-36,fix_A_labels,74,0.5466276196577285,1,0.0,10886
280120-36,fix_A_labels,75,0.9006815968841285,1,0.0,8925
280120-36,fix_A_labels,76,0.9447615165103954,1,0.0,9770
280120-36,fix_A_labels,77,0.9356507345334161,1,0.0,9554
280120-36,fix_A_labels,78,0.0,0,0.0,6779
280120-36,fix_A_labels,79,0.8008719552649038,1,0.0,10382
280120-36,fix_A_labels,80,0.9104063668153864,1,0.0,8216
280120-36,fix_A_labels,81,0.9689068704577808,1,0.0,13254
280120-36,fix_A_labels,82,0.9404648956356736,1,0.0,8426
280120-36,fix_A_labels,83,0.0,0,0.0,17394
280120-36,fix_A_labels,84,0.8140292456927755,1,0.0,13794
280120-36,fix_A_labels,85,0.3837768679631525,0,0.0,17091
280120-36,fix_A_labels,86,0.0,0,0.0,15856
280120-36,fix_A_labels,87,0.626509012733587,1,0.0,11982
280120-36,fix_A_labels,88,0.6641774654074237,1,0.0,13640
280120-36,fix_A_labels,89,0.0,0,0.01020408163265306,11763
280120-36,fix_A_labels,90,0.5593746764675432,1,0.0,9626
280120-36,fix_A_labels,91,0.9198682766190999,1,0.0,6361
280120-36,fix_A_labels,92,0.0,0,0.0,5864
280120-36,fix_A_labels,93,0.011375243755223327,0,0.056112224448897796,10963
280120-36,fix_A_labels,94,0.550614099040996,1,0.0,17765
280120-36,fix_A_labels,95,0.9549208876505125,1,0.0,9886
280120-36,fix_A_labels,96,0.5453284798058589,1,0.0,11311
280120-36,fix_A_labels,97,0.8396144816508093,1,0.0,15957
280120-36,fix_A_labels,98,0.0,0,0.0,5190
280120-36,fix_A_labels,99,0.0,0,0.06875,11035
280120-36,fix_A_labels,100,0.0,0,0.0,13289
280120-36,fix_A_labels,101,0.0,0,0.0019230769230769232,13072
280120-36,fix_A_labels,102,0.0,0,0.0,6371
280120-36,fix_A_labels,103,0.0,0,0.0,13658
280120-36,fix_A_labels,104,0.0,0,0.20346320346320346,10867
280120-36,fix_A_labels,105,0.0,0,0.0,6272
280120-36,fix_A_labels,106,0.0004007327684909549,0,0.0,8562
280120-36,fix_A_labels,107,0.18387413962635202,0,0.0,28280
280120-36,fix_A_labels,108,0.0,0,0.1649659863945578,16096
280120-36,fix_A_labels,109,0.9607584935475375,1,0.0,7513
280120-36,fix_A_labels,110,0.0,0,0.043859649122807015,12158
280120-36,fix_A_labels,111,0.0,0,0.0,11718
280120-36,fix_A_labels,112,0.0,0,0.0,5662
280120-36,fix_A_labels,113,0.4750072233458538,0,0.14367816091954022,13768
280120-36,fix_A_labels,114,0.7157574186860178,1,0.0017605633802816902,15081
280120-36,fix_A_labels,115,0.8076049943246311,1,0.0,8740
280120-36,fix_A_labels,116,0.0006791035832700835,0,0.045372050816696916,11425
280120-36,fix_A_labels,117,0.0,0,0.0,25841
280120-36,fix_A_labels,118,0.8350054724553083,1,0.16736401673640167,10835
280120-36,fix_A_labels,119,0.8954395862717442,1,0.0,9817
280120-36,fix_A_labels,120,0.0,0,0.056,10635
280120-36,fix_A_labels,121,0.0,0,0.0,12315
280120-36,fix_A_labels,122,0.0,0,0.2582236842105263,17515
280120-36,fix_A_labels,123,0.9464628900887709,1,0.017467248908296942,10449
280120-36,fix_A_labels,124,0.0,0,0.0,8372
280120-36,fix_A_labels,125,0.5284394019084829,1,0.0,7387
280120-36,fix_A_labels,126,0.42121151137049706,0,0.001893939393939394,13475
280120-36,fix_A_labels,127,0.0,0,0.022388059701492536,10034
280120-36,fix_A_labels,128,0.678520935290919,1,0.0,9075
280120-36,fix_A_labels,129,0.0,0,0.16275167785234898,7459
280120-36,fix_A_labels,130,0.0,0,0.06108597285067873,4705
280120-36,fix_A_labels,131,0.0,0,0.0,11631
280120-36,fix_A_labels,132,0.6387832699619772,1,0.0,14110
280120-36,fix_A_labels,133,0.0,0,0.16271186440677965,11588
280120-36,fix_A_labels,134,0.0,0,0.30343511450381677,10279
280120-36,fix_B_labels_local_seeds,1,0.9787936507936508,1,0.0,15677
280120-36,fix_B_labels_local_seeds,2,0.7332946443375892,1,0.0,12016
280120-36,fix_B_labels_local_seeds,3,0.9574120361468949,1,0.0,10337
280120-36,fix_B_labels_local_seeds,4,0.9685503685503686,1,0.0,8064
280120-36,fix_B_labels_local_seeds,5,0.0,0,0.0,9156
280120-36,fix_B_labels_local_seeds,6,0.9625104914669402,1,0.0,10689
280120-36,fix_B_labels_local_seeds,7,0.9680418815439913,1,0.0,12625
280120-36,fix_B_labels_local_seeds,8,0.9653384541526644,1,0.0,10384
280120-36,fix_B_labels_local_seeds,9,0.976425931475377,1,0.0,9952
280120-36,fix_B_labels_local_seeds,10,0.9561468082868861,1,0.0,9431
280120-36,fix_B_labels_local_seeds,11,0.9420654911838791,1,0.0,8724
280120-36,fix_B_labels_local_seeds,12,0.9605858854860186,1,0.0,10939
280120-36,fix_B_labels_local_seeds,13,0.9154905335628227,1,0.0,5798
280120-36,fix_B_labels_local_seeds,14,0.9724501758499414,1,0.0,11825
280120-36,fix_B_labels_local_seeds,15,0.7143032234342443,1,0.0,16247
280120-36,fix_B_labels_local_seeds,16,0.9633850630455868,1,0.0,12310
280120-36,fix_B_labels_local_seeds,17,0.9585629921259843,1,0.0,10029
280120-36,fix_B_labels_local_seeds,18,0.0,0,0.0,13191
280120-36,fix_B_labels_local_seeds,19,0.923046670162559,1,0.0,7554
280120-36,fix_B_labels_local_seeds,20,0.9526881720430107,1,0.0,9180
280120-36,fix_B_labels_local_seeds,21,0.9478708570202724,1,0.0,9246
280120-36,fix_B_labels_local_seeds,22,0.9472347304006465,1,0.0,8598
280120-36,fix_B_labels_local_seeds,23,0.944370977695495,1,0.0,11072
280120-36,fix_B_labels_local_seeds,24,0.9478277548671717,1,0.0,10371
280120-36,fix_B_labels_local_seeds,25,0.8140971851399802,1,0.0,13037
280120-36,fix_B_labels_local_seeds,26,0.9311684707188455,1,0.0,7114
280120-36,fix_B_labels_local_seeds,27,0.0,0,0.07142857142857142,11065
280120-36,fix_B_labels_local_seeds,28,0.9671929658693391,1,0.0,10417
280120-36,fix_B_labels_local_seeds,29,0.9619505356964053,1,0.0,9916
280120-36,fix_B_labels_local_seeds,30,0.9647107523543413,1,0.0,9610
280120-36,fix_B_labels_local_seeds,31,0.9482985074626865,1,0.0,8325
280120-36,fix_B_labels_local_seeds,32,0.9737148173993952,1,0.0,12849
280120-36,fix_B_labels_local_seeds,33,0.9497946525857011,1,0.0,11856
280120-36,fix_B_labels_local_seeds,34,0.962425564035897,1,0.0,11869
280120-36,fix_B_labels_local_seeds,35,0.906983539495471,1,0.0,9708
280120-36,fix_B_labels_local_seeds,36,0.9429502852485737,1,0.0,7330
280120-36,fix_B_labels_local_seeds,37,0.8593873305115145,1,0.0,13910
280120-36,fix_B_labels_local_seeds,38,0.9584876982996106,1,0.0,10403
280120-36,fix_B_labels_local_seeds,39,0.9569608452454941,1,0.0,12665
280120-36,fix_B_labels_local_seeds,40,0.958244301994302,1,0.0,11030
280120-36,fix_B_labels_local_seeds,41,0.8842005076142132,1,0.0,12496
280120-36,fix_B_labels_local_seeds,42,0.8405149155939259,1,0.0,12967
280120-36,fix_B_labels_local_seeds,43,0.8850669412976313,1,0.0,9638
280120-36,fix_B_labels_local_seeds,44,0.9394210950802043,1,0.0,10748
280120-36,fix_B_labels_local_seeds,45,0.7805896387184731,1,0.0,11714
280120-36,fix_B_labels_local_seeds,46,0.7385862093915057,1,0.0,13776
280120-36,fix_B_labels_local_seeds,47,0.0,0,0.0,8994
280120-36,fix_B_labels_local_seeds,48,0.9298857868020305,1,0.0,9336
280120-36,fix_B_labels_local_seeds,49,0.9734903091462438,1,0.0,12350
280120-36,fix_B_labels_local_seeds,50,0.7812265566391597,1,0.0,10622
280120-36,fix_B_labels_local_seeds,51,0.8228524827836172,1,0.0,10977
280120-36,fix_B_labels_local_seeds,52,0.9282596530498042,1,0.0,8827
280120-36,fix_B_labels_local_seeds,53,0.7867225408028231,1,0.0,9028
280120-36,fix_B_labels_local_seeds,54,0.0,0,0.0,9892
280120-36,fix_B_labels_local_seeds,55,0.7811881188118812,1,0.0,13101
280120-36,fix_B_labels_local_seeds,56,0.9706997587038952,1,0.0,11549
280120-36,fix_B_labels_local_seeds,57,0.0,0,0.0,8282
280120-36,fix_B_labels_local_seeds,58,0.8005168948023356,1,0.0,10398
280120-36,fix_B_labels_local_seeds,59,0.9689570980118591,1,0.0,8563
280120-36,fix_B_labels_local_seeds,60,0.0,0,0.0,8245
280120-36,fix_B_labels_local_seeds,61,0.9593140068886338,1,0.0,13680
280120-36,fix_B_labels_local_seeds,62,0.9564095475071422,1,0.0,10664
280120-36,fix_B_labels_local_seeds,63,0.9746310895492217,1,0.0,9831
280120-36,fix_B_labels_local_seeds,64,0.7337304878968404,1,0.0,13257
280120-36,fix_B_labels_local_seeds,65,0.9720864419861075,1,0.0,7663
280120-36,fix_B_labels_local_seeds,66,0.557628979143798,1,0.0,10000
280120-36,fix_B_labels_local_seeds,67,0.9325463743676222,1,0.0,10619
280120-36,fix_B_labels_local_seeds,68,0.6726773140992616,1,0.0,17419
280120-36,fix_B_labels_local_seeds,69,0.9796000645057249,1,0.0,12317
280120-36,fix_B_labels_local_seeds,70,0.0,0,0.0,8833
280120-36,fix_B_labels_local_seeds,71,0.9406003832233341,1,0.0,9354
280120-36,fix_B_labels_local_seeds,72,0.7120478280611473,1,0.0,13164
280120-36,fix_B_labels_local_seeds,73,0.0,0,0.07086614173228346,10728
280120-36,fix_B_labels_local_seeds,74,0.9593741421905023,1,0.0,10886
280120-36,fix_B_labels_local_seeds,75,0.9019671422395158,1,0.0,8925
280120-36,fix_B_labels_local_seeds,76,0.9456842963415877,1,0.0,9770
280120-36,fix_B_labels_local_seeds,77,0.9353403683012621,1,0.0,9554
280120-36,fix_B_labels_local_seeds,78,0.7592756183745583,1,0.0,6779
280120-36,fix_B_labels_local_seeds,79,0.8008719552649038,1,0.0,10382
280120-36,fix_B_labels_local_seeds,80,0.9091455353923807,1,0.0,8216
280120-36,fix_B_labels_local_seeds,81,0.9690543983215945,1,0.0,13254
280120-36,fix_B_labels_local_seeds,82,0.9435550812285071,1,0.0,8426
280120-36,fix_B_labels_local_seeds,83,0.5304482580497044,1,0.0,17394
280120-36,fix_B_labels_local_seeds,84,0.6891833188531712,1,0.0,13794
280120-36,fix_B_labels_local_seeds,85,0.0,0,0.0,17091
280120-36,fix_B_labels_local_seeds,86,0.0,0,0.0,15856
280120-36,fix_B_labels_local_seeds,87,0.0,0,0.0,11982
280120-36,fix_B_labels_local_seeds,88,0.9689650124432733,1,0.0,13640
280120-36,fix_B_labels_local_seeds,89,0.7347266881028939,1,0.01020408163265306,11763
280120-36,fix_B_labels_local_seeds,90,0.9624145785876993,1,0.0,9626
280120-36,fix_B_labels_local_seeds,91,0.9198682766190999,1,0.0,6361
280120-36,fix_B_labels_local_seeds,92,0.0,0,0.0,5864
280120-36,fix_B_labels_local_seeds,93,0.011375243755223327,0,0.056112224448897796,10963
280120-36,fix_B_labels_local_seeds,94,0.0,0,0.0,17765
280120-36,fix_B_labels_local_seeds,95,0.9552060521600637,1,0.0,9886
280120-36,fix_B_labels_local_seeds,96,0.6862913622690159,1,0.0,11311
280120-36,fix_B_labels_local_seeds,97,0.962251370158261,1,0.0,15957
280120-36,fix_B_labels_local_seeds,98,0.0,0,0.0,5190
280120-36,fix_B_labels_local_seeds,99,0.0,0,0.06875,11035
280120-36,fix_B_labels_local_seeds,100,0.0,0,0.0,13289
280120-36,fix_B_labels_local_seeds,101,0.0,0,0.0019230769230769232,13072
280120-36,fix_B_labels_local_seeds,102,0.9369618696186962,1,0.0,6371
280120-36,fix_B_labels_local_seeds,103,0.0,0,0.0,13658
280120-36,fix_B_labels_local_seeds,104,0.0,0,0.20346320346320346,10867
280120-36,fix_B_labels_local_seeds,105,0.9352428393524284,1,0.0,6272
280120-36,fix_B_labels_local_seeds,106,0.0004007327684909549,0,0.0,8562
280120-36,fix_B_labels_local_seeds,107,0.0,0,0.0,28280
280120-36,fix_B_labels_local_seeds,108,0.0,0,0.1649659863945578,16096
280120-36,fix_B_labels_local_seeds,109,0.9598420013166556,1,0.0,7513
280120-36,fix_B_labels_local_seeds,110,0.0,0,0.043859649122807015,12158
280120-36,fix_B_labels_local_seeds,111,0.0,0,0.0,11718
280120-36,fix_B_labels_local_seeds,112,0.0,0,0.0,5662
280120-36,fix_B_labels_local_seeds,113,0.7645476426447685,1,0.14367816091954022,13768
280120-36,fix_B_labels_local_seeds,114,0.0,0,0.0017605633802816902,15081
280120-36,fix_B_labels_local_seeds,115,0.8116139276397868,1,0.0,8740
280120-36,fix_B_labels_local_seeds,116,0.0006791035832700835,0,0.045372050816696916,11425
280120-36,fix_B_labels_local_seeds,117,0.0,0,0.0,25841
280120-36,fix_B_labels_local_seeds,118,0.8064953862855075,1,0.16736401673640167,10835
280120-36,fix_B_labels_local_seeds,119,0.9283555902134711,1,0.0,9817
280120-36,fix_B_labels_local_seeds,120,0.0,0,0.056,10635
280120-36,fix_B_labels_local_seeds,121,0.0,0,0.0,12315
280120-36,fix_B_labels_local_seeds,122,0.0,0,0.2582236842105263,17515
280120-36,fix_B_labels_local_seeds,123,0.9464628900887709,1,0.017467248908296942,10449
280120-36,fix_B_labels_local_seeds,124,0.0,0,0.0,8372
280120-36,fix_B_labels_local_seeds,125,0.0,0,0.0,7387
280120-36,fix_B_labels_local_seeds,126,0.0,0,0.001893939393939394,13475
280120-36,fix_B_labels_local_seeds,127,0.0,0,0.022388059701492536,10034
280120-36,fix_B_labels_local_seeds,128,0.0,0,0.0,9075
280120-36,fix_B_labels_local_seeds,129,0.0,0,0.16275167785234898,7459
280120-36,fix_B_labels_local_seeds,130,0.0,0,0.06108597285067873,4705
280120-36,fix_B_labels_local_seeds,131,0.0,0,0.0,11631
280120-36,fix_B_labels_local_seeds,132,0.6690829755788584,1,0.0,14110
280120-36,fix_B_labels_local_seeds,133,0.0,0,0.16271186440677965,11588
280120-36,fix_B_labels_local_seeds,134,0.0,0,0.30343511450381677,10279
280120-36,cellpose_sam,1,0.9635525507068223,1,0.0,15677
280120-36,cellpose_sam,2,0.9516869950894978,1,0.0,12016
280120-36,cellpose_sam,3,0.9691392978482446,1,0.0,10337
280120-36,cellpose_sam,4,0.950920245398773,1,0.0,8064
280120-36,cellpose_sam,5,0.949677687668954,1,0.0,9156
280120-36,cellpose_sam,6,0.9638412984670874,1,0.0,10689
280120-36,cellpose_sam,7,0.9616949412758118,1,0.0,12625
280120-36,cellpose_sam,8,0.9654082201971359,1,0.0,10384
280120-36,cellpose_sam,9,0.9490749570856379,1,0.0,9952
280120-36,cellpose_sam,10,0.9574576099096355,1,0.0,9431
280120-36,cellpose_sam,11,0.9616359828023371,1,0.0,8724
280120-36,cellpose_sam,12,0.9339195765388885,1,0.0,10939
280120-36,cellpose_sam,13,0.0,0,0.0,5798
280120-36,cellpose_sam,14,0.9518285806347672,1,0.0,11825
280120-36,cellpose_sam,15,0.9518982891961566,1,0.0,16247
280120-36,cellpose_sam,16,0.9618601016021884,1,0.0,12310
280120-36,cellpose_sam,17,0.9367644311600971,1,0.0,10029
280120-36,cellpose_sam,18,0.9350925728878485,1,0.0,13191
280120-36,cellpose_sam,19,0.9195374315276933,1,0.0,7554
280120-36,cellpose_sam,20,0.9663253457194131,1,0.0,9180
280120-36,cellpose_sam,21,0.930087516346444,1,0.0,9246
280120-36,cellpose_sam,22,0.9362953283240771,1,0.0,8598
280120-36,cellpose_sam,23,0.582139112198532,1,0.0,11072
280120-36,cellpose_sam,24,0.9707294117647058,1,0.0,10371
280120-36,cellpose_sam,25,0.9506343882164212,1,0.0,13037
280120-36,cellpose_sam,26,0.9567884405670665,1,0.0,7114
280120-36,cellpose_sam,27,0.9443351859769132,1,0.07142857142857142,11065
280120-36,cellpose_sam,28,0.9380459252588924,1,0.0,10417
280120-36,cellpose_sam,29,0.9359131665880133,1,0.0,9916
280120-36,cellpose_sam,30,0.9638009049773756,1,0.0,9610
280120-36,cellpose_sam,31,0.953280659567159,1,0.0,8325
280120-36,cellpose_sam,32,0.9636268186590671,1,0.0,12849
280120-36,cellpose_sam,33,0.927481811781272,1,0.0,11856
280120-36,cellpose_sam,34,0.9618382591750568,1,0.0,11869
280120-36,cellpose_sam,35,0.8878726906895921,1,0.0,9708
280120-36,cellpose_sam,36,0.9509600415153088,1,0.0,7330
280120-36,cellpose_sam,37,0.9656345459594557,1,0.0,13910
280120-36,cellpose_sam,38,0.9383061242897087,1,0.0,10403
280120-36,cellpose_sam,39,0.9515206263173743,1,0.0,12665
280120-36,cellpose_sam,40,0.9463104544283137,1,0.0,11030
280120-36,cellpose_sam,41,0.947570430644047,1,0.0,12496
280120-36,cellpose_sam,42,0.9635877238611875,1,0.0,12967
280120-36,cellpose_sam,43,0.9366375121477162,1,0.0,9638
280120-36,cellpose_sam,44,0.9457105147382314,1,0.0,10748
280120-36,cellpose_sam,45,0.9636588380716935,1,0.0,11714
280120-36,cellpose_sam,46,0.9540166204986149,1,0.0,13776
280120-36,cellpose_sam,47,0.9339563862928348,1,0.0,8994
280120-36,cellpose_sam,48,0.9517127527858027,1,0.0,9336
280120-36,cellpose_sam,49,0.9458527992647622,1,0.0,12350
280120-36,cellpose_sam,50,0.9520394441954281,1,0.0,10622
280120-36,cellpose_sam,51,0.9416659517886249,1,0.0,10977
280120-36,cellpose_sam,52,0.9200542005420054,1,0.0,8827
280120-36,cellpose_sam,53,0.9398011580902437,1,0.0,9028
280120-36,cellpose_sam,54,0.9523809523809523,1,0.0,9892
280120-36,cellpose_sam,55,0.9737624498290471,1,0.0,13101
280120-36,cellpose_sam,56,0.9568351284175642,1,0.0,11549
280120-36,cellpose_sam,57,0.9103099582325785,1,0.0,8282
280120-36,cellpose_sam,58,0.9677929814763102,1,0.0,10398
280120-36,cellpose_sam,59,0.9510163278907031,1,0.0,8563
280120-36,cellpose_sam,60,0.9372513356826191,1,0.0,8245
280120-36,cellpose_sam,61,0.950792326939116,1,0.0,13680
280120-36,cellpose_sam,62,0.9456415713398953,1,0.0,10664
280120-36,cellpose_sam,63,0.9474749421742482,1,0.0,9831
280120-36,cellpose_sam,64,0.9724041504157774,1,0.0,13257
280120-36,cellpose_sam,65,0.9526833520109576,1,0.0,7663
280120-36,cellpose_sam,66,0.9567339906193165,1,0.0,10000
280120-36,cellpose_sam,67,0.9561023976924463,1,0.0,10619
280120-36,cellpose_sam,68,0.9577193754123599,1,0.0,17419
280120-36,cellpose_sam,69,0.9539927193865696,1,0.0,12317
280120-36,cellpose_sam,70,0.9455833422775571,1,0.0,8833
280120-36,cellpose_sam,71,0.9445566552211675,1,0.0,9354
280120-36,cellpose_sam,72,0.9582635297545342,1,0.0,13164
280120-36,cellpose_sam,73,0.9267006655717867,1,0.07086614173228346,10728
280120-36,cellpose_sam,74,0.9549122807017544,1,0.0,10886
280120-36,cellpose_sam,75,0.885680261982733,1,0.0,8925
280120-36,cellpose_sam,76,0.9634050108502663,1,0.0,9770
280120-36,cellpose_sam,77,0.9598070739549839,1,0.0,9554
280120-36,cellpose_sam,78,0.8729901165363623,1,0.0,6779
280120-36,cellpose_sam,79,0.94408014571949,1,0.0,10382
280120-36,cellpose_sam,80,0.9476879962634283,1,0.0,8216
280120-36,cellpose_sam,81,0.9481786643538594,1,0.0,13254
280120-36,cellpose_sam,82,0.9660628296262325,1,0.0,8426
280120-36,cellpose_sam,83,0.9573976221928666,1,0.0,17394
280120-36,cellpose_sam,84,0.9142938496583144,1,0.0,13794
280120-36,cellpose_sam,85,0.9587634649910234,1,0.0,17091
280120-36,cellpose_sam,86,0.9563302973641353,1,0.0,15856
280120-36,cellpose_sam,87,0.9340505144995322,1,0.0,11982
280120-36,cellpose_sam,88,0.9723614492338536,1,0.0,13640
280120-36,cellpose_sam,89,0.945274831243973,1,0.01020408163265306,11763
280120-36,cellpose_sam,90,0.9606786427145708,1,0.0,9626
280120-36,cellpose_sam,91,0.953516269305743,1,0.0,6361
280120-36,cellpose_sam,92,0.8374534371825263,1,0.0,5864
280120-36,cellpose_sam,93,0.9502309770766146,1,0.056112224448897796,10963
280120-36,cellpose_sam,94,0.5210065525026155,1,0.0,17765
280120-36,cellpose_sam,95,0.9549845440494591,1,0.0,9886
280120-36,cellpose_sam,96,0.9236485382982198,1,0.0,11311
280120-36,cellpose_sam,97,0.4898807704066035,0,0.0,15957
280120-36,cellpose_sam,98,0.8470134874759152,1,0.0,5190
280120-36,cellpose_sam,99,0.828073339344755,1,0.06875,11035
280120-36,cellpose_sam,100,0.9287312910896629,1,0.0,13289
280120-36,cellpose_sam,101,0.9244042146948589,1,0.0019230769230769232,13072
280120-36,cellpose_sam,102,0.9272531528760382,1,0.0,6371
280120-36,cellpose_sam,103,0.9491313412091731,1,0.0,13658
280120-36,cellpose_sam,104,0.9491287978285614,1,0.20346320346320346,10867
280120-36,cellpose_sam,105,0.9606811145510836,1,0.0,6272
280120-36,cellpose_sam,106,0.9515137973410792,1,0.0,8562
280120-36,cellpose_sam,107,0.5416213275299239,1,0.0,28280
280120-36,cellpose_sam,108,0.9425751991439781,1,0.1649659863945578,16096
280120-36,cellpose_sam,109,0.9246549794852666,1,0.0,7513
280120-36,cellpose_sam,110,0.9476105090824043,1,0.043859649122807015,12158
280120-36,cellpose_sam,111,0.7959044832981835,1,0.0,11718
280120-36,cellpose_sam,112,0.0,0,0.0,5662
280120-36,cellpose_sam,113,0.940971253139827,1,0.14367816091954022,13768
280120-36,cellpose_sam,114,0.9378109452736318,1,0.0017605633802816902,15081
280120-36,cellpose_sam,115,0.9458855098389982,1,0.0,8740
280120-36,cellpose_sam,116,0.9121550109908003,1,0.045372050816696916,11425
280120-36,cellpose_sam,117,0.5780845884679751,1,0.0,25841
280120-36,cellpose_sam,118,0.9327477826573668,1,0.16736401673640167,10835
280120-36,cellpose_sam,119,0.9281391830559758,1,0.0,9817
280120-36,cellpose_sam,120,0.9330409094978068,1,0.056,10635
280120-36,cellpose_sam,121,0.9231357552581262,1,0.0,12315
280120-36,cellpose_sam,122,0.9301646309081253,1,0.2582236842105263,17515
280120-36,cellpose_sam,123,0.9410069350625957,1,0.017467248908296942,10449
280120-36,cellpose_sam,124,0.8368041649979976,1,0.0,8372
280120-36,cellpose_sam,125,0.7108609271523179,1,0.0,7387
280120-36,cellpose_sam,126,0.9568181818181818,1,0.001893939393939394,13475
280120-36,cellpose_sam,127,0.8770157553290083,1,0.022388059701492536,10034
280120-36,cellpose_sam,128,0.9184127948172892,1,0.0,9075
280120-36,cellpose_sam,129,0.8976833976833977,1,0.16275167785234898,7459
280120-36,cellpose_sam,130,0.8353669641231105,1,0.06108597285067873,4705
280120-36,cellpose_sam,131,0.6099979018044481,1,0.0,11631
280120-36,cellpose_sam,132,0.867220172201722,1,0.0,14110
280120-36,cellpose_sam,133,0.934763181411975,1,0.16271186440677965,11588
280120-36,cellpose_sam,134,0.9152022315202232,1,0.30343511450381677,10279
280120-38,original,1,0.9779489904357067,1,0.0,11168
280120-38,original,2,0.9647117296222664,1,0.0,11873
280120-38,original,3,0.9729211087420042,1,0.0,9306
280120-38,original,4,0.0,0,0.0,14673
280120-38,original,5,0.9721230664626891,1,0.0,11640
280120-38,original,6,0.9758143163643456,1,0.0,10201
280120-38,original,7,0.9586417925180141,1,0.0,9964
280120-38,original,8,0.9677728525218642,1,0.0,8201
280120-38,original,9,0.9710507505360972,1,0.0,8344
280120-38,original,10,0.9730154571653131,1,0.0,7592
280120-38,original,11,0.9755647263249348,1,0.0,9137
280120-38,original,12,0.9673833374053261,1,0.0,8127
280120-38,original,13,0.0,0,0.0,8028
280120-38,original,14,0.9538976148923793,1,0.0,6800
280120-38,original,15,0.0,0,0.07032967032967033,10096
280120-38,original,16,0.971137359497047,1,0.0,10332
280120-38,original,17,0.0,0,0.0,9546
280120-38,original,18,0.9567437449850463,1,0.0,13265
280120-38,original,19,0.0,0,0.0,9630
280120-38,original,20,0.0,0,0.0,12660
280120-38,original,21,0.0,0,0.0,7701
280120-38,original,22,0.9780830879947661,1,0.0,9086
280120-38,original,23,0.9730028224322003,1,0.0,8099
280120-38,original,24,0.9629496661161772,1,0.0,13558
280120-38,original,25,0.9789465741020223,1,0.0,13074
280120-38,original,26,0.6118433619866285,1,0.0639269406392694,9764
280120-38,original,27,0.9742585804731756,1,0.0,11890
280120-38,original,28,0.9699461039554216,1,0.0,10699
280120-38,original,29,0.9603222864092429,1,0.0,6551
280120-38,original,30,0.9120782824594713,1,0.0,6421
280120-38,original,31,0.6949195813122288,1,0.0,11675
280120-38,original,32,0.810560181680545,1,0.0,10404
280120-38,original,33,0.9772424397744747,1,0.0,9694
280120-38,original,34,0.9762589928057553,1,0.0,9593
280120-38,original,35,0.9424502373615391,1,0.0,11561
280120-38,original,36,0.5728081802688885,1,0.004694835680751174,9212
280120-38,original,37,0.9736274274754255,1,0.0,8297
280120-38,original,38,0.0,0,0.0,5075
280120-38,original,39,0.9684378167076878,1,0.0,6844
280120-38,original,40,0.9678114155797535,1,0.0,8254
280120-38,original,41,0.976468242097916,1,0.0,9998
280120-38,original,42,0.47636112158933736,0,0.0,7838
280120-38,original,43,0.965478841870824,1,0.0,5339
280120-38,original,44,0.0,0,0.0,13125
280120-38,original,45,0.0,0,0.06037735849056604,11600
280120-38,original,46,0.976009139375476,1,0.0,10386
280120-38,original,47,0.0,0,0.0,11093
280120-38,original,48,0.0,0,0.0,9183
280120-38,original,49,0.0,0,0.0,11370
280120-38,original,50,0.9725627553998832,1,0.0,8499
280120-38,original,51,0.47566107656554235,0,0.0,7849
280120-38,original,52,0.9752003771805752,1,0.0,10441
280120-38,original,53,0.9647935779816513,1,0.0,8631
280120-38,original,54,0.0,0,0.0,7773
280120-38,original,55,0.0015855134142779654,0,0.0496031746031746,11734
280120-38,original,56,0.0,0,0.02268041237113402,11264
280120-38,original,57,0.9755612625300306,1,0.0,12019
280120-38,original,58,0.8099460292983809,1,0.0,7677
280120-38,original,59,0.9125937031484258,1,0.02247191011235955,13215
280120-38,original,60,0.0,0,0.0,8194
280120-38,original,61,0.0,0,0.0,10209
280120-38,original,62,0.9784808093785129,1,0.0,12225
280120-38,original,63,0.9484036919352399,1,0.0,6455
280120-38,original,64,0.0,0,0.0,15560
280120-38,original,65,0.9790062981105668,1,0.0,11353
280120-38,original,66,0.9718771176869212,1,0.0,8663
280120-38,original,67,0.9788551214021547,1,0.0,12286
280120-38,original,68,0.0,0,0.0,11621
280120-38,original,69,0.5262688002197651,1,0.3096446700507614,7737
280120-38,original,70,0.9734841099629558,1,0.0,10106
280120-38,original,71,0.9651361756737488,1,0.0,13691
280120-38,original,72,0.0,0,0.0,9934
280120-38,original,73,0.6578220011055832,1,0.0,9009
280120-38,original,74,0.9688423058599333,1,0.0,10371
280120-38,original,75,0.9714978775015161,1,0.0,9773
280120-38,original,76,0.9712391537486594,1,0.0,10057
280120-38,original,77,0.0,0,0.0,9459
280120-38,original,78,0.0,0,0.0,9441
280120-38,original,79,0.4760206810483152,0,0.0,11184
280120-38,original,80,0.9519901156120377,1,0.0,10942
280120-38,original,81,0.9555607806254409,1,0.0,8411
280120-38,original,82,0.927792732166891,1,0.0,14787
280120-38,original,83,0.6141483090288551,1,0.0,16080
280120-38,original,84,0.7454076303987222,1,0.0,16139
280120-38,original,85,0.0,0,0.0,9808
280120-38,original,86,0.4564845833048472,0,0.28054298642533937,6817
280120-38,original,87,0.9442402510085164,1,0.00425531914893617,10944
280120-38,original,88,0.4421493274773538,0,0.1,6563
280120-38,original,89,0.9740557499698322,1,0.0,8239
280120-38,original,90,0.816332192730972,1,0.0,10717
280120-38,original,91,0.9569592955341899,1,0.0,10842
280120-38,original,92,0.0,0,0.021400778210116732,12714
280120-38,original,93,0.6591564859721284,1,0.00641025641025641,10896
280120-38,original,94,0.5358464701850583,1,0.0891089108910891,7956
280120-38,original,95,0.0,0,0.0,8867
280120-38,original,96,0.0,0,0.0,6798
280120-38,original,97,0.701010101010101,1,0.0,12295
280120-38,original,98,0.0,0,0.0,12951
280120-38,original,99,0.3713011407496355,0,0.0,4478
280120-38,original,100,0.593576965669989,1,0.0,7197
280120-38,original,101,0.9634146341463414,1,0.049019607843137254,11049
280120-38,original,102,0.0,0,0.0,11444
280120-38,original,103,0.8952582221635187,1,0.0,7312
280120-38,original,104,0.0,0,0.0,10512
280120-38,original,105,0.2966903073286052,0,0.05761316872427984,9681
280120-38,original,106,0.0,0,0.12949640287769784,13407
280120-38,original,107,0.0,0,0.0,9679
280120-38,original,108,0.0,0,0.0,9650
280120-38,original,109,0.0,0,0.0,4555
280120-38,original,110,0.2990776699029126,0,0.046052631578947366,10445
280120-38,original,111,0.0,0,0.0,9091
280120-38,original,112,0.9337437226632107,1,0.0,5925
280120-38,original,113,0.0,0,0.0,8728
280120-38,original,114,0.0,0,0.0,5926
280120-38,original,115,0.5918403600189484,1,0.04468085106382979,10567
280120-38,original,116,0.8377814483178301,1,0.10434782608695652,9823
280120-38,original,117,0.9386406092829429,1,0.0,6790
280120-38,original,118,0.9564637515480614,1,0.0,10380
280120-38,original,119,0.46306447402766904,0,0.0,7432
280120-38,original,120,0.0,0,0.0,7761
280120-38,original,121,0.3090120893882037,0,0.008771929824561403,5309
280120-38,original,122,0.9591541896506436,1,0.0,7503
280120-38,original,123,0.8790224650880388,1,0.0,6157
280120-38,original,124,0.48550456452010854,0,0.09198113207547169,8011
280120-38,original,125,0.3871996996996997,0,0.004454342984409799,6467
280120-38,original,126,0.932381667918858,1,0.0,7676
280120-38,original,127,0.0,0,0.0,8019
280120-38,original,128,0.0007311066646144374,0,0.003663003663003663,15263
280120-38,original,129,0.0,0,0.0,9720
280120-38,original,130,0.47134464751958227,0,0.0,7553
280120-38,original,131,0.4918770796633392,0,0.06205250596658711,7758
280120-38,original,132,0.0,0,0.0,7024
280120-38,original,133,0.9750588235294118,1,0.02857142857142857,8401
280120-38,original,134,0.49090307641415815,0,0.08740359897172237,6103
280120-38,original,135,0.9070505554296078,1,0.0,8783
280120-38,original,136,0.4834248660093959,0,0.0,7430
280120-38,original,137,0.0,0,0.17427385892116182,10401
280120-38,original,138,0.0,0,0.17647058823529413,11203
280120-38,original,139,0.40801467637447686,0,0.05228758169934641,9452
280120-38,original,140,0.0,0,0.038314176245210725,13337
280120-38,original,141,0.0,0,0.0,11659
280120-38,original,142,0.0,0,0.0,9361
280120-38,original,143,0.0,0,0.0,7579
280120-38,original,144,0.7135262449528936,1,0.03436426116838488,14792
280120-38,original,145,0.0,0,0.0,5136
280120-38,original,146,0.0,0,0.062381852551984876,11071
280120-38,original,147,0.0,0,0.0,9663
280120-38,original,148,0.0,0,0.0,4102
280120-38,original,149,0.4614119349957234,0,0.0,7223
280120-38,original,150,0.4819921044640146,0,0.06270096463022508,8329
280120-38,original,151,0.0,0,0.1375,12974
280120-38,original,152,0.0,0,0.0,6436
280120-38,original,153,0.0,0,0.1016260162601626,8610
280120-38,original,154,0.0,0,0.0,7379
280120-38,original,155,0.0,0,0.0,9099
280120-38,original,156,0.0,0,0.0,11089
280120-38,original,157,0.0,0,0.02185792349726776,7152
280120-38,original,158,0.0,0,0.154296875,12378
280120-38,original,159,0.0,0,0.06584362139917696,10752
280120-38,original,160,0.0,0,0.2796610169491525,10597
280120-38,original,161,0.11350850957772556,0,0.1273209549071618,4320
280120-38,original,162,0.8987840383627334,1,0.0,10634
280120-38,original,163,0.0,0,0.0,8112
280120-38,original,164,0.0,0,0.0,5328
280120-38,original,165,0.4444171979728625,0,0.07172995780590717,5746
280120-38,fix_A_labels,1,0.9779489904357067,1,0.0,11168
280120-38,fix_A_labels,2,0.9647117296222664,1,0.0,11873
280120-38,fix_A_labels,3,0.9729211087420042,1,0.0,9306
280120-38,fix_A_labels,4,0.0,0,0.0,14673
280120-38,fix_A_labels,5,0.9721230664626891,1,0.0,11640
280120-38,fix_A_labels,6,0.9758143163643456,1,0.0,10201
280120-38,fix_A_labels,7,0.9586417925180141,1,0.0,9964
280120-38,fix_A_labels,8,0.9677728525218642,1,0.0,8201
280120-38,fix_A_labels,9,0.9710507505360972,1,0.0,8344
280120-38,fix_A_labels,10,0.9730154571653131,1,0.0,7592
280120-38,fix_A_labels,11,0.9755647263249348,1,0.0,9137
280120-38,fix_A_labels,12,0.9673833374053261,1,0.0,8127
280120-38,fix_A_labels,13,0.0,0,0.0,8028
280120-38,fix_A_labels,14,0.9538976148923793,1,0.0,6800
280120-38,fix_A_labels,15,0.9666241287915971,1,0.07032967032967033,10096
280120-38,fix_A_labels,16,0.971137359497047,1,0.0,10332
280120-38,fix_A_labels,17,0.0,0,0.0,9546
280120-38,fix_A_labels,18,0.9567437449850463,1,0.0,13265
280120-38,fix_A_labels,19,0.9341490102456979,1,0.0,9630
280120-38,fix_A_labels,20,0.0,0,0.0,12660
280120-38,fix_A_labels,21,0.0,0,0.0,7701
280120-38,fix_A_labels,22,0.9780830879947661,1,0.0,9086
280120-38,fix_A_labels,23,0.9730028224322003,1,0.0,8099
280120-38,fix_A_labels,24,0.9629496661161772,1,0.0,13558
280120-38,fix_A_labels,25,0.9789465741020223,1,0.0,13074
280120-38,fix_A_labels,26,0.9675159882245458,1,0.0639269406392694,9764
280120-38,fix_A_labels,27,0.9742585804731756,1,0.0,11890
280120-38,fix_A_labels,28,0.9699461039554216,1,0.0,10699
280120-38,fix_A_labels,29,0.9603222864092429,1,0.0,6551
280120-38,fix_A_labels,30,0.9120782824594713,1,0.0,6421
280120-38,fix_A_labels,31,0.6949195813122288,1,0.0,11675
280120-38,fix_A_labels,32,0.810560181680545,1,0.0,10404
280120-38,fix_A_labels,33,0.9772424397744747,1,0.0,9694
280120-38,fix_A_labels,34,0.9762589928057553,1,0.0,9593
280120-38,fix_A_labels,35,0.9424502373615391,1,0.0,11561
280120-38,fix_A_labels,36,0.5728081802688885,1,0.004694835680751174,9212
280120-38,fix_A_labels,37,0.9736274274754255,1,0.0,8297
280120-38,fix_A_labels,38,0.0,0,0.0,5075
280120-38,fix_A_labels,39,0.9684378167076878,1,0.0,6844
280120-38,fix_A_labels,40,0.9678114155797535,1,0.0,8254
280120-38,fix_A_labels,41,0.976468242097916,1,0.0,9998
280120-38,fix_A_labels,42,0.9406579764121663,1,0.0,7838
280120-38,fix_A_labels,43,0.965478841870824,1,0.0,5339
280120-38,fix_A_labels,44,0.0,0,0.0,13125
280120-38,fix_A_labels,45,0.8760456273764259,1,0.06037735849056604,11600
280120-38,fix_A_labels,46,0.976009139375476,1,0.0,10386
280120-38,fix_A_labels,47,0.0,0,0.0,11093
280120-38,fix_A_labels,48,0.0,0,0.0,9183
280120-38,fix_A_labels,49,0.9302908726178536,1,0.0,11370
280120-38,fix_A_labels,50,0.9725627553998832,1,0.0,8499
280120-38,fix_A_labels,51,0.9318321643903039,1,0.0,7849
280120-38,fix_A_labels,52,0.9752003771805752,1,0.0,10441
280120-38,fix_A_labels,53,0.9647935779816513,1,0.0,8631
280120-38,fix_A_labels,54,0.0,0,0.0,7773
280120-38,fix_A_labels,55,0.0015855134142779654,0,0.0496031746031746,11734
280120-38,fix_A_labels,56,0.6774789029535865,1,0.02268041237113402,11264
280120-38,fix_A_labels,57,0.9755612625300306,1,0.0,12019
280120-38,fix_A_labels,58,0.8099460292983809,1,0.0,7677
280120-38,fix_A_labels,59,0.9125937031484258,1,0.02247191011235955,13215
280120-38,fix_A_labels,60,0.0,0,0.0,8194
280120-38,fix_A_labels,61,0.9158324424142288,1,0.0,10209
280120-38,fix_A_labels,62,0.9784808093785129,1,0.0,12225
280120-38,fix_A_labels,63,0.9484036919352399,1,0.0,6455
280120-38,fix_A_labels,64,0.0,0,0.0,15560
280120-38,fix_A_labels,65,0.9790062981105668,1,0.0,11353
280120-38,fix_A_labels,66,0.9718771176869212,1,0.0,8663
280120-38,fix_A_labels,67,0.9788551214021547,1,0.0,12286
280120-38,fix_A_labels,68,0.9646525162615542,1,0.0,11621
280120-38,fix_A_labels,69,0.5262688002197651,1,0.3096446700507614,7737
280120-38,fix_A_labels,70,0.9734841099629558,1,0.0,10106
280120-38,fix_A_labels,71,0.9651361756737488,1,0.0,13691
280120-38,fix_A_labels,72,0.9703275913571642,1,0.0,9934
280120-38,fix_A_labels,73,0.6578220011055832,1,0.0,9009
280120-38,fix_A_labels,74,0.9688423058599333,1,0.0,10371
280120-38,fix_A_labels,75,0.9714978775015161,1,0.0,9773
280120-38,fix_A_labels,76,0.9712391537486594,1,0.0,10057
280120-38,fix_A_labels,77,0.0,0,0.0,9459
280120-38,fix_A_labels,78,0.9715843556674006,1,0.0,9441
280120-38,fix_A_labels,79,0.4760206810483152,0,0.0,11184
280120-38,fix_A_labels,80,0.9519901156120377,1,0.0,10942
280120-38,fix_A_labels,81,0.9555607806254409,1,0.0,8411
280120-38,fix_A_labels,82,0.927792732166891,1,0.0,14787
280120-38,fix_A_labels,83,0.6141483090288551,1,0.0,16080
280120-38,fix_A_labels,84,0.7454076303987222,1,0.0,16139
280120-38,fix_A_labels,85,0.5637468354430379,1,0.0,9808
280120-38,fix_A_labels,86,0.4564845833048472,0,0.28054298642533937,6817
280120-38,fix_A_labels,87,0.9442402510085164,1,0.00425531914893617,10944
280120-38,fix_A_labels,88,0.9569442368066976,1,0.1,6563
280120-38,fix_A_labels,89,0.9740557499698322,1,0.0,8239
280120-38,fix_A_labels,90,0.816332192730972,1,0.0,10717
280120-38,fix_A_labels,91,0.9569592955341899,1,0.0,10842
280120-38,fix_A_labels,92,0.9232678688763963,1,0.021400778210116732,12714
280120-38,fix_A_labels,93,0.9530309833857207,1,0.00641025641025641,10896
280120-38,fix_A_labels,94,0.9695273631840796,1,0.0891089108910891,7956
280120-38,fix_A_labels,95,0.0,0,0.0,8867
280120-38,fix_A_labels,96,0.9405215353061822,1,0.0,6798
280120-38,fix_A_labels,97,0.701010101010101,1,0.0,12295
280120-38,fix_A_labels,98,0.9180315987824322,1,0.0,12951
280120-38,fix_A_labels,99,0.3713011407496355,0,0.0,4478
280120-38,fix_A_labels,100,0.593576965669989,1,0.0,7197
280120-38,fix_A_labels,101,0.9634146341463414,1,0.049019607843137254,11049
280120-38,fix_A_labels,102,0.7809037396121884,1,0.0,11444
280120-38,fix_A_labels,103,0.8952582221635187,1,0.0,7312
280120-38,fix_A_labels,104,0.0,0,0.0,10512
280120-38,fix_A_labels,105,0.5715452133088386,1,0.05761316872427984,9681
280120-38,fix_A_labels,106,0.7877351503480966,1,0.12949640287769784,13407
280120-38,fix_A_labels,107,0.8863808084624103,1,0.0,9679
280120-38,fix_A_labels,108,0.9712259788305415,1,0.0,9650
280120-38,fix_A_labels,109,0.0,0,0.0,4555
280120-38,fix_A_labels,110,0.5857469512195121,1,0.046052631578947366,10445
280120-38,fix_A_labels,111,0.0,0,0.0,9091
280120-38,fix_A_labels,112,0.9337437226632107,1,0.0,5925
280120-38,fix_A_labels,113,0.0,0,0.0,8728
280120-38,fix_A_labels,114,0.0,0,0.0,5926
280120-38,fix_A_labels,115,0.9350734399850313,1,0.04468085106382979,10567
280120-38,fix_A_labels,116,0.8377814483178301,1,0.10434782608695652,9823
280120-38,fix_A_labels,117,0.9386406092829429,1,0.0,6790
280120-38,fix_A_labels,118,0.9564637515480614,1,0.0,10380
280120-38,fix_A_labels,119,0.9333157963961594,1,0.0,7432
280120-38,fix_A_labels,120,0.0,0,0.0,7761
280120-38,fix_A_labels,121,0.9214936247723133,1,0.008771929824561403,5309
280120-38,fix_A_labels,122,0.9591541896506436,1,0.0,7503
280120-38,fix_A_labels,123,0.8790224650880388,1,0.0,6157
280120-38,fix_A_labels,124,0.48550456452010854,0,0.09198113207547169,8011
280120-38,fix_A_labels,125,0.3871996996996997,0,0.004454342984409799,6467
280120-38,fix_A_labels,126,0.932381667918858,1,0.0,7676
280120-38,fix_A_labels,127,0.8406575695712905,1,0.0,8019
280120-38,fix_A_labels,128,0.0007311066646144374,0,0.003663003663003663,15263
280120-38,fix_A_labels,129,0.0014762482205936626,0,0.0,9720
280120-38,fix_A_labels,130,0.897241550695825,1,0.0,7553
280120-38,fix_A_labels,131,0.8910294291454911,1,0.06205250596658711,7758
280120-38,fix_A_labels,132,0.0,0,0.0,7024
280120-38,fix_A_labels,133,0.9750588235294118,1,0.02857142857142857,8401
280120-38,fix_A_labels,134,0.10395957587806494,0,0.08740359897172237,6103
280120-38,fix_A_labels,135,0.9070505554296078,1,0.0,8783
280120-38,fix_A_labels,136,0.8085528928902422,1,0.0,7430
280120-38,fix_A_labels,137,0.0,0,0.17427385892116182,10401
280120-38,fix_A_labels,138,0.0004561211457763182,0,0.17647058823529413,11203
280120-38,fix_A_labels,139,0.6792218543046358,1,0.05228758169934641,9452
280120-38,fix_A_labels,140,0.0,0,0.038314176245210725,13337
280120-38,fix_A_labels,141,0.6004874086108855,1,0.0,11659
280120-38,fix_A_labels,142,0.7133084577114428,1,0.0,9361
280120-38,fix_A_labels,143,0.8504599211563731,1,0.0,7579
280120-38,fix_A_labels,144,0.7135262449528936,1,0.03436426116838488,14792
280120-38,fix_A_labels,145,0.0,0,0.0,5136
280120-38,fix_A_labels,146,0.0,0,0.062381852551984876,11071
280120-38,fix_A_labels,147,0.6926539799467977,1,0.0,9663
280120-38,fix_A_labels,148,0.0,0,0.0,4102
280120-38,fix_A_labels,149,0.8213867416256735,1,0.0,7223
280120-38,fix_A_labels,150,0.4819921044640146,0,0.06270096463022508,8329
280120-38,fix_A_labels,151,0.9090301995993173,1,0.1375,12974
280120-38,fix_A_labels,152,0.0038336309211217307,0,0.0,6436
280120-38,fix_A_labels,153,0.007618831021150785,0,0.1016260162601626,8610
280120-38,fix_A_labels,154,0.7760477764743522,1,0.0,7379
280120-38,fix_A_labels,155,0.0,0,0.0,9099
280120-38,fix_A_labels,156,0.6012770485987939,1,0.0,11089
280120-38,fix_A_labels,157,0.0,0,0.02185792349726776,7152
280120-38,fix_A_labels,158,0.8095310712924133,1,0.154296875,12378
280120-38,fix_A_labels,159,0.007958358427256302,0,0.06584362139917696,10752
280120-38,fix_A_labels,160,0.0,0,0.2796610169491525,10597
280120-38,fix_A_labels,161,0.11350850957772556,0,0.1273209549071618,4320
280120-38,fix_A_labels,162,0.8987840383627334,1,0.0,10634
280120-38,fix_A_labels,163,0.0,0,0.0,8112
280120-38,fix_A_labels,164,0.0,0,0.0,5328
280120-38,fix_A_labels,165,0.7217575998938006,1,0.07172995780590717,5746
280120-38,fix_B_labels_local_seeds,1,0.9773170299486089,1,0.0,11168
280120-38,fix_B_labels_local_seeds,2,0.9650314882333444,1,0.0,11873
280120-38,fix_B_labels_local_seeds,3,0.9729211087420042,1,0.0,9306
280120-38,fix_B_labels_local_seeds,4,0.9815988136964141,1,0.0,14673
280120-38,fix_B_labels_local_seeds,5,0.9722080571137175,1,0.0,11640
280120-38,fix_B_labels_local_seeds,6,0.9758143163643456,1,0.0,10201
280120-38,fix_B_labels_local_seeds,7,0.9586417925180141,1,0.0,9964
280120-38,fix_B_labels_local_seeds,8,0.9677767129851461,1,0.0,8201
280120-38,fix_B_labels_local_seeds,9,0.9710507505360972,1,0.0,8344
280120-38,fix_B_labels_local_seeds,10,0.9730154571653131,1,0.0,7592
280120-38,fix_B_labels_local_seeds,11,0.9757819287576021,1,0.0,9137
280120-38,fix_B_labels_local_seeds,12,0.9670168580503299,1,0.0,8127
280120-38,fix_B_labels_local_seeds,13,0.6759534422981675,1,0.0,8028
280120-38,fix_B_labels_local_seeds,14,0.9533158813263525,1,0.0,6800
280120-38,fix_B_labels_local_seeds,15,0.9667222931186806,1,0.07032967032967033,10096
280120-38,fix_B_labels_local_seeds,16,0.9710393445746404,1,0.0,10332
280120-38,fix_B_labels_local_seeds,17,0.9608758821087588,1,0.0,9546
280120-38,fix_B_labels_local_seeds,18,0.9567437449850463,1,0.0,13265
280120-38,fix_B_labels_local_seeds,19,0.934142459212097,1,0.0,9630
280120-38,fix_B_labels_local_seeds,20,0.9770195528550284,1,0.0,12660
280120-38,fix_B_labels_local_seeds,21,0.9701357466063348,1,0.0,7701
280120-38,fix_B_labels_local_seeds,22,0.9777535441657579,1,0.0,9086
280120-38,fix_B_labels_local_seeds,23,0.9728834355828221,1,0.0,8099
280120-38,fix_B_labels_local_seeds,24,0.9624470453076758,1,0.0,13558
280120-38,fix_B_labels_local_seeds,25,0.9788727080660983,1,0.0,13074
280120-38,fix_B_labels_local_seeds,26,0.9669337661020387,1,0.0639269406392694,9764
280120-38,fix_B_labels_local_seeds,27,0.9741752749083639,1,0.0,11890
280120-38,fix_B_labels_local_seeds,28,0.9697799689582762,1,0.0,10699
280120-38,fix_B_labels_local_seeds,29,0.9603222864092429,1,0.0,6551
280120-38,fix_B_labels_local_seeds,30,0.9108708357685564,1,0.0,6421
280120-38,fix_B_labels_local_seeds,31,0.7290443366521998,1,0.0,11675
280120-38,fix_B_labels_local_seeds,32,0.8456515567332261,1,0.0,10404
280120-38,fix_B_labels_local_seeds,33,0.9772401066229239,1,0.0,9694
280120-38,fix_B_labels_local_seeds,34,0.9758454106280193,1,0.0,9593
280120-38,fix_B_labels_local_seeds,35,0.9424454439446943,1,0.0,11561
280120-38,fix_B_labels_local_seeds,36,0.5750379939209727,1,0.004694835680751174,9212
280120-38,fix_B_labels_local_seeds,37,0.9742453282223287,1,0.0,8297
280120-38,fix_B_labels_local_seeds,38,0.0,0,0.0,5075
280120-38,fix_B_labels_local_seeds,39,0.9685780480741384,1,0.0,6844
280120-38,fix_B_labels_local_seeds,40,0.967089516515079,1,0.0,8254
280120-38,fix_B_labels_local_seeds,41,0.9756681292381332,1,0.0,9998
280120-38,fix_B_labels_local_seeds,42,0.9401836684040705,1,0.0,7838
280120-38,fix_B_labels_local_seeds,43,0.9656644394951744,1,0.0,5339
280120-38,fix_B_labels_local_seeds,44,0.9743299358248395,1,0.0,13125
280120-38,fix_B_labels_local_seeds,45,0.8769750739332488,1,0.06037735849056604,11600
280120-38,fix_B_labels_local_seeds,46,0.9761950104741954,1,0.0,10386
280120-38,fix_B_labels_local_seeds,47,0.9701133018110447,1,0.0,11093
280120-38,fix_B_labels_local_seeds,48,0.9697975795223305,1,0.0,9183
280120-38,fix_B_labels_local_seeds,49,0.9320217664294684,1,0.0,11370
280120-38,fix_B_labels_local_seeds,50,0.9724524337574414,1,0.0,8499
280120-38,fix_B_labels_local_seeds,51,0.9319384615384615,1,0.0,7849
280120-38,fix_B_labels_local_seeds,52,0.8168695159920747,1,0.0,10441
280120-38,fix_B_labels_local_seeds,53,0.9646910466582598,1,0.0,8631
280120-38,fix_B_labels_local_seeds,54,0.8501063472517632,1,0.0,7773
280120-38,fix_B_labels_local_seeds,55,0.1721375137963455,0,0.0496031746031746,11734
280120-38,fix_B_labels_local_seeds,56,0.0,0,0.02268041237113402,11264
280120-38,fix_B_labels_local_seeds,57,0.9758117958913187,1,0.0,12019
280120-38,fix_B_labels_local_seeds,58,0.7024377660260545,1,0.0,7677
280120-38,fix_B_labels_local_seeds,59,0.912743628185907,1,0.02247191011235955,13215
280120-38,fix_B_labels_local_seeds,60,0.9516242937853108,1,0.0,8194
280120-38,fix_B_labels_local_seeds,61,0.9426572067256294,1,0.0,10209
280120-38,fix_B_labels_local_seeds,62,0.978796883784435,1,0.0,12225
280120-38,fix_B_labels_local_seeds,63,0.948388073255638,1,0.0,6455
280120-38,fix_B_labels_local_seeds,64,0.9784172661870504,1,0.0,15560
280120-38,fix_B_labels_local_seeds,65,0.9791812456263121,1,0.0,11353
280120-38,fix_B_labels_local_seeds,66,0.9716544325239977,1,0.0,8663
280120-38,fix_B_labels_local_seeds,67,0.9790159189580319,1,0.0,12286
280120-38,fix_B_labels_local_seeds,68,0.6942347288949897,1,0.0,11621
280120-38,fix_B_labels_local_seeds,69,0.5262688002197651,1,0.3096446700507614,7737
280120-38,fix_B_labels_local_seeds,70,0.9734892787524366,1,0.0,10106
280120-38,fix_B_labels_local_seeds,71,0.9651361756737488,1,0.0,13691
280120-38,fix_B_labels_local_seeds,72,0.9702339472374315,1,0.0,9934
280120-38,fix_B_labels_local_seeds,73,0.6590029844147232,1,0.0,9009
280120-38,fix_B_labels_local_seeds,74,0.968365888518342,1,0.0,10371
280120-38,fix_B_labels_local_seeds,75,0.971399696816574,1,0.0,9773
280120-38,fix_B_labels_local_seeds,76,0.9713366481427318,1,0.0,10057
280120-38,fix_B_labels_local_seeds,77,0.9548664415105925,1,0.0,9459
280120-38,fix_B_labels_local_seeds,78,0.0,0,0.0,9441
280120-38,fix_B_labels_local_seeds,79,0.9677390606897781,1,0.0,11184
280120-38,fix_B_labels_local_seeds,80,0.9520783690759862,1,0.0,10942
280120-38,fix_B_labels_local_seeds,81,0.9555607806254409,1,0.0,8411
280120-38,fix_B_labels_local_seeds,82,0.9444743572486203,1,0.0,14787
280120-38,fix_B_labels_local_seeds,83,0.7030716723549488,1,0.0,16080
280120-38,fix_B_labels_local_seeds,84,0.6154221809835425,1,0.0,16139
280120-38,fix_B_labels_local_seeds,85,0.9564164648910412,1,0.0,9808
280120-38,fix_B_labels_local_seeds,86,0.4564845833048472,0,0.28054298642533937,6817
280120-38,fix_B_labels_local_seeds,87,0.9465168539325842,1,0.00425531914893617,10944
280120-38,fix_B_labels_local_seeds,88,0.44221002059025394,0,0.1,6563
280120-38,fix_B_labels_local_seeds,89,0.9740557499698322,1,0.0,8239
280120-38,fix_B_labels_local_seeds,90,0.9757811055647994,1,0.0,10717
280120-38,fix_B_labels_local_seeds,91,0.9571351545650612,1,0.0,10842
280120-38,fix_B_labels_local_seeds,92,0.0,0,0.021400778210116732,12714
280120-38,fix_B_labels_local_seeds,93,0.659217877094972,1,0.00641025641025641,10896
280120-38,fix_B_labels_local_seeds,94,0.5356041395380714,1,0.0891089108910891,7956
280120-38,fix_B_labels_local_seeds,95,0.9278716761761223,1,0.0,8867
280120-38,fix_B_labels_local_seeds,96,0.0,0,0.0,6798
280120-38,fix_B_labels_local_seeds,97,0.7587988375847594,1,0.0,12295
280120-38,fix_B_labels_local_seeds,98,0.8520156612529002,1,0.0,12951
280120-38,fix_B_labels_local_seeds,99,0.3713011407496355,0,0.0,4478
280120-38,fix_B_labels_local_seeds,100,0.593576965669989,1,0.0,7197
280120-38,fix_B_labels_local_seeds,101,0.8127499056959638,1,0.049019607843137254,11049
280120-38,fix_B_labels_local_seeds,102,0.0,0,0.0,11444
280120-38,fix_B_labels_local_seeds,103,0.9201214681806179,1,0.0,7312
280120-38,fix_B_labels_local_seeds,104,0.9739602847508431,1,0.0,10512
280120-38,fix_B_labels_local_seeds,105,0.5718513982445397,1,0.05761316872427984,9681
280120-38,fix_B_labels_local_seeds,106,0.0,0,0.12949640287769784,13407
280120-38,fix_B_labels_local_seeds,107,0.0,0,0.0,9679
280120-38,fix_B_labels_local_seeds,108,0.9708059210526315,1,0.0,9650
280120-38,fix_B_labels_local_seeds,109,0.0,0,0.0,4555
280120-38,fix_B_labels_local_seeds,110,0.0,0,0.046052631578947366,10445
280120-38,fix_B_labels_local_seeds,111,0.8795924365631429,1,0.0,9091
280120-38,fix_B_labels_local_seeds,112,0.8932610379550736,1,0.0,5925
280120-38,fix_B_labels_local_seeds,113,0.9771493212669683,1,0.0,8728
280120-38,fix_B_labels_local_seeds,114,0.0,0,0.0,5926
280120-38,fix_B_labels_local_seeds,115,0.0,0,0.04468085106382979,10567
280120-38,fix_B_labels_local_seeds,116,0.798707218032651,1,0.10434782608695652,9823
280120-38,fix_B_labels_local_seeds,117,0.9560889929742389,1,0.0,6790
280120-38,fix_B_labels_local_seeds,118,0.9564637515480614,1,0.0,10380
280120-38,fix_B_labels_local_seeds,119,0.9351815181518152,1,0.0,7432
280120-38,fix_B_labels_local_seeds,120,0.9401074993601228,1,0.0,7761
280120-38,fix_B_labels_local_seeds,121,0.308993223029489,0,0.008771929824561403,5309
280120-38,fix_B_labels_local_seeds,122,0.9587601786183346,1,0.0,7503
280120-38,fix_B_labels_local_seeds,123,0.9255234137765702,1,0.0,6157
280120-38,fix_B_labels_local_seeds,124,0.4853811991117691,0,0.09198113207547169,8011
280120-38,fix_B_labels_local_seeds,125,0.3880316146029356,0,0.004454342984409799,6467
280120-38,fix_B_labels_local_seeds,126,0.9322734101151727,1,0.0,7676
280120-38,fix_B_labels_local_seeds,127,0.0,0,0.0,8019
280120-38,fix_B_labels_local_seeds,128,0.6308592507791134,1,0.003663003663003663,15263
280120-38,fix_B_labels_local_seeds,129,0.00043476160571953045,0,0.0,9720
280120-38,fix_B_labels_local_seeds,130,0.8936881188118811,1,0.0,7553
280120-38,fix_B_labels_local_seeds,131,0.9142716171210066,1,0.06205250596658711,7758
280120-38,fix_B_labels_local_seeds,132,0.9419181187136988,1,0.0,7024
280120-38,fix_B_labels_local_seeds,133,0.9749559082892416,1,0.02857142857142857,8401
280120-38,fix_B_labels_local_seeds,134,0.49066424322538005,0,0.08740359897172237,6103
280120-38,fix_B_labels_local_seeds,135,0.9089775561097256,1,0.0,8783
280120-38,fix_B_labels_local_seeds,136,0.48441945087661265,0,0.0,7430
280120-38,fix_B_labels_local_seeds,137,0.0,0,0.17427385892116182,10401
280120-38,fix_B_labels_local_seeds,138,0.0,0,0.17647058823529413,11203
280120-38,fix_B_labels_local_seeds,139,0.7038547827860494,1,0.05228758169934641,9452
280120-38,fix_B_labels_local_seeds,140,0.7892406199509305,1,0.038314176245210725,13337
280120-38,fix_B_labels_local_seeds,141,0.913081791236081,1,0.0,11659
280120-38,fix_B_labels_local_seeds,142,0.0,0,0.0,9361
280120-38,fix_B_labels_local_seeds,143,0.0,0,0.0,7579
280120-38,fix_B_labels_local_seeds,144,0.7479658395534934,1,0.03436426116838488,14792
280120-38,fix_B_labels_local_seeds,145,0.0,0,0.0,5136
280120-38,fix_B_labels_local_seeds,146,0.0,0,0.062381852551984876,11071
280120-38,fix_B_labels_local_seeds,147,0.0,0,0.0,9663
280120-38,fix_B_labels_local_seeds,148,0.0,0,0.0,4102
280120-38,fix_B_labels_local_seeds,149,0.4608661365577972,0,0.0,7223
280120-38,fix_B_labels_local_seeds,150,0.4820506590536354,0,0.06270096463022508,8329
280120-38,fix_B_labels_local_seeds,151,0.0,0,0.1375,12974
280120-38,fix_B_labels_local_seeds,152,0.0,0,0.0,6436
280120-38,fix_B_labels_local_seeds,153,0.0,0,0.1016260162601626,8610
280120-38,fix_B_labels_local_seeds,154,0.0,0,0.0,7379
280120-38,fix_B_labels_local_seeds,155,0.931543480586159,1,0.0,9099
280120-38,fix_B_labels_local_seeds,156,0.0,0,0.0,11089
280120-38,fix_B_labels_local_seeds,157,0.0,0,0.02185792349726776,7152
280120-38,fix_B_labels_local_seeds,158,0.0,0,0.154296875,12378
280120-38,fix_B_labels_local_seeds,159,0.0,0,0.06584362139917696,10752
280120-38,fix_B_labels_local_seeds,160,0.0,0,0.2796610169491525,10597
280120-38,fix_B_labels_local_seeds,161,0.15365992594702363,0,0.1273209549071618,4320
280120-38,fix_B_labels_local_seeds,162,0.8986984072615174,1,0.0,10634
280120-38,fix_B_labels_local_seeds,163,0.0,0,0.0,8112
280120-38,fix_B_labels_local_seeds,164,0.005176635187128366,0,0.0,5328
280120-38,fix_B_labels_local_seeds,165,0.44469857866361706,0,0.07172995780590717,5746
280120-38,cellpose_sam,1,0.9628416242779549,1,0.0,11168
280120-38,cellpose_sam,2,0.9697588884348182,1,0.0,11873
280120-38,cellpose_sam,3,0.9630549518782987,1,0.0,9306
280120-38,cellpose_sam,4,0.9577051106324652,1,0.0,14673
280120-38,cellpose_sam,5,0.966616841056303,1,0.0,11640
280120-38,cellpose_sam,6,0.9588307171726667,1,0.0,10201
280120-38,cellpose_sam,7,0.9568808220493614,1,0.0,9964
280120-38,cellpose_sam,8,0.9471070562420603,1,0.0,8201
280120-38,cellpose_sam,9,0.9571559843785895,1,0.0,8344
280120-38,cellpose_sam,10,0.9633295267098084,1,0.0,7592
280120-38,cellpose_sam,11,0.9489043514383633,1,0.0,9137
280120-38,cellpose_sam,12,0.9650191021967526,1,0.0,8127
280120-38,cellpose_sam,13,0.9810924369747899,1,0.0,8028
280120-38,cellpose_sam,14,0.963058051633148,1,0.0,6800
280120-38,cellpose_sam,15,0.9563322913706546,1,0.07032967032967033,10096
280120-38,cellpose_sam,16,0.954125046244913,1,0.0,10332
280120-38,cellpose_sam,17,0.965105694346111,1,0.0,9546
280120-38,cellpose_sam,18,0.9655699519580725,1,0.0,13265
280120-38,cellpose_sam,19,0.9711286089238845,1,0.0,9630
280120-38,cellpose_sam,20,0.9628840888348038,1,0.0,12660
280120-38,cellpose_sam,21,0.9558148194116917,1,0.0,7701
280120-38,cellpose_sam,22,0.9612780363944139,1,0.0,9086
280120-38,cellpose_sam,23,0.9602798197770928,1,0.0,8099
280120-38,cellpose_sam,24,0.9412663149125243,1,0.0,13558
280120-38,cellpose_sam,25,0.9489040499346785,1,0.0,13074
280120-38,cellpose_sam,26,0.9585624509033779,1,0.0639269406392694,9764
280120-38,cellpose_sam,27,0.9651153246326849,1,0.0,11890
280120-38,cellpose_sam,28,0.9391678370786517,1,0.0,10699
280120-38,cellpose_sam,29,0.9550954949701123,1,0.0,6551
280120-38,cellpose_sam,30,0.9549375371802499,1,0.0,6421
280120-38,cellpose_sam,31,0.9601940949091208,1,0.0,11675
280120-38,cellpose_sam,32,0.9627846695056471,1,0.0,10404
280120-38,cellpose_sam,33,0.9695939187837568,1,0.0,9694
280120-38,cellpose_sam,34,0.9460552268244576,1,0.0,9593
280120-38,cellpose_sam,35,0.957115655269476,1,0.0,11561
280120-38,cellpose_sam,36,0.9439491751204017,1,0.004694835680751174,9212
280120-38,cellpose_sam,37,0.9612304120719675,1,0.0,8297
280120-38,cellpose_sam,38,0.0,0,0.0,5075
280120-38,cellpose_sam,39,0.9439922747965237,1,0.0,6844
280120-38,cellpose_sam,40,0.9395560614684121,1,0.0,8254
280120-38,cellpose_sam,41,0.9745365853658536,1,0.0,9998
280120-38,cellpose_sam,42,0.9685909373060211,1,0.0,7838
280120-38,cellpose_sam,43,0.9583557709567403,1,0.0,5339
280120-38,cellpose_sam,44,0.9680584243139569,1,0.0,13125
280120-38,cellpose_sam,45,0.9603729603729604,1,0.06037735849056604,11600
280120-38,cellpose_sam,46,0.959091328839228,1,0.0,10386
280120-38,cellpose_sam,47,0.9677954267760517,1,0.0,11093
280120-38,cellpose_sam,48,0.947433646597129,1,0.0,9183
280120-38,cellpose_sam,49,0.951603449719501,1,0.0,11370
280120-38,cellpose_sam,50,0.9737174337197292,1,0.0,8499
280120-38,cellpose_sam,51,0.9568521696494239,1,0.0,7849
280120-38,cellpose_sam,52,0.9649366268850033,1,0.0,10441
280120-38,cellpose_sam,53,0.9532493368700266,1,0.0,8631
280120-38,cellpose_sam,54,0.957725587144623,1,0.0,7773
280120-38,cellpose_sam,55,0.9550561797752809,1,0.0496031746031746,11734
280120-38,cellpose_sam,56,0.9631754731523507,1,0.02268041237113402,11264
280120-38,cellpose_sam,57,0.9670126317483305,1,0.0,12019
280120-38,cellpose_sam,58,0.944745262121585,1,0.0,7677
280120-38,cellpose_sam,59,0.9574344023323615,1,0.02247191011235955,13215
280120-38,cellpose_sam,60,0.9444444444444444,1,0.0,8194
280120-38,cellpose_sam,61,0.9655632929504913,1,0.0,10209
280120-38,cellpose_sam,62,0.9451101662156939,1,0.0,12225
280120-38,cellpose_sam,63,0.9528873135430512,1,0.0,6455
280120-38,cellpose_sam,64,0.9414896835481333,1,0.0,15560
280120-38,cellpose_sam,65,0.9633401221995926,1,0.0,11353
280120-38,cellpose_sam,66,0.9305048335123524,1,0.0,8663
280120-38,cellpose_sam,67,0.9692331965919848,1,0.0,12286
280120-38,cellpose_sam,68,0.9680859998320316,1,0.0,11621
280120-38,cellpose_sam,69,0.9540574282147316,1,0.3096446700507614,7737
280120-38,cellpose_sam,70,0.9391320509246353,1,0.0,10106
280120-38,cellpose_sam,71,0.9497086570477248,1,0.0,13691
280120-38,cellpose_sam,72,0.9712491413992739,1,0.0,9934
280120-38,cellpose_sam,73,0.9557569296375267,1,0.0,9009
280120-38,cellpose_sam,74,0.9566380662422733,1,0.0,10371
280120-38,cellpose_sam,75,0.9446397188049209,1,0.0,9773
280120-38,cellpose_sam,76,0.9595814132104454,1,0.0,10057
280120-38,cellpose_sam,77,0.9569000404694455,1,0.0,9459
280120-38,cellpose_sam,78,0.9502317146886964,1,0.0,9441
280120-38,cellpose_sam,79,0.9675600659207216,1,0.0,11184
280120-38,cellpose_sam,80,0.9640370207139709,1,0.0,10942
280120-38,cellpose_sam,81,0.9692148045658942,1,0.0,8411
280120-38,cellpose_sam,82,0.9670682205054341,1,0.0,14787
280120-38,cellpose_sam,83,0.9612697265389712,1,0.0,16080
280120-38,cellpose_sam,84,0.9538104862679824,1,0.0,16139
280120-38,cellpose_sam,85,0.9662999306175042,1,0.0,9808
280120-38,cellpose_sam,86,0.9596476271668087,1,0.28054298642533937,6817
280120-38,cellpose_sam,87,0.9582055550687812,1,0.00425531914893617,10944
280120-38,cellpose_sam,88,0.9381309489472166,1,0.1,6563
280120-38,cellpose_sam,89,0.9739966753740205,1,0.0,8239
280120-38,cellpose_sam,90,0.9636559913638,1,0.0,10717
280120-38,cellpose_sam,91,0.9585566273669167,1,0.0,10842
280120-38,cellpose_sam,92,0.9570362553704681,1,0.021400778210116732,12714
280120-38,cellpose_sam,93,0.9644949405290254,1,0.00641025641025641,10896
280120-38,cellpose_sam,94,0.943006411778675,1,0.0891089108910891,7956
280120-38,cellpose_sam,95,0.9609290210549164,1,0.0,8867
280120-38,cellpose_sam,96,0.9711289859235852,1,0.0,6798
280120-38,cellpose_sam,97,0.9640812485295271,1,0.0,12295
280120-38,cellpose_sam,98,0.9652679436535738,1,0.0,12951
280120-38,cellpose_sam,99,0.9342660448589829,1,0.0,4478
280120-38,cellpose_sam,100,0.9204095563139931,1,0.0,7197
280120-38,cellpose_sam,101,0.9598485515541076,1,0.049019607843137254,11049
280120-38,cellpose_sam,102,0.9617780771173599,1,0.0,11444
280120-38,cellpose_sam,103,0.9395886889460154,1,0.0,7312
280120-38,cellpose_sam,104,0.9362308514428215,1,0.0,10512
280120-38,cellpose_sam,105,0.9595548047301997,1,0.05761316872427984,9681
280120-38,cellpose_sam,106,0.961863488624052,1,0.12949640287769784,13407
280120-38,cellpose_sam,107,0.9673825772782015,1,0.0,9679
280120-38,cellpose_sam,108,0.9642571085302363,1,0.0,9650
280120-38,cellpose_sam,109,0.931783619378666,1,0.0,4555
280120-38,cellpose_sam,110,0.9314969191736137,1,0.046052631578947366,10445
280120-38,cellpose_sam,111,0.9512887953708574,1,0.0,9091
280120-38,cellpose_sam,112,0.9340239043824701,1,0.0,5925
280120-38,cellpose_sam,113,0.9499346974314323,1,0.0,8728
280120-38,cellpose_sam,114,0.9291417165668663,1,0.0,5926
280120-38,cellpose_sam,115,0.9427245963065394,1,0.04468085106382979,10567
280120-38,cellpose_sam,116,0.9631010794896958,1,0.10434782608695652,9823
280120-38,cellpose_sam,117,0.9699613789157489,1,0.0,6790
280120-38,cellpose_sam,118,0.9657904548844146,1,0.0,10380
280120-38,cellpose_sam,119,0.9675435152466955,1,0.0,7432
280120-38,cellpose_sam,120,0.971385352325728,1,0.0,7761
280120-38,cellpose_sam,121,0.8519828709737479,1,0.008771929824561403,5309
280120-38,cellpose_sam,122,0.9558331187226371,1,0.0,7503
280120-38,cellpose_sam,123,0.9462956971853769,1,0.0,6157
280120-38,cellpose_sam,124,0.9560281993069661,1,0.09198113207547169,8011
280120-38,cellpose_sam,125,0.9378185524974516,1,0.004454342984409799,6467
280120-38,cellpose_sam,126,0.9451970443349754,1,0.0,7676
280120-38,cellpose_sam,127,0.9646604752140876,1,0.0,8019
280120-38,cellpose_sam,128,0.9616284215184272,1,0.003663003663003663,15263
280120-38,cellpose_sam,129,0.9615384615384616,1,0.0,9720
280120-38,cellpose_sam,130,0.9693456980937661,1,0.0,7553
280120-38,cellpose_sam,131,0.955107593371259,1,0.06205250596658711,7758
280120-38,cellpose_sam,132,0.9477764177886577,1,0.0,7024
280120-38,cellpose_sam,133,0.9478731806386099,1,0.02857142857142857,8401
280120-38,cellpose_sam,134,0.9359353133260768,1,0.08740359897172237,6103
280120-38,cellpose_sam,135,0.9557280279842588,1,0.0,8783
280120-38,cellpose_sam,136,0.9150246305418719,1,0.0,7430
280120-38,cellpose_sam,137,0.942973708068903,1,0.17427385892116182,10401
280120-38,cellpose_sam,138,0.969518019973947,1,0.17647058823529413,11203
280120-38,cellpose_sam,139,0.966366552830384,1,0.05228758169934641,9452
280120-38,cellpose_sam,140,0.9527863223406539,1,0.038314176245210725,13337
280120-38,cellpose_sam,141,0.9497503887388493,1,0.0,11659
280120-38,cellpose_sam,142,0.9244237807893956,1,0.0,9361
280120-38,cellpose_sam,143,0.9284050508765478,1,0.0,7579
280120-38,cellpose_sam,144,0.9557264736297828,1,0.03436426116838488,14792
280120-38,cellpose_sam,145,0.9521665728756331,1,0.0,5136
280120-38,cellpose_sam,146,0.9091730311242506,1,0.062381852551984876,11071
280120-38,cellpose_sam,147,0.949507874015748,1,0.0,9663
280120-38,cellpose_sam,148,0.0,0,0.0,4102
280120-38,cellpose_sam,149,0.9601566720691518,1,0.0,7223
280120-38,cellpose_sam,150,0.9258915088860494,1,0.06270096463022508,8329
280120-38,cellpose_sam,151,0.9566373642609145,1,0.1375,12974
280120-38,cellpose_sam,152,0.7821806247720919,1,0.0,6436
280120-38,cellpose_sam,153,0.9488768396591789,1,0.1016260162601626,8610
280120-38,cellpose_sam,154,0.7572646062224048,1,0.0,7379
280120-38,cellpose_sam,155,0.9545837723919915,1,0.0,9099
280120-38,cellpose_sam,156,0.9319098856758574,1,0.0,11089
280120-38,cellpose_sam,157,0.9408688656476267,1,0.02185792349726776,7152
280120-38,cellpose_sam,158,0.9343882670783481,1,0.154296875,12378
280120-38,cellpose_sam,159,0.911726525313717,1,0.06584362139917696,10752
280120-38,cellpose_sam,160,0.9454196379594075,1,0.2796610169491525,10597
280120-38,cellpose_sam,161,0.005338325013865779,0,0.1273209549071618,4320
280120-38,cellpose_sam,162,0.9481753788218417,1,0.0,10634
280120-38,cellpose_sam,163,0.5776543473616749,1,0.0,8112
280120-38,cellpose_sam,164,0.75243993993994,1,0.0,5328
280120-38,cellpose_sam,165,0.8817169069462647,1,0.07172995780590717,5746
280120-39,original,1,0.9760147601476015,1,0.0,12909
280120-39,original,2,0.9746847267631947,1,0.0,10615
280120-39,original,3,0.9150747302781352,1,0.0,10034
280120-39,original,4,0.9184580108913729,1,0.0,6907
280120-39,original,5,0.978333462763066,1,0.0,12752
280120-39,original,6,0.969884440294152,1,0.0,8506
280120-39,original,7,0.9788499669530734,1,0.0,15000
280120-39,original,8,0.0,0,0.0,12246
280120-39,original,9,0.9776027996500437,1,0.0,11342
280120-39,original,10,0.9703532899612946,1,0.0,12118
280120-39,original,11,0.9823650714641258,1,0.0,13970
280120-39,original,12,0.9768103809125157,1,0.0,11855
280120-39,original,13,0.9785946135625933,1,0.0,11284
280120-39,original,14,0.977405721716515,1,0.0,12198
280120-39,original,15,0.9711465451784358,1,0.0,9130
280120-39,original,16,0.9771607164322635,1,0.0,8288
280120-39,original,17,0.9721542227662179,1,0.0,9727
280120-39,original,18,0.9699706744868035,1,0.0,8480
280120-39,original,19,0.0,0,0.0,6590
280120-39,original,20,0.9694192377495463,1,0.0,10956
280120-39,original,21,0.9778301381600085,1,0.0,9191
280120-39,original,22,0.97318043096273,1,0.0,10760
280120-39,original,23,0.9766598019025203,1,0.0,10088
280120-39,original,24,0.0,0,0.0,8796
280120-39,original,25,0.9745162812647475,1,0.0,10473
280120-39,original,26,0.9742002063983488,1,0.0,13308
280120-39,original,27,0.9770548483419771,1,0.0,12600
280120-39,original,28,0.9721111555377849,1,0.0,9895
280120-39,original,29,0.9554383207991918,1,0.0,8886
280120-39,original,30,0.9681206538426804,1,0.0,11009
280120-39,original,31,0.0,0,0.0,5564
280120-39,original,32,0.7470555861309851,1,0.0,9044
280120-39,original,33,0.9797956339990711,1,0.0,12807
280120-39,original,34,0.9572930354796321,1,0.0,6056
280120-39,original,35,0.9594132568655565,1,0.0,9039
280120-39,original,36,0.9708764289602613,1,0.0,10951
280120-39,original,37,0.9684430702073481,1,0.0,10868
280120-39,original,38,0.9677704194260486,1,0.0,8966
280120-39,original,39,0.958835708196322,1,0.0,8171
280120-39,original,40,0.9744803266518188,1,0.0,10745
280120-39,original,41,0.0,0,0.0,5146
280120-39,original,42,0.0,0,0.0,14100
280120-39,original,43,0.9664826894129454,1,0.0,9918
280120-39,original,44,0.968986003423623,1,0.0,9758
280120-39,original,45,0.7745387142977505,1,0.0,11736
280120-39,original,46,0.9762764311500773,1,0.0,9580
280120-39,original,47,0.9788702026735662,1,0.0,13797
280120-39,original,48,0.0,0,0.0,5908
280120-39,original,49,0.0,0,0.0,13307
280120-39,original,50,0.0,0,0.0,5118
280120-39,original,51,0.9687006838506049,1,0.0,7581
280120-39,original,52,0.9713422662845635,1,0.0,12859
280120-39,original,53,0.9422649022133739,1,0.0,8516
280120-39,original,54,0.7723304231027536,1,0.0,13290
280120-39,original,55,0.9765712160654518,1,0.0,10703
280120-39,original,56,0.9802594012562199,1,0.0,12102
280120-39,original,57,0.9665643125213238,1,0.0,8724
280120-39,original,58,0.0,0,0.0,8814
280120-39,original,59,0.9512915936952715,1,0.0,8988
280120-39,original,60,0.6262962389722954,1,0.0,12779
280120-39,original,61,0.9754037878166762,1,0.0,12057
280120-39,original,62,0.9748302286461903,1,0.0,15770
280120-39,original,63,0.0,0,0.0,10401
280120-39,original,64,0.9627894525498595,1,0.0,7432
280120-39,original,65,0.9442456206441892,1,0.0,5266
280120-39,original,66,0.0,0,0.0,4069
280120-39,original,67,0.9696664568911265,1,0.0,7855
280120-39,original,68,0.9712402636309168,1,0.0,9823
280120-39,original,69,0.9755068266446008,1,0.0,11943
280120-39,original,70,0.9714347079037801,1,0.0,9224
280120-39,original,71,0.0,0,0.0,14794
280120-39,original,72,0.0,0,0.0,9774
280120-39,original,73,0.9643065438003032,1,0.0,8510
280120-39,original,74,0.9742373376149467,1,0.0,13406
280120-39,original,75,0.974081055607917,1,0.0,12570
280120-39,original,76,0.9732857640097459,1,0.0,11311
280120-39,original,77,0.0,0,0.0,12349
280120-39,original,78,0.0,0,0.0,11430
280120-39,original,79,0.9523320056533471,1,0.0,7751
280120-39,original,80,0.7667392250761863,1,0.0,11429
280120-39,original,81,0.0,0,0.0,11174
280120-39,original,82,0.966428630058278,1,0.0,12065
280120-39,original,83,0.9676569742941424,1,0.0,9423
280120-39,original,84,0.9674103237095363,1,0.0,8983
280120-39,original,85,0.9612327126211477,1,0.0,9099
280120-39,original,86,0.9440840284213778,1,0.0,6449
280120-39,original,87,0.0,0,0.0,7523
280120-39,original,88,0.0,0,0.0,8011
280120-39,original,89,0.9582855833142333,1,0.0,8681
280120-39,original,90,0.7052243549002161,1,0.0,7813
280120-39,original,91,0.9759852813014428,1,0.0,10238
280120-39,original,92,0.6920789134529592,1,0.0,10007
280120-39,original,93,0.9727985829959515,1,0.0,7845
280120-39,original,94,0.0,0,0.0,5914
280120-39,original,95,0.9663576710759296,1,0.0,9533
280120-39,original,96,0.7099986170654128,1,0.03275109170305677,10521
280120-39,original,97,0.0,0,0.0,6877
280120-39,original,98,0.0,0,0.0,9365
280120-39,original,99,0.0,0,0.0,7398
280120-39,original,100,0.9410383511609706,1,0.0,7646
280120-39,original,101,0.42755413457346314,0,0.21875,6033
280120-39,original,102,0.0,0,0.0,5049
280120-39,original,103,0.9749815134335716,1,0.0,8032
280120-39,original,104,0.9161939875212706,1,0.0,7040
280120-39,original,105,0.943673863225184,1,0.0,8134
280120-39,original,106,0.0,0,0.1125,10988
280120-39,original,107,0.0,0,0.0,7472
280120-39,original,108,0.9601713062098501,1,0.0,9302
280120-39,original,109,0.9486113735121859,1,0.0,5244
280120-39,original,110,0.9629122223309522,1,0.0,10016
280120-39,original,111,0.937696335078534,1,0.0,9482
280120-39,original,112,0.9421407907425265,1,0.0,7216
280120-39,original,113,0.0037895287045909922,0,0.10106382978723404,6459
280120-39,original,114,0.0,0,0.14516129032258066,10310
280120-39,original,115,0.9645464025026069,1,0.0,11335
280120-39,original,116,0.9013694163677861,1,0.0,11545
280120-39,original,117,0.0,0,0.05227655986509275,15083
280120-39,original,118,0.6407185628742516,1,0.0,11103
280120-39,original,119,0.9743045017703591,1,0.0,9768
280120-39,original,120,0.0,0,0.0,7832
280120-39,original,121,0.6118662629646331,1,0.0,9623
280120-39,original,122,0.9615919015482334,1,0.0,9863
280120-39,original,123,0.0,0,0.08658008658008658,7582
280120-39,original,124,0.5192091398804238,1,0.11632653061224489,9078
280120-39,original,125,0.9734677325918202,1,0.0,8550
280120-39,original,126,0.0,0,0.11471861471861472,7881
280120-39,original,127,0.0,0,0.0,6624
280120-39,original,128,0.4550457617993659,0,0.23170731707317074,7738
280120-39,original,129,0.5950874114919481,1,0.008620689655172414,9624
280120-39,original,130,0.0,0,0.08791208791208792,7806
280120-39,original,131,0.0,0,0.155,5807
280120-39,original,132,0.5332556017438913,1,0.0,19667
280120-39,original,133,0.5485812553740327,1,0.15495867768595042,7999
280120-39,original,134,0.9550394691682874,1,0.0,8586
280120-39,original,135,0.0,0,0.0,9938
280120-39,original,136,0.9333912539820446,1,0.0,6799
280120-39,original,137,0.7298976288389185,1,0.0,11325
280120-39,original,138,0.0,0,0.0,8179
280120-39,original,139,0.0,0,0.0,6070
280120-39,original,140,0.0,0,0.0,7591
280120-39,original,141,0.9285440368145212,1,0.0,7684
280120-39,original,142,0.0,0,0.22103004291845493,9157
280120-39,original,143,0.4816019271303824,0,0.006756756756756757,8051
280120-39,original,144,0.3533227344992051,0,0.0,5883
280120-39,original,145,0.2311745603823295,0,0.04054054054054054,5885
280120-39,original,146,0.9611907588348096,1,0.0,10815
280120-39,original,147,0.9688158916879369,1,0.0,8872
280120-39,original,148,0.0,0,0.12448132780082988,10998
280120-39,original,149,0.0,0,0.0,11688
280120-39,original,150,0.22664266426642665,0,0.005859375,11424
280120-39,original,151,0.418975650713686,0,0.0069767441860465115,7109
280120-39,fix_A_labels,1,0.9760147601476015,1,0.0,12909
280120-39,fix_A_labels,2,0.9746847267631947,1,0.0,10615
280120-39,fix_A_labels,3,0.9150747302781352,1,0.0,10034
280120-39,fix_A_labels,4,0.9184580108913729,1,0.0,6907
280120-39,fix_A_labels,5,0.978333462763066,1,0.0,12752
280120-39,fix_A_labels,6,0.969884440294152,1,0.0,8506
280120-39,fix_A_labels,7,0.9788499669530734,1,0.0,15000
280120-39,fix_A_labels,8,0.8240440699935191,1,0.0,12246
280120-39,fix_A_labels,9,0.9776027996500437,1,0.0,11342
280120-39,fix_A_labels,10,0.9703532899612946,1,0.0,12118
280120-39,fix_A_labels,11,0.9823650714641258,1,0.0,13970
280120-39,fix_A_labels,12,0.9768103809125157,1,0.0,11855
280120-39,fix_A_labels,13,0.9785946135625933,1,0.0,11284
280120-39,fix_A_labels,14,0.977405721716515,1,0.0,12198
280120-39,fix_A_labels,15,0.6829294795175487,1,0.0,9130
280120-39,fix_A_labels,16,0.9771607164322635,1,0.0,8288
280120-39,fix_A_labels,17,0.9721542227662179,1,0.0,9727
280120-39,fix_A_labels,18,0.9699706744868035,1,0.0,8480
280120-39,fix_A_labels,19,0.0,0,0.0,6590
280120-39,fix_A_labels,20,0.9694192377495463,1,0.0,10956
280120-39,fix_A_labels,21,0.9778301381600085,1,0.0,9191
280120-39,fix_A_labels,22,0.97318043096273,1,0.0,10760
280120-39,fix_A_labels,23,0.9766598019025203,1,0.0,10088
280120-39,fix_A_labels,24,0.0,0,0.0,8796
280120-39,fix_A_labels,25,0.9745162812647475,1,0.0,10473
280120-39,fix_A_labels,26,0.8032410833210004,1,0.0,13308
280120-39,fix_A_labels,27,0.9770548483419771,1,0.0,12600
280120-39,fix_A_labels,28,0.9721111555377849,1,0.0,9895
280120-39,fix_A_labels,29,0.9554383207991918,1,0.0,8886
280120-39,fix_A_labels,30,0.9681206538426804,1,0.0,11009
280120-39,fix_A_labels,31,0.0,0,0.0,5564
280120-39,fix_A_labels,32,0.7470555861309851,1,0.0,9044
280120-39,fix_A_labels,33,0.9797956339990711,1,0.0,12807
280120-39,fix_A_labels,34,0.9572930354796321,1,0.0,6056
280120-39,fix_A_labels,35,0.9594132568655565,1,0.0,9039
280120-39,fix_A_labels,36,0.45136363636363636,0,0.0,10951
280120-39,fix_A_labels,37,0.9684430702073481,1,0.0,10868
280120-39,fix_A_labels,38,0.9677704194260486,1,0.0,8966
280120-39,fix_A_labels,39,0.958835708196322,1,0.0,8171
280120-39,fix_A_labels,40,0.9744803266518188,1,0.0,10745
280120-39,fix_A_labels,41,0.0,0,0.0,5146
280120-39,fix_A_labels,42,0.9679054054054054,1,0.0,14100
280120-39,fix_A_labels,43,0.9664826894129454,1,0.0,9918
280120-39,fix_A_labels,44,0.968986003423623,1,0.0,9758
280120-39,fix_A_labels,45,0.7745387142977505,1,0.0,11736
280120-39,fix_A_labels,46,0.9762764311500773,1,0.0,9580
280120-39,fix_A_labels,47,0.9788702026735662,1,0.0,13797
280120-39,fix_A_labels,48,0.0,0,0.0,5908
280120-39,fix_A_labels,49,0.0,0,0.0,13307
280120-39,fix_A_labels,50,0.0,0,0.0,5118
280120-39,fix_A_labels,51,0.9687006838506049,1,0.0,7581
280120-39,fix_A_labels,52,0.9713422662845635,1,0.0,12859
280120-39,fix_A_labels,53,0.9422649022133739,1,0.0,8516
280120-39,fix_A_labels,54,0.4311534423278836,0,0.0,13290
280120-39,fix_A_labels,55,0.9765712160654518,1,0.0,10703
280120-39,fix_A_labels,56,0.9802594012562199,1,0.0,12102
280120-39,fix_A_labels,57,0.9665643125213238,1,0.0,8724
280120-39,fix_A_labels,58,0.0,0,0.0,8814
280120-39,fix_A_labels,59,0.6399384885764499,1,0.0,8988
280120-39,fix_A_labels,60,0.6262962389722954,1,0.0,12779
280120-39,fix_A_labels,61,0.9754037878166762,1,0.0,12057
280120-39,fix_A_labels,62,0.45095445095445097,0,0.0,15770
280120-39,fix_A_labels,63,0.0,0,0.0,10401
280120-39,fix_A_labels,64,0.0,0,0.0,7432
280120-39,fix_A_labels,65,0.9442456206441892,1,0.0,5266
280120-39,fix_A_labels,66,0.0,0,0.0,4069
280120-39,fix_A_labels,67,0.9696664568911265,1,0.0,7855
280120-39,fix_A_labels,68,0.9712402636309168,1,0.0,9823
280120-39,fix_A_labels,69,0.559155865736125,1,0.0,11943
280120-39,fix_A_labels,70,0.9714347079037801,1,0.0,9224
280120-39,fix_A_labels,71,0.0,0,0.0,14794
280120-39,fix_A_labels,72,0.0,0,0.0,9774
280120-39,fix_A_labels,73,0.9643065438003032,1,0.0,8510
280120-39,fix_A_labels,74,0.9742373376149467,1,0.0,13406
280120-39,fix_A_labels,75,0.974081055607917,1,0.0,12570
280120-39,fix_A_labels,76,0.9732857640097459,1,0.0,11311
280120-39,fix_A_labels,77,0.0,0,0.0,12349
280120-39,fix_A_labels,78,0.0,0,0.0,11430
280120-39,fix_A_labels,79,0.9523320056533471,1,0.0,7751
280120-39,fix_A_labels,80,0.7667392250761863,1,0.0,11429
280120-39,fix_A_labels,81,0.9512427470338616,1,0.0,11174
280120-39,fix_A_labels,82,0.966428630058278,1,0.0,12065
280120-39,fix_A_labels,83,0.9676569742941424,1,0.0,9423
280120-39,fix_A_labels,84,0.9176509186351706,1,0.0,8983
280120-39,fix_A_labels,85,0.9612327126211477,1,0.0,9099
280120-39,fix_A_labels,86,0.9440840284213778,1,0.0,6449
280120-39,fix_A_labels,87,0.0,0,0.0,7523
280120-39,fix_A_labels,88,0.9528535980148883,1,0.0,8011
280120-39,fix_A_labels,89,0.6381465764422526,1,0.0,8681
280120-39,fix_A_labels,90,0.7052243549002161,1,0.0,7813
280120-39,fix_A_labels,91,0.6413370906617433,1,0.0,10238
280120-39,fix_A_labels,92,0.0,0,0.0,10007
280120-39,fix_A_labels,93,0.9727985829959515,1,0.0,7845
280120-39,fix_A_labels,94,0.0,0,0.0,5914
280120-39,fix_A_labels,95,0.9663576710759296,1,0.0,9533
280120-39,fix_A_labels,96,0.7099986170654128,1,0.03275109170305677,10521
280120-39,fix_A_labels,97,0.0,0,0.0,6877
280120-39,fix_A_labels,98,0.0,0,0.0,9365
280120-39,fix_A_labels,99,0.0,0,0.0,7398
280120-39,fix_A_labels,100,0.9410383511609706,1,0.0,7646
280120-39,fix_A_labels,101,0.42755413457346314,0,0.21875,6033
280120-39,fix_A_labels,102,0.0,0,0.0,5049
280120-39,fix_A_labels,103,0.9749815134335716,1,0.0,8032
280120-39,fix_A_labels,104,0.9161939875212706,1,0.0,7040
280120-39,fix_A_labels,105,0.943673863225184,1,0.0,8134
280120-39,fix_A_labels,106,0.0,0,0.1125,10988
280120-39,fix_A_labels,107,0.0,0,0.0,7472
280120-39,fix_A_labels,108,0.9601713062098501,1,0.0,9302
280120-39,fix_A_labels,109,0.9486113735121859,1,0.0,5244
280120-39,fix_A_labels,110,0.9629122223309522,1,0.0,10016
280120-39,fix_A_labels,111,0.937696335078534,1,0.0,9482
280120-39,fix_A_labels,112,0.9421407907425265,1,0.0,7216
280120-39,fix_A_labels,113,0.0062634989200863935,0,0.10106382978723404,6459
280120-39,fix_A_labels,114,0.0,0,0.14516129032258066,10310
280120-39,fix_A_labels,115,0.9645464025026069,1,0.0,11335
280120-39,fix_A_labels,116,0.9013694163677861,1,0.0,11545
280120-39,fix_A_labels,117,0.8402895526281466,1,0.05227655986509275,15083
280120-39,fix_A_labels,118,0.6407185628742516,1,0.0,11103
280120-39,fix_A_labels,119,0.9743045017703591,1,0.0,9768
280120-39,fix_A_labels,120,0.8026522001205546,1,0.0,7832
280120-39,fix_A_labels,121,0.8211290740900838,1,0.0,9623
280120-39,fix_A_labels,122,0.9615919015482334,1,0.0,9863
280120-39,fix_A_labels,123,0.0,0,0.08658008658008658,7582
280120-39,fix_A_labels,124,0.9508679986898133,1,0.11632653061224489,9078
280120-39,fix_A_labels,125,0.9734677325918202,1,0.0,8550
280120-39,fix_A_labels,126,0.0,0,0.11471861471861472,7881
280120-39,fix_A_labels,127,0.0,0,0.0,6624
280120-39,fix_A_labels,128,0.9250473186119874,1,0.23170731707317074,7738
280120-39,fix_A_labels,129,0.870805061434073,1,0.008620689655172414,9624
280120-39,fix_A_labels,130,0.0,0,0.08791208791208792,7806
280120-39,fix_A_labels,131,0.3308719281663516,0,0.155,5807
280120-39,fix_A_labels,132,0.5332556017438913,1,0.0,19667
280120-39,fix_A_labels,133,0.5485812553740327,1,0.15495867768595042,7999
280120-39,fix_A_labels,134,0.9550394691682874,1,0.0,8586
280120-39,fix_A_labels,135,0.9552238805970149,1,0.0,9938
280120-39,fix_A_labels,136,0.9333912539820446,1,0.0,6799
280120-39,fix_A_labels,137,0.7298976288389185,1,0.0,11325
280120-39,fix_A_labels,138,0.0,0,0.0,8179
280120-39,fix_A_labels,139,0.0,0,0.0,6070
280120-39,fix_A_labels,140,0.8950384164604767,1,0.0,7591
280120-39,fix_A_labels,141,0.9285440368145212,1,0.0,7684
280120-39,fix_A_labels,142,0.0,0,0.22103004291845493,9157
280120-39,fix_A_labels,143,0.4816019271303824,0,0.006756756756756757,8051
280120-39,fix_A_labels,144,0.10830348004094166,0,0.0,5883
280120-39,fix_A_labels,145,0.2311745603823295,0,0.04054054054054054,5885
280120-39,fix_A_labels,146,0.7444679092828941,1,0.0,10815
280120-39,fix_A_labels,147,0.9688158916879369,1,0.0,8872
280120-39,fix_A_labels,148,0.6415965888902049,1,0.12448132780082988,10998
280120-39,fix_A_labels,149,0.0,0,0.0,11688
280120-39,fix_A_labels,150,0.42078482104355325,0,0.005859375,11424
280120-39,fix_A_labels,151,0.418975650713686,0,0.0069767441860465115,7109
280120-39,fix_B_labels_local_seeds,1,0.9763864318129375,1,0.0,12909
280120-39,fix_B_labels_local_seeds,2,0.9746847267631947,1,0.0,10615
280120-39,fix_B_labels_local_seeds,3,0.9147777887756112,1,0.0,10034
280120-39,fix_B_labels_local_seeds,4,0.92,1,0.0,6907
280120-39,fix_B_labels_local_seeds,5,0.978333462763066,1,0.0,12752
280120-39,fix_B_labels_local_seeds,6,0.9701109165207239,1,0.0,8506
280120-39,fix_B_labels_local_seeds,7,0.9788499669530734,1,0.0,15000
280120-39,fix_B_labels_local_seeds,8,0.9231205443940376,1,0.0,12246
280120-39,fix_B_labels_local_seeds,9,0.9775153105861767,1,0.0,11342
280120-39,fix_B_labels_local_seeds,10,0.9703532899612946,1,0.0,12118
280120-39,fix_B_labels_local_seeds,11,0.9823650714641258,1,0.0,13970
280120-39,fix_B_labels_local_seeds,12,0.9768940979489326,1,0.0,11855
280120-39,fix_B_labels_local_seeds,13,0.9784191595754014,1,0.0,11284
280120-39,fix_B_labels_local_seeds,14,0.9772431729518856,1,0.0,12198
280120-39,fix_B_labels_local_seeds,15,0.9717912552891397,1,0.0,9130
280120-39,fix_B_labels_local_seeds,16,0.9772781918730464,1,0.0,8288
280120-39,fix_B_labels_local_seeds,17,0.9721542227662179,1,0.0,9727
280120-39,fix_B_labels_local_seeds,18,0.9699706744868035,1,0.0,8480
280120-39,fix_B_labels_local_seeds,19,0.9380865879503482,1,0.0,6590
280120-39,fix_B_labels_local_seeds,20,0.9694192377495463,1,0.0,10956
280120-39,fix_B_labels_local_seeds,21,0.977413830014986,1,0.0,9191
280120-39,fix_B_labels_local_seeds,22,0.97318043096273,1,0.0,10760
280120-39,fix_B_labels_local_seeds,23,0.9766598019025203,1,0.0,10088
280120-39,fix_B_labels_local_seeds,24,0.9712837837837838,1,0.0,8796
280120-39,fix_B_labels_local_seeds,25,0.9745090634441088,1,0.0,10473
280120-39,fix_B_labels_local_seeds,26,0.9744062546098244,1,0.0,13308
280120-39,fix_B_labels_local_seeds,27,0.9772102161100197,1,0.0,12600
280120-39,fix_B_labels_local_seeds,28,0.970891267380214,1,0.0,9895
280120-39,fix_B_labels_local_seeds,29,0.9554383207991918,1,0.0,8886
280120-39,fix_B_labels_local_seeds,30,0.9681206538426804,1,0.0,11009
280120-39,fix_B_labels_local_seeds,31,0.0,0,0.0,5564
280120-39,fix_B_labels_local_seeds,32,0.9705623901581723,1,0.0,9044
280120-39,fix_B_labels_local_seeds,33,0.9797956339990711,1,0.0,12807
280120-39,fix_B_labels_local_seeds,34,0.9572930354796321,1,0.0,6056
280120-39,fix_B_labels_local_seeds,35,0.9593029668026911,1,0.0,9039
280120-39,fix_B_labels_local_seeds,36,0.9711486118671747,1,0.0,10951
280120-39,fix_B_labels_local_seeds,37,0.9684430702073481,1,0.0,10868
280120-39,fix_B_labels_local_seeds,38,0.9673289183222958,1,0.0,8966
280120-39,fix_B_labels_local_seeds,39,0.958835708196322,1,0.0,8171
280120-39,fix_B_labels_local_seeds,40,0.9744803266518188,1,0.0,10745
280120-39,fix_B_labels_local_seeds,41,0.0,0,0.0,5146
280120-39,fix_B_labels_local_seeds,42,0.9674922600619195,1,0.0,14100
280120-39,fix_B_labels_local_seeds,43,0.9663823381836427,1,0.0,9918
280120-39,fix_B_labels_local_seeds,44,0.9687846138354647,1,0.0,9758
280120-39,fix_B_labels_local_seeds,45,0.9759097035040432,1,0.0,11736
280120-39,fix_B_labels_local_seeds,46,0.9762764311500773,1,0.0,9580
280120-39,fix_B_labels_local_seeds,47,0.9788044259232649,1,0.0,13797
280120-39,fix_B_labels_local_seeds,48,0.0,0,0.0,5908
280120-39,fix_B_labels_local_seeds,49,0.0,0,0.0,13307
280120-39,fix_B_labels_local_seeds,50,0.0,0,0.0,5118
280120-39,fix_B_labels_local_seeds,51,0.9687006838506049,1,0.0,7581
280120-39,fix_B_labels_local_seeds,52,0.9713400464756003,1,0.0,12859
280120-39,fix_B_labels_local_seeds,53,0.9415622438224617,1,0.0,8516
280120-39,fix_B_labels_local_seeds,54,0.9780907668231612,1,0.0,13290
280120-39,fix_B_labels_local_seeds,55,0.9765712160654518,1,0.0,10703
280120-39,fix_B_labels_local_seeds,56,0.9808194580476657,1,0.0,12102
280120-39,fix_B_labels_local_seeds,57,0.9664467697907189,1,0.0,8724
280120-39,fix_B_labels_local_seeds,58,0.9490871980950221,1,0.0,8814
280120-39,fix_B_labels_local_seeds,59,0.952928297755884,1,0.0,8988
280120-39,fix_B_labels_local_seeds,60,0.9726725335803613,1,0.0,12779
280120-39,fix_B_labels_local_seeds,61,0.9743652743652743,1,0.0,12057
280120-39,fix_B_labels_local_seeds,62,0.9748349321041485,1,0.0,15770
280120-39,fix_B_labels_local_seeds,63,0.976555023923445,1,0.0,10401
280120-39,fix_B_labels_local_seeds,64,0.9641327623126338,1,0.0,7432
280120-39,fix_B_labels_local_seeds,65,0.9442456206441892,1,0.0,5266
280120-39,fix_B_labels_local_seeds,66,0.0,0,0.0,4069
280120-39,fix_B_labels_local_seeds,67,0.9697923222152297,1,0.0,7855
280120-39,fix_B_labels_local_seeds,68,0.9712402636309168,1,0.0,9823
280120-39,fix_B_labels_local_seeds,69,0.975504799735187,1,0.0,11943
280120-39,fix_B_labels_local_seeds,70,0.9714347079037801,1,0.0,9224
280120-39,fix_B_labels_local_seeds,71,0.0,0,0.0,14794
280120-39,fix_B_labels_local_seeds,72,0.9755114380731633,1,0.0,9774
280120-39,fix_B_labels_local_seeds,73,0.9634431207661761,1,0.0,8510
280120-39,fix_B_labels_local_seeds,74,0.9743795620437956,1,0.0,13406
280120-39,fix_B_labels_local_seeds,75,0.974081055607917,1,0.0,12570
280120-39,fix_B_labels_local_seeds,76,0.973624651810585,1,0.0,11311
280120-39,fix_B_labels_local_seeds,77,0.7290994189799871,1,0.0,12349
280120-39,fix_B_labels_local_seeds,78,0.0,0,0.0,11430
280120-39,fix_B_labels_local_seeds,79,0.9520935011559208,1,0.0,7751
280120-39,fix_B_labels_local_seeds,80,0.9689240947075209,1,0.0,11429
280120-39,fix_B_labels_local_seeds,81,0.0,0,0.0,11174
280120-39,fix_B_labels_local_seeds,82,0.9663465484691783,1,0.0,12065
280120-39,fix_B_labels_local_seeds,83,0.9681803814139711,1,0.0,9423
280120-39,fix_B_labels_local_seeds,84,0.9672023614299771,1,0.0,8983
280120-39,fix_B_labels_local_seeds,85,0.9611238157464881,1,0.0,9099
280120-39,fix_B_labels_local_seeds,86,0.9430203829524397,1,0.0,6449
280120-39,fix_B_labels_local_seeds,87,0.9357749469214437,1,0.0,7523
280120-39,fix_B_labels_local_seeds,88,0.9528535980148883,1,0.0,8011
280120-39,fix_B_labels_local_seeds,89,0.9577125830850333,1,0.0,8681
280120-39,fix_B_labels_local_seeds,90,0.9720634920634921,1,0.0,7813
280120-39,fix_B_labels_local_seeds,91,0.9758884477583035,1,0.0,10238
280120-39,fix_B_labels_local_seeds,92,0.968080888183981,1,0.0,10007
280120-39,fix_B_labels_local_seeds,93,0.9727985829959515,1,0.0,7845
280120-39,fix_B_labels_local_seeds,94,0.947971038895437,1,0.0,5914
280120-39,fix_B_labels_local_seeds,95,0.9664688118296366,1,0.0,9533
280120-39,fix_B_labels_local_seeds,96,0.7842748091603053,1,0.03275109170305677,10521
280120-39,fix_B_labels_local_seeds,97,0.9586107091172215,1,0.0,6877
280120-39,fix_B_labels_local_seeds,98,0.964376860910251,1,0.0,9365
280120-39,fix_B_labels_local_seeds,99,0.9697456492637215,1,0.0,7398
280120-39,fix_B_labels_local_seeds,100,0.9415677579235685,1,0.0,7646
280120-39,fix_B_labels_local_seeds,101,0.42755413457346314,0,0.21875,6033
280120-39,fix_B_labels_local_seeds,102,0.0,0,0.0,5049
280120-39,fix_B_labels_local_seeds,103,0.9749815134335716,1,0.0,8032
280120-39,fix_B_labels_local_seeds,104,0.9137833238797505,1,0.0,7040
280120-39,fix_B_labels_local_seeds,105,0.9439150886503438,1,0.0,8134
280120-39,fix_B_labels_local_seeds,106,0.0,0,0.1125,10988
280120-39,fix_B_labels_local_seeds,107,0.9521756174049393,1,0.0,7472
280120-39,fix_B_labels_local_seeds,108,0.9601713062098501,1,0.0,9302
280120-39,fix_B_labels_local_seeds,109,0.948969948969949,1,0.0,5244
280120-39,fix_B_labels_local_seeds,110,0.9631007144954488,1,0.0,10016
280120-39,fix_B_labels_local_seeds,111,0.937696335078534,1,0.0,9482
280120-39,fix_B_labels_local_seeds,112,0.9465417470377514,1,0.0,7216
280120-39,fix_B_labels_local_seeds,113,0.0031804121465603625,0,0.10106382978723404,6459
280120-39,fix_B_labels_local_seeds,114,0.0,0,0.14516129032258066,10310
280120-39,fix_B_labels_local_seeds,115,0.9635036496350365,1,0.0,11335
280120-39,fix_B_labels_local_seeds,116,0.9071109305160504,1,0.0,11545
280120-39,fix_B_labels_local_seeds,117,0.834616388308977,1,0.05227655986509275,15083
280120-39,fix_B_labels_local_seeds,118,0.6221288765752078,1,0.0,11103
280120-39,fix_B_labels_local_seeds,119,0.9746156957928802,1,0.0,9768
280120-39,fix_B_labels_local_seeds,120,0.7987005173865961,1,0.0,7832
280120-39,fix_B_labels_local_seeds,121,0.39471993833504626,0,0.0,9623
280120-39,fix_B_labels_local_seeds,122,0.9615919015482334,1,0.0,9863
280120-39,fix_B_labels_local_seeds,123,0.0,0,0.08658008658008658,7582
280120-39,fix_B_labels_local_seeds,124,0.5197037037037037,1,0.11632653061224489,9078
280120-39,fix_B_labels_local_seeds,125,0.9734677325918202,1,0.0,8550
280120-39,fix_B_labels_local_seeds,126,0.0,0,0.11471861471861472,7881
280120-39,fix_B_labels_local_seeds,127,0.9597425920383119,1,0.0,6624
280120-39,fix_B_labels_local_seeds,128,0.45521494431804577,0,0.23170731707317074,7738
280120-39,fix_B_labels_local_seeds,129,0.870805061434073,1,0.008620689655172414,9624
280120-39,fix_B_labels_local_seeds,130,0.0,0,0.08791208791208792,7806
280120-39,fix_B_labels_local_seeds,131,0.32272377684434717,0,0.155,5807
280120-39,fix_B_labels_local_seeds,132,0.0,0,0.0,19667
280120-39,fix_B_labels_local_seeds,133,0.5485812553740327,1,0.15495867768595042,7999
280120-39,fix_B_labels_local_seeds,134,0.9544986852635189,1,0.0,8586
280120-39,fix_B_labels_local_seeds,135,0.9413138686131387,1,0.0,9938
280120-39,fix_B_labels_local_seeds,136,0.9334105385060799,1,0.0,6799
280120-39,fix_B_labels_local_seeds,137,0.6421598803975024,1,0.0,11325
280120-39,fix_B_labels_local_seeds,138,0.0,0,0.0,8179
280120-39,fix_B_labels_local_seeds,139,0.9104821457956228,1,0.0,6070
280120-39,fix_B_labels_local_seeds,140,0.0,0,0.0,7591
280120-39,fix_B_labels_local_seeds,141,0.8444330819378755,1,0.0,7684
280120-39,fix_B_labels_local_seeds,142,0.0,0,0.22103004291845493,9157
280120-39,fix_B_labels_local_seeds,143,0.4816019271303824,0,0.006756756756756757,8051
280120-39,fix_B_labels_local_seeds,144,0.45365577483015207,0,0.0,5883
280120-39,fix_B_labels_local_seeds,145,0.14766950450174557,0,0.04054054054054054,5885
280120-39,fix_B_labels_local_seeds,146,0.9599963466983286,1,0.0,10815
280120-39,fix_B_labels_local_seeds,147,0.9690309690309691,1,0.0,8872
280120-39,fix_B_labels_local_seeds,148,0.6483575659666129,1,0.12448132780082988,10998
280120-39,fix_B_labels_local_seeds,149,0.0,0,0.0,11688
280120-39,fix_B_labels_local_seeds,150,0.6171928620452986,1,0.005859375,11424
280120-39,fix_B_labels_local_seeds,151,0.418975650713686,0,0.0069767441860465115,7109
280120-39,cellpose_sam,1,0.969321444763488,1,0.0,12909
280120-39,cellpose_sam,2,0.9685190254585272,1,0.0,10615
280120-39,cellpose_sam,3,0.9726467438917551,1,0.0,10034
280120-39,cellpose_sam,4,0.9691218130311615,1,0.0,6907
280120-39,cellpose_sam,5,0.9608921708989526,1,0.0,12752
280120-39,cellpose_sam,6,0.9695826186392225,1,0.0,8506
280120-39,cellpose_sam,7,0.9645804900240462,1,0.0,15000
280120-39,cellpose_sam,8,0.969212504946577,1,0.0,12246
280120-39,cellpose_sam,9,0.9599627560521415,1,0.0,11342
280120-39,cellpose_sam,10,0.9830095114218356,1,0.0,12118
280120-39,cellpose_sam,11,0.9689949365332593,1,0.0,13970
280120-39,cellpose_sam,12,0.9748598747115068,1,0.0,11855
280120-39,cellpose_sam,13,0.9689995706311721,1,0.0,11284
280120-39,cellpose_sam,14,0.9655663737829494,1,0.0,12198
280120-39,cellpose_sam,15,0.95213265199708,1,0.0,9130
280120-39,cellpose_sam,16,0.970598570926555,1,0.0,8288
280120-39,cellpose_sam,17,0.9581239530988275,1,0.0,9727
280120-39,cellpose_sam,18,0.9725665748393021,1,0.0,8480
280120-39,cellpose_sam,19,0.9701381666914277,1,0.0,6590
280120-39,cellpose_sam,20,0.9704005671747608,1,0.0,10956
280120-39,cellpose_sam,21,0.9706379383185467,1,0.0,9191
280120-39,cellpose_sam,22,0.9712918660287081,1,0.0,10760
280120-39,cellpose_sam,23,0.9586619785232349,1,0.0,10088
280120-39,cellpose_sam,24,0.9488673139158577,1,0.0,8796
280120-39,cellpose_sam,25,0.9638288080994017,1,0.0,10473
280120-39,cellpose_sam,26,0.9486064580511797,1,0.0,13308
280120-39,cellpose_sam,27,0.9722951072696404,1,0.0,12600
280120-39,cellpose_sam,28,0.9596547376588109,1,0.0,9895
280120-39,cellpose_sam,29,0.9679633867276888,1,0.0,8886
280120-39,cellpose_sam,30,0.9722590334835233,1,0.0,11009
280120-39,cellpose_sam,31,0.8551401869158879,1,0.0,5564
280120-39,cellpose_sam,32,0.9645904436860068,1,0.0,9044
280120-39,cellpose_sam,33,0.966784932437533,1,0.0,12807
280120-39,cellpose_sam,34,0.9712708975815615,1,0.0,6056
280120-39,cellpose_sam,35,0.9693264693264694,1,0.0,9039
280120-39,cellpose_sam,36,0.9578761061946902,1,0.0,10951
280120-39,cellpose_sam,37,0.9656919384943561,1,0.0,10868
280120-39,cellpose_sam,38,0.9705500216543959,1,0.0,8966
280120-39,cellpose_sam,39,0.9606067732831609,1,0.0,8171
280120-39,cellpose_sam,40,0.971870477568741,1,0.0,10745
280120-39,cellpose_sam,41,0.9760214847496643,1,0.0,5146
280120-39,cellpose_sam,42,0.9707040696469288,1,0.0,14100
280120-39,cellpose_sam,43,0.9719736453928607,1,0.0,9918
280120-39,cellpose_sam,44,0.9703659506762132,1,0.0,9758
280120-39,cellpose_sam,45,0.9636990801576872,1,0.0,11736
280120-39,cellpose_sam,46,0.9685477346278317,1,0.0,9580
280120-39,cellpose_sam,47,0.9656453761480754,1,0.0,13797
280120-39,cellpose_sam,48,0.979076718698107,1,0.0,5908
280120-39,cellpose_sam,49,0.9512439233628824,1,0.0,13307
280120-39,cellpose_sam,50,0.9592258549417512,1,0.0,5118
280120-39,cellpose_sam,51,0.9737789203084833,1,0.0,7581
280120-39,cellpose_sam,52,0.9725124943207633,1,0.0,12859
280120-39,cellpose_sam,53,0.9724382433668801,1,0.0,8516
280120-39,cellpose_sam,54,0.9614299153339605,1,0.0,13290
280120-39,cellpose_sam,55,0.9825544027178404,1,0.0,10703
280120-39,cellpose_sam,56,0.9694711538461539,1,0.0,12102
280120-39,cellpose_sam,57,0.9782413638402871,1,0.0,8724
280120-39,cellpose_sam,58,0.9818181818181818,1,0.0,8814
280120-39,cellpose_sam,59,0.9496038034865293,1,0.0,8988
280120-39,cellpose_sam,60,0.9614776916710556,1,0.0,12779
280120-39,cellpose_sam,61,0.9664128256513026,1,0.0,12057
280120-39,cellpose_sam,62,0.955062984496124,1,0.0,15770
280120-39,cellpose_sam,63,0.9603841536614646,1,0.0,10401
280120-39,cellpose_sam,64,0.9611499611499611,1,0.0,7432
280120-39,cellpose_sam,65,0.8608051652107862,1,0.0,5266
280120-39,cellpose_sam,66,0.0,0,0.0,4069
280120-39,cellpose_sam,67,0.9535081330420004,1,0.0,7855
280120-39,cellpose_sam,68,0.9608572267345141,1,0.0,9823
280120-39,cellpose_sam,69,0.9509515088780954,1,0.0,11943
280120-39,cellpose_sam,70,0.9850714209000108,1,0.0,9224
280120-39,cellpose_sam,71,0.9647643328757273,1,0.0,14794
280120-39,cellpose_sam,72,0.9528173133164359,1,0.0,9774
280120-39,cellpose_sam,73,0.9766419981498612,1,0.0,8510
280120-39,cellpose_sam,74,0.9505778912288165,1,0.0,13406
280120-39,cellpose_sam,75,0.9498979823169349,1,0.0,12570
280120-39,cellpose_sam,76,0.9633834073062478,1,0.0,11311
280120-39,cellpose_sam,77,0.9722047244094488,1,0.0,12349
280120-39,cellpose_sam,78,0.9488626930101278,1,0.0,11430
280120-39,cellpose_sam,79,0.9733735242401407,1,0.0,7751
280120-39,cellpose_sam,80,0.9755993150684932,1,0.0,11429
280120-39,cellpose_sam,81,0.9442782668148022,1,0.0,11174
280120-39,cellpose_sam,82,0.9548812455318135,1,0.0,12065
280120-39,cellpose_sam,83,0.9512022630834512,1,0.0,9423
280120-39,cellpose_sam,84,0.9577103801794105,1,0.0,8983
280120-39,cellpose_sam,85,0.9507631193811416,1,0.0,9099
280120-39,cellpose_sam,86,0.9780654988575781,1,0.0,6449
280120-39,cellpose_sam,87,0.9592488502810425,1,0.0,7523
280120-39,cellpose_sam,88,0.9514020912547528,1,0.0,8011
280120-39,cellpose_sam,89,0.9766444770393772,1,0.0,8681
280120-39,cellpose_sam,90,0.9658795895660773,1,0.0,7813
280120-39,cellpose_sam,91,0.9576279113272846,1,0.0,10238
280120-39,cellpose_sam,92,0.9634663582032003,1,0.0,10007
280120-39,cellpose_sam,93,0.9721184963903411,1,0.0,7845
280120-39,cellpose_sam,94,0.9430712804975283,1,0.0,5914
280120-39,cellpose_sam,95,0.9513972055888223,1,0.0,9533
280120-39,cellpose_sam,96,0.9603860294117647,1,0.03275109170305677,10521
280120-39,cellpose_sam,97,0.9758881438150949,1,0.0,6877
280120-39,cellpose_sam,98,0.9716452014956377,1,0.0,9365
280120-39,cellpose_sam,99,0.9582793469810832,1,0.0,7398
280120-39,cellpose_sam,100,0.9652900937420826,1,0.0,7646
280120-39,cellpose_sam,101,0.9772727272727273,1,0.21875,6033
280120-39,cellpose_sam,102,0.8732422261834026,1,0.0,5049
280120-39,cellpose_sam,103,0.9664300324870654,1,0.0,8032
280120-39,cellpose_sam,104,0.983595064498037,1,0.0,7040
280120-39,cellpose_sam,105,0.9518483635507416,1,0.0,8134
280120-39,cellpose_sam,106,0.957791924653353,1,0.1125,10988
280120-39,cellpose_sam,107,0.9471664321350902,1,0.0,7472
280120-39,cellpose_sam,108,0.9824450084602369,1,0.0,9302
280120-39,cellpose_sam,109,0.9775826639267701,1,0.0,5244
280120-39,cellpose_sam,110,0.9627066512879662,1,0.0,10016
280120-39,cellpose_sam,111,0.9558200524510793,1,0.0,9482
280120-39,cellpose_sam,112,0.9627751834556371,1,0.0,7216
280120-39,cellpose_sam,113,0.978310676645792,1,0.10106382978723404,6459
280120-39,cellpose_sam,114,0.9619074492099323,1,0.14516129032258066,10310
280120-39,cellpose_sam,115,0.9745113235167485,1,0.0,11335
280120-39,cellpose_sam,116,0.9464622448142986,1,0.0,11545
280120-39,cellpose_sam,117,0.9729747203724057,1,0.05227655986509275,15083
280120-39,cellpose_sam,118,0.9648451096414897,1,0.0,11103
280120-39,cellpose_sam,119,0.9655036077888702,1,0.0,9768
280120-39,cellpose_sam,120,0.9496664645239539,1,0.0,7832
280120-39,cellpose_sam,121,0.9403889377504153,1,0.0,9623
280120-39,cellpose_sam,122,0.965405723245786,1,0.0,9863
280120-39,cellpose_sam,123,0.946285140562249,1,0.08658008658008658,7582
280120-39,cellpose_sam,124,0.9673167595370767,1,0.11632653061224489,9078
280120-39,cellpose_sam,125,0.9725824800910126,1,0.0,8550
280120-39,cellpose_sam,126,0.9659328495879965,1,0.11471861471861472,7881
280120-39,cellpose_sam,127,0.9577997671711292,1,0.0,6624
280120-39,cellpose_sam,128,0.9630325814536341,1,0.23170731707317074,7738
280120-39,cellpose_sam,129,0.8625728372926939,1,0.008620689655172414,9624
280120-39,cellpose_sam,130,0.9471498678746697,1,0.08791208791208792,7806
280120-39,cellpose_sam,131,0.932161629434954,1,0.155,5807
280120-39,cellpose_sam,132,0.6236093632016109,1,0.0,19667
280120-39,cellpose_sam,133,0.975212726600074,1,0.15495867768595042,7999
280120-39,cellpose_sam,134,0.9570805856711747,1,0.0,8586
280120-39,cellpose_sam,135,0.951217146736495,1,0.0,9938
280120-39,cellpose_sam,136,0.9607067137809188,1,0.0,6799
280120-39,cellpose_sam,137,0.9781009261663637,1,0.0,11325
280120-39,cellpose_sam,138,0.9357976653696498,1,0.0,8179
280120-39,cellpose_sam,139,0.968551409483461,1,0.0,6070
280120-39,cellpose_sam,140,0.9463414634146341,1,0.0,7591
280120-39,cellpose_sam,141,0.9666453674121406,1,0.0,7684
280120-39,cellpose_sam,142,0.9524406815093551,1,0.22103004291845493,9157
280120-39,cellpose_sam,143,0.9185726260328104,1,0.006756756756756757,8051
280120-39,cellpose_sam,144,0.9393349553933495,1,0.0,5883
280120-39,cellpose_sam,145,0.9120897245587992,1,0.04054054054054054,5885
280120-39,cellpose_sam,146,0.97304849468181,1,0.0,10815
280120-39,cellpose_sam,147,0.9649771590167501,1,0.0,8872
280120-39,cellpose_sam,148,0.9609807540205642,1,0.12448132780082988,10998
280120-39,cellpose_sam,149,0.9234964040148581,1,0.0,11688
280120-39,cellpose_sam,150,0.9515623676856635,1,0.005859375,11424
280120-39,cellpose_sam,151,0.783792723263506,1,0.0069767441860465115,7109
280120-40,original,1,0.9834243853985597,1,0.0,15947
280120-40,original,2,0.9812296190248946,1,0.0,12476
280120-40,original,3,0.9668963199462275,1,0.0,11864
280120-40,original,4,0.0,0,0.0,13693
280120-40,original,5,0.41272756739236127,0,0.0,18453
280120-40,original,6,0.9763163314340633,1,0.0,14426
280120-40,original,7,0.970293965961836,1,0.0,9626
280120-40,original,8,0.9798507462686568,1,0.0,11965
280120-40,original,9,0.9780560298488585,1,0.0,15668
280120-40,original,10,0.9774133860779685,1,0.0,15505
280120-40,original,11,0.871783295711061,1,0.0,13269
280120-40,original,12,0.9802427511800405,1,0.0,14685
280120-40,original,13,0.0,0,0.0,11821
280120-40,original,14,0.9827224752403673,1,0.0,13679
280120-40,original,15,0.9421194495673145,1,0.0,7022
280120-40,original,16,0.9708654670094259,1,0.0,12785
280120-40,original,17,0.0,0,0.0,13612
280120-40,original,18,0.4878625472887768,0,0.0,12674
280120-40,original,19,0.9816398587681444,1,0.0,12620
280120-40,original,20,0.0,0,0.0,8657
280120-40,original,21,0.0,0,0.0,12680
280120-40,original,22,0.977676120768527,1,0.0,10804
280120-40,original,23,0.972427210519254,1,0.0,14809
280120-40,original,24,0.6605093758746152,1,0.0,17773
280120-40,original,25,0.965213610175019,1,0.0,9074
280120-40,original,26,0.9717550868716901,1,0.0,10625
280120-40,original,27,0.97552783109405,1,0.0,14288
280120-40,original,28,0.0,0,0.0,13816
280120-40,original,29,0.9706764734346269,1,0.0,10218
280120-40,original,30,0.0,0,0.0,13473
280120-40,original,31,0.9798067101437888,1,0.0,12590
280120-40,original,32,0.9724955841534191,1,0.0,11740
280120-40,original,33,0.9714216517316542,1,0.0,8214
280120-40,original,34,0.4588438998401705,0,0.0,14981
280120-40,original,35,0.9652785174139951,1,0.0,9338
280120-40,original,36,0.795242214532872,1,0.0,11421
280120-40,original,37,0.9811725293132328,1,0.0,14858
280120-40,original,38,0.0,0,0.0,11378
280120-40,original,39,0.9769550996134404,1,0.0,13361
280120-40,original,40,0.976710775047259,1,0.0,13120
280120-40,original,41,0.0,0,0.0,14266
280120-40,original,42,0.0,0,0.0,10339
280120-40,original,43,0.0,0,0.0,11199
280120-40,original,44,0.9760493431592439,1,0.0,12256
280120-40,original,45,0.4218989791152332,0,0.0,14914
280120-40,original,46,0.9632559591964193,1,0.0,9558
280120-40,original,47,0.9756185012549301,1,0.0,11036
280120-40,original,48,0.9738263785394933,1,0.0,10644
280120-40,original,49,0.0,0,0.0,10089
280120-40,original,50,0.9744454752466897,1,0.0,11747
280120-40,original,51,0.0,0,0.0,11314
280120-40,original,52,0.0,0,0.04984423676012461,19004
280120-40,original,53,0.8136865122751218,1,0.0,19965
280120-40,original,54,0.9548816568047337,1,0.0,5359
280120-40,original,55,0.5986229996278377,1,0.0,16022
280120-40,original,56,0.0,0,0.0,8805
280120-40,original,57,0.25335546764622774,0,0.0,28277
280120-40,original,58,0.976563861299878,1,0.035269709543568464,11354
280120-40,original,59,0.0,0,0.0,14117
280120-40,original,60,3.684055408193339e-05,0,0.02861952861952862,15812
280120-40,original,61,0.6455890478236846,1,0.0,16246
280120-40,original,62,0.9671030261815708,1,0.0,11674
280120-40,original,63,0.0,0,0.0,12454
280120-40,original,64,0.0,0,0.0,14929
280120-40,original,65,0.9797153607066906,1,0.0,12125
280120-40,original,66,0.7555013927576602,1,0.0,14289
280120-40,original,67,0.0,0,0.0,13898
280120-40,original,68,0.7591916923940499,1,0.0,10636
280120-40,original,69,0.0,0,0.0,8949
280120-40,original,70,0.0,0,0.0,9680
280120-40,original,71,0.0,0,0.0,12334
280120-40,original,72,0.0,0,0.06177606177606178,13083
280120-40,original,73,0.0,0,0.0,10935
280120-40,original,74,0.0,0,0.0,12408
280120-40,original,75,0.0,0,0.0,16232
280120-40,original,76,0.0,0,0.0,15805
280120-40,original,77,0.0,0,0.0,10020
280120-40,original,78,0.0,0,0.0,12138
280120-40,original,79,0.0,0,0.0,12713
280120-40,original,80,0.9764039641340255,1,0.0,12583
280120-40,original,81,0.805049017117895,1,0.0,19388
280120-40,original,82,0.0,0,0.09074074074074075,14474
280120-40,original,83,0.4908186452127986,0,0.003436426116838488,16224
280120-40,original,84,0.0,0,0.0,13051
280120-40,original,85,0.9613760270291024,1,0.0,12969
280120-40,original,86,0.2557337730475191,0,0.0,19979
280120-40,original,87,0.7858546168958742,1,0.0,15637
280120-40,original,88,0.0,0,0.0,15598
280120-40,original,89,0.0,0,0.0,8478
280120-40,original,90,0.9569035395838963,1,0.0,7317
280120-40,original,91,0.0,0,0.0,18018
280120-40,original,92,0.0,0,0.0,8834
280120-40,original,93,0.0,0,0.0,17239
280120-40,original,94,0.6762898707870245,1,0.0,22045
280120-40,original,95,0.0,0,0.0,6546
280120-40,original,96,0.4996563180203918,0,0.0,17393
280120-40,original,97,0.0,0,0.0,13401
280120-40,original,98,0.0,0,0.0,8977
280120-40,original,99,0.0,0,0.0,15987
280120-40,original,100,0.0,0,0.0,7953
280120-40,original,101,0.0,0,0.0,24089
280120-40,original,102,0.0,0,0.0,17450
280120-40,original,103,0.0,0,0.0,9731
280120-40,original,104,0.6015144650831661,1,0.0,15388
280120-40,original,105,0.0,0,0.0,16116
280120-40,original,106,0.0,0,0.21218074656188604,12488
280120-40,original,107,0.9227766065432966,1,0.0,11975
280120-40,original,108,0.3603165571820204,0,0.0,19240
280120-40,original,109,0.0,0,0.0,9805
280120-40,original,110,0.0,0,0.0,19566
280120-40,original,111,0.0,0,0.0,9930
280120-40,original,112,0.8768067387766822,1,0.0,10375
280120-40,original,113,0.0,0,0.0,11022
280120-40,original,114,0.0,0,0.0,15473
280120-40,original,115,0.0,0,0.08974358974358974,13414
280120-40,original,116,0.0,0,0.0,12826
280120-40,original,117,0.0,0,0.016605166051660517,12914
280120-40,original,118,0.9624363700193084,1,0.0,11297
280120-40,original,119,0.0,0,0.0,10294
280120-40,original,120,0.6728158980127484,1,0.0,13241
280120-40,original,121,0.0,0,0.0,12223
280120-40,original,122,0.9695354827249312,1,0.0,11166
280120-40,original,123,0.0,0,0.0,12404
280120-40,original,124,0.0,0,0.003552397868561279,13022
280120-40,original,125,0.0,0,0.022727272727272728,8374
280120-40,original,126,0.0,0,0.0,12366
280120-40,original,127,0.0,0,0.0,22058
280120-40,original,128,0.0,0,0.05019305019305019,11709
280120-40,original,129,0.6906194222251603,1,0.0035087719298245615,15048
280120-40,original,130,0.0,0,0.21456692913385828,10877
280120-40,original,131,0.0,0,0.0,6289
280120-40,original,132,0.6490148685270637,1,0.0,13566
280120-40,original,133,0.0,0,0.0,11347
280120-40,original,134,0.0,0,0.04933586337760911,13839
280120-40,original,135,0.0,0,0.0,11176
280120-40,original,136,0.0,0,0.0,10353
280120-40,original,137,0.0,0,0.0,13852
280120-40,original,138,0.0,0,0.0036231884057971015,15351
280120-40,original,139,0.0,0,0.0,4169
280120-40,original,140,0.0,0,0.0,13110
280120-40,fix_A_labels,1,0.9834243853985597,1,0.0,15947
280120-40,fix_A_labels,2,0.9812296190248946,1,0.0,12476
280120-40,fix_A_labels,3,0.9668963199462275,1,0.0,11864
280120-40,fix_A_labels,4,0.0,0,0.0,13693
280120-40,fix_A_labels,5,0.41272756739236127,0,0.0,18453
280120-40,fix_A_labels,6,0.9763163314340633,1,0.0,14426
280120-40,fix_A_labels,7,0.970293965961836,1,0.0,9626
280120-40,fix_A_labels,8,0.9798507462686568,1,0.0,11965
280120-40,fix_A_labels,9,0.9780560298488585,1,0.0,15668
280120-40,fix_A_labels,10,0.9774133860779685,1,0.0,15505
280120-40,fix_A_labels,11,0.871783295711061,1,0.0,13269
280120-40,fix_A_labels,12,0.9802427511800405,1,0.0,14685
280120-40,fix_A_labels,13,0.0,0,0.0,11821
280120-40,fix_A_labels,14,0.4721495055264689,0,0.0,13679
280120-40,fix_A_labels,15,0.9421194495673145,1,0.0,7022
280120-40,fix_A_labels,16,0.9708654670094259,1,0.0,12785
280120-40,fix_A_labels,17,0.0,0,0.0,13612
280120-40,fix_A_labels,18,0.4878625472887768,0,0.0,12674
280120-40,fix_A_labels,19,0.9816398587681444,1,0.0,12620
280120-40,fix_A_labels,20,0.0,0,0.0,8657
280120-40,fix_A_labels,21,0.0,0,0.0,12680
280120-40,fix_A_labels,22,0.977676120768527,1,0.0,10804
280120-40,fix_A_labels,23,0.972427210519254,1,0.0,14809
280120-40,fix_A_labels,24,0.6605093758746152,1,0.0,17773
280120-40,fix_A_labels,25,0.965213610175019,1,0.0,9074
280120-40,fix_A_labels,26,0.9717550868716901,1,0.0,10625
280120-40,fix_A_labels,27,0.97552783109405,1,0.0,14288
280120-40,fix_A_labels,28,0.0,0,0.0,13816
280120-40,fix_A_labels,29,0.9706764734346269,1,0.0,10218
280120-40,fix_A_labels,30,0.0,0,0.0,13473
280120-40,fix_A_labels,31,0.9798067101437888,1,0.0,12590
280120-40,fix_A_labels,32,0.9724955841534191,1,0.0,11740
280120-40,fix_A_labels,33,0.9714216517316542,1,0.0,8214
280120-40,fix_A_labels,34,0.4588438998401705,0,0.0,14981
280120-40,fix_A_labels,35,0.9652785174139951,1,0.0,9338
280120-40,fix_A_labels,36,0.795242214532872,1,0.0,11421
280120-40,fix_A_labels,37,0.9811725293132328,1,0.0,14858
280120-40,fix_A_labels,38,0.934780750491495,1,0.0,11378
280120-40,fix_A_labels,39,0.9769550996134404,1,0.0,13361
280120-40,fix_A_labels,40,0.976710775047259,1,0.0,13120
280120-40,fix_A_labels,41,0.0,0,0.0,14266
280120-40,fix_A_labels,42,0.0,0,0.0,10339
280120-40,fix_A_labels,43,0.0,0,0.0,11199
280120-40,fix_A_labels,44,0.9760493431592439,1,0.0,12256
280120-40,fix_A_labels,45,0.4218989791152332,0,0.0,14914
280120-40,fix_A_labels,46,0.9632559591964193,1,0.0,9558
280120-40,fix_A_labels,47,0.9756185012549301,1,0.0,11036
280120-40,fix_A_labels,48,0.9738263785394933,1,0.0,10644
280120-40,fix_A_labels,49,0.0,0,0.0,10089
280120-40,fix_A_labels,50,0.9744454752466897,1,0.0,11747
280120-40,fix_A_labels,51,0.0,0,0.0,11314
280120-40,fix_A_labels,52,0.0,0,0.04984423676012461,19004
280120-40,fix_A_labels,53,0.8136865122751218,1,0.0,19965
280120-40,fix_A_labels,54,0.9548816568047337,1,0.0,5359
280120-40,fix_A_labels,55,0.5986229996278377,1,0.0,16022
280120-40,fix_A_labels,56,0.0,0,0.0,8805
280120-40,fix_A_labels,57,0.25335546764622774,0,0.0,28277
280120-40,fix_A_labels,58,0.976563861299878,1,0.035269709543568464,11354
280120-40,fix_A_labels,59,0.0,0,0.0,14117
280120-40,fix_A_labels,60,3.684055408193339e-05,0,0.02861952861952862,15812
280120-40,fix_A_labels,61,0.6455890478236846,1,0.0,16246
280120-40,fix_A_labels,62,0.9671030261815708,1,0.0,11674
280120-40,fix_A_labels,63,0.0,0,0.0,12454
280120-40,fix_A_labels,64,0.9447881327745626,1,0.0,14929
280120-40,fix_A_labels,65,0.9797153607066906,1,0.0,12125
280120-40,fix_A_labels,66,0.7555013927576602,1,0.0,14289
280120-40,fix_A_labels,67,0.9739136598851634,1,0.0,13898
280120-40,fix_A_labels,68,0.7591916923940499,1,0.0,10636
280120-40,fix_A_labels,69,0.0,0,0.0,8949
280120-40,fix_A_labels,70,0.0,0,0.0,9680
280120-40,fix_A_labels,71,0.0,0,0.0,12334
280120-40,fix_A_labels,72,0.0,0,0.06177606177606178,13083
280120-40,fix_A_labels,73,0.0,0,0.0,10935
280120-40,fix_A_labels,74,0.0,0,0.0,12408
280120-40,fix_A_labels,75,0.0,0,0.0,16232
280120-40,fix_A_labels,76,0.0,0,0.0,15805
280120-40,fix_A_labels,77,0.5922577358971094,1,0.0,10020
280120-40,fix_A_labels,78,0.0,0,0.0,12138
280120-40,fix_A_labels,79,0.0,0,0.0,12713
280120-40,fix_A_labels,80,0.9764039641340255,1,0.0,12583
280120-40,fix_A_labels,81,0.805049017117895,1,0.0,19388
280120-40,fix_A_labels,82,0.0,0,0.09074074074074075,14474
280120-40,fix_A_labels,83,0.4908186452127986,0,0.003436426116838488,16224
280120-40,fix_A_labels,84,0.0,0,0.0,13051
280120-40,fix_A_labels,85,0.9613760270291024,1,0.0,12969
280120-40,fix_A_labels,86,0.2557337730475191,0,0.0,19979
280120-40,fix_A_labels,87,0.7858546168958742,1,0.0,15637
280120-40,fix_A_labels,88,0.0,0,0.0,15598
280120-40,fix_A_labels,89,0.0,0,0.0,8478
280120-40,fix_A_labels,90,0.9569035395838963,1,0.0,7317
280120-40,fix_A_labels,91,0.0,0,0.0,18018
280120-40,fix_A_labels,92,0.0,0,0.0,8834
280120-40,fix_A_labels,93,0.0,0,0.0,17239
280120-40,fix_A_labels,94,0.5250926846912017,1,0.0,22045
280120-40,fix_A_labels,95,0.0,0,0.0,6546
280120-40,fix_A_labels,96,0.4996563180203918,0,0.0,17393
280120-40,fix_A_labels,97,0.0,0,0.0,13401
280120-40,fix_A_labels,98,0.29919765802884096,0,0.0,8977
280120-40,fix_A_labels,99,0.0,0,0.0,15987
280120-40,fix_A_labels,100,0.0,0,0.0,7953
280120-40,fix_A_labels,101,0.6445758227220109,1,0.0,24089
280120-40,fix_A_labels,102,0.0,0,0.0,17450
280120-40,fix_A_labels,103,0.0,0,0.0,9731
280120-40,fix_A_labels,104,0.0,0,0.0,15388
280120-40,fix_A_labels,105,0.0,0,0.0,16116
280120-40,fix_A_labels,106,0.0,0,0.21218074656188604,12488
280120-40,fix_A_labels,107,0.9227766065432966,1,0.0,11975
280120-40,fix_A_labels,108,0.3603165571820204,0,0.0,19240
280120-40,fix_A_labels,109,0.8460441910192444,1,0.0,9805
280120-40,fix_A_labels,110,0.0,0,0.0,19566
280120-40,fix_A_labels,111,0.9365002423654871,1,0.0,9930
280120-40,fix_A_labels,112,0.8768067387766822,1,0.0,10375
280120-40,fix_A_labels,113,0.0,0,0.0,11022
280120-40,fix_A_labels,114,0.0,0,0.0,15473
280120-40,fix_A_labels,115,0.0,0,0.08974358974358974,13414
280120-40,fix_A_labels,116,0.0,0,0.0,12826
280120-40,fix_A_labels,117,0.0,0,0.016605166051660517,12914
280120-40,fix_A_labels,118,0.5883802816901409,1,0.0,11297
280120-40,fix_A_labels,119,0.0,0,0.0,10294
280120-40,fix_A_labels,120,0.6728158980127484,1,0.0,13241
280120-40,fix_A_labels,121,0.0,0,0.0,12223
280120-40,fix_A_labels,122,0.9695354827249312,1,0.0,11166
280120-40,fix_A_labels,123,0.62896363490407,1,0.0,12404
280120-40,fix_A_labels,124,0.9463636363636364,1,0.003552397868561279,13022
280120-40,fix_A_labels,125,0.0,0,0.022727272727272728,8374
280120-40,fix_A_labels,126,0.840691596300764,1,0.0,12366
280120-40,fix_A_labels,127,0.0,0,0.0,22058
280120-40,fix_A_labels,128,0.0,0,0.05019305019305019,11709
280120-40,fix_A_labels,129,0.6906194222251603,1,0.0035087719298245615,15048
280120-40,fix_A_labels,130,0.0,0,0.21456692913385828,10877
280120-40,fix_A_labels,131,0.9372397841171936,1,0.0,6289
280120-40,fix_A_labels,132,0.4018896945726214,0,0.0,13566
280120-40,fix_A_labels,133,0.6473633412301483,1,0.0,11347
280120-40,fix_A_labels,134,0.0,0,0.04933586337760911,13839
280120-40,fix_A_labels,135,0.8854512912298644,1,0.0,11176
280120-40,fix_A_labels,136,0.3389192097778461,0,0.0,10353
280120-40,fix_A_labels,137,0.5696905016008538,1,0.0,13852
280120-40,fix_A_labels,138,0.9616956077630235,1,0.0036231884057971015,15351
280120-40,fix_A_labels,139,0.0,0,0.0,4169
280120-40,fix_A_labels,140,0.0,0,0.0,13110
280120-40,fix_B_labels_local_seeds,1,0.9834264432029796,1,0.0,15947
280120-40,fix_B_labels_local_seeds,2,0.9812296190248946,1,0.0,12476
280120-40,fix_B_labels_local_seeds,3,0.9668963199462275,1,0.0,11864
280120-40,fix_B_labels_local_seeds,4,0.9817205861018424,1,0.0,13693
280120-40,fix_B_labels_local_seeds,5,0.0,0,0.0,18453
280120-40,fix_B_labels_local_seeds,6,0.9763163314340633,1,0.0,14426
280120-40,fix_B_labels_local_seeds,7,0.9696782178217822,1,0.0,9626
280120-40,fix_B_labels_local_seeds,8,0.9800182406102314,1,0.0,11965
280120-40,fix_B_labels_local_seeds,9,0.9785673642283619,1,0.0,15668
280120-40,fix_B_labels_local_seeds,10,0.9774244833068363,1,0.0,15505
280120-40,fix_B_labels_local_seeds,11,0.8743416102332581,1,0.0,13269
280120-40,fix_B_labels_local_seeds,12,0.9803789360124064,1,0.0,14685
280120-40,fix_B_labels_local_seeds,13,0.9788107202680068,1,0.0,11821
280120-40,fix_B_labels_local_seeds,14,0.9826514384848923,1,0.0,13679
280120-40,fix_B_labels_local_seeds,15,0.9421194495673145,1,0.0,7022
280120-40,fix_B_labels_local_seeds,16,0.9700038955979743,1,0.0,12785
280120-40,fix_B_labels_local_seeds,17,0.9759071329488209,1,0.0,13612
280120-40,fix_B_labels_local_seeds,18,0.9160167021192783,1,0.0,12674
280120-40,fix_B_labels_local_seeds,19,0.9818709778684664,1,0.0,12620
280120-40,fix_B_labels_local_seeds,20,0.9573808156232051,1,0.0,8657
280120-40,fix_B_labels_local_seeds,21,0.9738980931541107,1,0.0,12680
280120-40,fix_B_labels_local_seeds,22,0.9775846294602013,1,0.0,10804
280120-40,fix_B_labels_local_seeds,23,0.9743159871244635,1,0.0,14809
280120-40,fix_B_labels_local_seeds,24,0.0,0,0.0,17773
280120-40,fix_B_labels_local_seeds,25,0.9654573104497067,1,0.0,9074
280120-40,fix_B_labels_local_seeds,26,0.9717550868716901,1,0.0,10625
280120-40,fix_B_labels_local_seeds,27,0.9755395683453237,1,0.0,14288
280120-40,fix_B_labels_local_seeds,28,0.9764375270211846,1,0.0,13816
280120-40,fix_B_labels_local_seeds,29,0.970209884901828,1,0.0,10218
280120-40,fix_B_labels_local_seeds,30,0.8535753982956651,1,0.0,13473
280120-40,fix_B_labels_local_seeds,31,0.9795004712535345,1,0.0,12590
280120-40,fix_B_labels_local_seeds,32,0.9728274585681838,1,0.0,11740
280120-40,fix_B_labels_local_seeds,33,0.9706950835553403,1,0.0,8214
280120-40,fix_B_labels_local_seeds,34,0.9841448852328513,1,0.0,14981
280120-40,fix_B_labels_local_seeds,35,0.9630418574928107,1,0.0,9338
280120-40,fix_B_labels_local_seeds,36,0.9750064862060019,1,0.0,11421
280120-40,fix_B_labels_local_seeds,37,0.8306630019440906,1,0.0,14858
280120-40,fix_B_labels_local_seeds,38,0.934780750491495,1,0.0,11378
280120-40,fix_B_labels_local_seeds,39,0.9772541440570877,1,0.0,13361
280120-40,fix_B_labels_local_seeds,40,0.976710775047259,1,0.0,13120
280120-40,fix_B_labels_local_seeds,41,0.9800483258543321,1,0.0,14266
280120-40,fix_B_labels_local_seeds,42,0.9615237366003063,1,0.0,10339
280120-40,fix_B_labels_local_seeds,43,0.9441529568697199,1,0.0,11199
280120-40,fix_B_labels_local_seeds,44,0.9761275334454859,1,0.0,12256
280120-40,fix_B_labels_local_seeds,45,0.9799004975124378,1,0.0,14914
280120-40,fix_B_labels_local_seeds,46,0.9634717452388386,1,0.0,9558
280120-40,fix_B_labels_local_seeds,47,0.97534958766583,1,0.0,11036
280120-40,fix_B_labels_local_seeds,48,0.974017507915813,1,0.0,10644
280120-40,fix_B_labels_local_seeds,49,0.9713090838358296,1,0.0,10089
280120-40,fix_B_labels_local_seeds,50,0.9746141519777347,1,0.0,11747
280120-40,fix_B_labels_local_seeds,51,0.8313718601791674,1,0.0,11314
280120-40,fix_B_labels_local_seeds,52,0.6963095175599769,1,0.04984423676012461,19004
280120-40,fix_B_labels_local_seeds,53,0.8150283272040553,1,0.0,19965
280120-40,fix_B_labels_local_seeds,54,0.9548816568047337,1,0.0,5359
280120-40,fix_B_labels_local_seeds,55,0.6893215924593824,1,0.0,16022
280120-40,fix_B_labels_local_seeds,56,0.8934971261129269,1,0.0,8805
280120-40,fix_B_labels_local_seeds,57,0.0,0,0.0,28277
280120-40,fix_B_labels_local_seeds,58,0.976563861299878,1,0.035269709543568464,11354
280120-40,fix_B_labels_local_seeds,59,0.9780732284560768,1,0.0,14117
280120-40,fix_B_labels_local_seeds,60,0.859383823806237,1,0.02861952861952862,15812
280120-40,fix_B_labels_local_seeds,61,0.7683629675045984,1,0.0,16246
280120-40,fix_B_labels_local_seeds,62,0.9671030261815708,1,0.0,11674
280120-40,fix_B_labels_local_seeds,63,0.980635907243605,1,0.0,12454
280120-40,fix_B_labels_local_seeds,64,0.9239781653574757,1,0.0,14929
280120-40,fix_B_labels_local_seeds,65,0.9796319018404908,1,0.0,12125
280120-40,fix_B_labels_local_seeds,66,0.9707938265623919,1,0.0,14289
280120-40,fix_B_labels_local_seeds,67,0.9746466870250693,1,0.0,13898
280120-40,fix_B_labels_local_seeds,68,0.8134879805443831,1,0.0,10636
280120-40,fix_B_labels_local_seeds,69,0.9722098710538017,1,0.0,8949
280120-40,fix_B_labels_local_seeds,70,0.9463439752832132,1,0.0,9680
280120-40,fix_B_labels_local_seeds,71,0.9702635184140543,1,0.0,12334
280120-40,fix_B_labels_local_seeds,72,0.8150908952612763,1,0.06177606177606178,13083
280120-40,fix_B_labels_local_seeds,73,0.9486830154405086,1,0.0,10935
280120-40,fix_B_labels_local_seeds,74,0.9072452229299363,1,0.0,12408
280120-40,fix_B_labels_local_seeds,75,0.9634288519359391,1,0.0,16232
280120-40,fix_B_labels_local_seeds,76,0.9749420534987158,1,0.0,15805
280120-40,fix_B_labels_local_seeds,77,0.0,0,0.0,10020
280120-40,fix_B_labels_local_seeds,78,0.9786122448979592,1,0.0,12138
280120-40,fix_B_labels_local_seeds,79,0.9723950233281493,1,0.0,12713
280120-40,fix_B_labels_local_seeds,80,0.9756231815679799,1,0.0,12583
280120-40,fix_B_labels_local_seeds,81,0.7993701747257212,1,0.0,19388
280120-40,fix_B_labels_local_seeds,82,0.0,0,0.09074074074074075,14474
280120-40,fix_B_labels_local_seeds,83,0.8041730592206198,1,0.003436426116838488,16224
280120-40,fix_B_labels_local_seeds,84,0.9517339738777961,1,0.0,13051
280120-40,fix_B_labels_local_seeds,85,0.9604424302941854,1,0.0,12969
280120-40,fix_B_labels_local_seeds,86,0.6663843778021321,1,0.0,19979
280120-40,fix_B_labels_local_seeds,87,0.9826757713707638,1,0.0,15637
280120-40,fix_B_labels_local_seeds,88,0.9838997072674048,1,0.0,15598
280120-40,fix_B_labels_local_seeds,89,0.9192978322337417,1,0.0,8478
280120-40,fix_B_labels_local_seeds,90,0.9566274827725983,1,0.0,7317
280120-40,fix_B_labels_local_seeds,91,0.9313048760284941,1,0.0,18018
280120-40,fix_B_labels_local_seeds,92,0.9483244950919553,1,0.0,8834
280120-40,fix_B_labels_local_seeds,93,0.0,0,0.0,17239
280120-40,fix_B_labels_local_seeds,94,0.6486877173962144,1,0.0,22045
280120-40,fix_B_labels_local_seeds,95,0.0,0,0.0,6546
280120-40,fix_B_labels_local_seeds,96,0.7544451432165113,1,0.0,17393
280120-40,fix_B_labels_local_seeds,97,0.7351802204349122,1,0.0,13401
280120-40,fix_B_labels_local_seeds,98,0.0,0,0.0,8977
280120-40,fix_B_labels_local_seeds,99,0.6813214108296075,1,0.0,15987
280120-40,fix_B_labels_local_seeds,100,0.0,0,0.0,7953
280120-40,fix_B_labels_local_seeds,101,0.0,0,0.0,24089
280120-40,fix_B_labels_local_seeds,102,0.0,0,0.0,17450
280120-40,fix_B_labels_local_seeds,103,0.9693898443898444,1,0.0,9731
280120-40,fix_B_labels_local_seeds,104,0.9211002066115702,1,0.0,15388
280120-40,fix_B_labels_local_seeds,105,0.60795208989319,1,0.0,16116
280120-40,fix_B_labels_local_seeds,106,0.0,0,0.21218074656188604,12488
280120-40,fix_B_labels_local_seeds,107,0.9227766065432966,1,0.0,11975
280120-40,fix_B_labels_local_seeds,108,0.493973410584036,0,0.0,19240
280120-40,fix_B_labels_local_seeds,109,0.848487934018939,1,0.0,9805
280120-40,fix_B_labels_local_seeds,110,0.004659211927582535,0,0.0,19566
280120-40,fix_B_labels_local_seeds,111,0.9551542811786884,1,0.0,9930
280120-40,fix_B_labels_local_seeds,112,0.8374901548962982,1,0.0,10375
280120-40,fix_B_labels_local_seeds,113,0.9417919634221401,1,0.0,11022
280120-40,fix_B_labels_local_seeds,114,0.5749325799409272,1,0.0,15473
280120-40,fix_B_labels_local_seeds,115,0.0,0,0.08974358974358974,13414
280120-40,fix_B_labels_local_seeds,116,0.6674079754601226,1,0.0,12826
280120-40,fix_B_labels_local_seeds,117,0.3776374480028066,0,0.016605166051660517,12914
280120-40,fix_B_labels_local_seeds,118,0.9624396665204037,1,0.0,11297
280120-40,fix_B_labels_local_seeds,119,0.9375961538461538,1,0.0,10294
280120-40,fix_B_labels_local_seeds,120,0.6899137607799025,1,0.0,13241
280120-40,fix_B_labels_local_seeds,121,0.9510865270644014,1,0.0,12223
280120-40,fix_B_labels_local_seeds,122,0.9696243005595524,1,0.0,11166
280120-40,fix_B_labels_local_seeds,123,0.7909178433889602,1,0.0,12404
280120-40,fix_B_labels_local_seeds,124,0.8532355412942165,1,0.003552397868561279,13022
280120-40,fix_B_labels_local_seeds,125,0.4238381832847304,0,0.022727272727272728,8374
280120-40,fix_B_labels_local_seeds,126,0.8554769181277143,1,0.0,12366
280120-40,fix_B_labels_local_seeds,127,0.0,0,0.0,22058
280120-40,fix_B_labels_local_seeds,128,0.0,0,0.05019305019305019,11709
280120-40,fix_B_labels_local_seeds,129,0.6945454545454546,1,0.0035087719298245615,15048
280120-40,fix_B_labels_local_seeds,130,0.0,0,0.21456692913385828,10877
280120-40,fix_B_labels_local_seeds,131,0.9369508247263758,1,0.0,6289
280120-40,fix_B_labels_local_seeds,132,0.8391772198228534,1,0.0,13566
280120-40,fix_B_labels_local_seeds,133,0.0,0,0.0,11347
280120-40,fix_B_labels_local_seeds,134,0.0,0,0.04933586337760911,13839
280120-40,fix_B_labels_local_seeds,135,0.0,0,0.0,11176
280120-40,fix_B_labels_local_seeds,136,0.0,0,0.0,10353
280120-40,fix_B_labels_local_seeds,137,0.0,0,0.0,13852
280120-40,fix_B_labels_local_seeds,138,0.0,0,0.0036231884057971015,15351
280120-40,fix_B_labels_local_seeds,139,0.002237283674409423,0,0.0,4169
280120-40,fix_B_labels_local_seeds,140,0.0,0,0.0,13110
280120-40,cellpose_sam,1,0.9473090174646549,1,0.0,15947
280120-40,cellpose_sam,2,0.9552101676747569,1,0.0,12476
280120-40,cellpose_sam,3,0.9517849979943843,1,0.0,11864
280120-40,cellpose_sam,4,0.9533523637123164,1,0.0,13693
280120-40,cellpose_sam,5,0.9495214572398889,1,0.0,18453
280120-40,cellpose_sam,6,0.9424446331743647,1,0.0,14426
280120-40,cellpose_sam,7,0.9309477756286267,1,0.0,9626
280120-40,cellpose_sam,8,0.9475726617565534,1,0.0,11965
280120-40,cellpose_sam,9,0.9471615984523306,1,0.0,15668
280120-40,cellpose_sam,10,0.9425869432580842,1,0.0,15505
280120-40,cellpose_sam,11,0.920898845137053,1,0.0,13269
280120-40,cellpose_sam,12,0.9411651605460488,1,0.0,14685
280120-40,cellpose_sam,13,0.9438677738741617,1,0.0,11821
280120-40,cellpose_sam,14,0.9418852854093507,1,0.0,13679
280120-40,cellpose_sam,15,0.9630040182901483,1,0.0,7022
280120-40,cellpose_sam,16,0.938348623853211,1,0.0,12785
280120-40,cellpose_sam,17,0.939795636564485,1,0.0,13612
280120-40,cellpose_sam,18,0.9456716417910448,1,0.0,12674
280120-40,cellpose_sam,19,0.9480880474795282,1,0.0,12620
280120-40,cellpose_sam,20,0.9481927710843373,1,0.0,8657
280120-40,cellpose_sam,21,0.9486047729483055,1,0.0,12680
280120-40,cellpose_sam,22,0.9392332435016952,1,0.0,10804
280120-40,cellpose_sam,23,0.9419285078234322,1,0.0,14809
280120-40,cellpose_sam,24,0.9493109710501015,1,0.0,17773
280120-40,cellpose_sam,25,0.9451969160241717,1,0.0,9074
280120-40,cellpose_sam,26,0.9281907923473399,1,0.0,10625
280120-40,cellpose_sam,27,0.9306930693069307,1,0.0,14288
280120-40,cellpose_sam,28,0.9411444141689373,1,0.0,13816
280120-40,cellpose_sam,29,0.92966972977891,1,0.0,10218
280120-40,cellpose_sam,30,0.9495383747973782,1,0.0,13473
280120-40,cellpose_sam,31,0.9384317233154442,1,0.0,12590
280120-40,cellpose_sam,32,0.9321159190154823,1,0.0,11740
280120-40,cellpose_sam,33,0.9510781358683051,1,0.0,8214
280120-40,cellpose_sam,34,0.9499682942295498,1,0.0,14981
280120-40,cellpose_sam,35,0.9367977528089888,1,0.0,9338
280120-40,cellpose_sam,36,0.9394587480463931,1,0.0,11421
280120-40,cellpose_sam,37,0.9545162533727355,1,0.0,14858
280120-40,cellpose_sam,38,0.9446254071661238,1,0.0,11378
280120-40,cellpose_sam,39,0.9444405174241889,1,0.0,13361
280120-40,cellpose_sam,40,0.9483194795807735,1,0.0,13120
280120-40,cellpose_sam,41,0.9318092749836708,1,0.0,14266
280120-40,cellpose_sam,42,0.9314414414414415,1,0.0,10339
280120-40,cellpose_sam,43,0.9514868309260832,1,0.0,11199
280120-40,cellpose_sam,44,0.9316609654123907,1,0.0,12256
280120-40,cellpose_sam,45,0.9440435498164325,1,0.0,14914
280120-40,cellpose_sam,46,0.9363244514106583,1,0.0,9558
280120-40,cellpose_sam,47,0.9409959072305594,1,0.0,11036
280120-40,cellpose_sam,48,0.9451799200355397,1,0.0,10644
280120-40,cellpose_sam,49,0.911217485549133,1,0.0,10089
280120-40,cellpose_sam,50,0.9346753660089115,1,0.0,11747
280120-40,cellpose_sam,51,0.9440133500208594,1,0.0,11314
280120-40,cellpose_sam,52,0.9578602069139541,1,0.04984423676012461,19004
280120-40,cellpose_sam,53,0.9507142857142857,1,0.0,19965
280120-40,cellpose_sam,54,0.9280485627566506,1,0.0,5359
280120-40,cellpose_sam,55,0.9518208281352106,1,0.0,16022
280120-40,cellpose_sam,56,0.9123406900839292,1,0.0,8805
280120-40,cellpose_sam,57,0.9531144667655387,1,0.0,28277
280120-40,cellpose_sam,58,0.9353323997034352,1,0.035269709543568464,11354
280120-40,cellpose_sam,59,0.9313848386883948,1,0.0,14117
280120-40,cellpose_sam,60,0.9433793227020247,1,0.02861952861952862,15812
280120-40,cellpose_sam,61,0.9512266526143217,1,0.0,16246
280120-40,cellpose_sam,62,0.9495681929281408,1,0.0,11674
280120-40,cellpose_sam,63,0.9462087828597477,1,0.0,12454
280120-40,cellpose_sam,64,0.9558814112825766,1,0.0,14929
280120-40,cellpose_sam,65,0.9483028312216487,1,0.0,12125
280120-40,cellpose_sam,66,0.9457277119597591,1,0.0,14289
280120-40,cellpose_sam,67,0.952570253598355,1,0.0,13898
280120-40,cellpose_sam,68,0.9380843182219086,1,0.0,10636
280120-40,cellpose_sam,69,0.9501008599639027,1,0.0,8949
280120-40,cellpose_sam,70,0.9328322251132312,1,0.0,9680
280120-40,cellpose_sam,71,0.9322751322751323,1,0.0,12334
280120-40,cellpose_sam,72,0.9515764945751111,1,0.06177606177606178,13083
280120-40,cellpose_sam,73,0.9293727689954105,1,0.0,10935
280120-40,cellpose_sam,74,0.9328621908127208,1,0.0,12408
280120-40,cellpose_sam,75,0.9475773496789258,1,0.0,16232
280120-40,cellpose_sam,76,0.9477124183006536,1,0.0,15805
280120-40,cellpose_sam,77,0.9609292502639916,1,0.0,10020
280120-40,cellpose_sam,78,0.9385293435397819,1,0.0,12138
280120-40,cellpose_sam,79,0.9396156688839615,1,0.0,12713
280120-40,cellpose_sam,80,0.9321431217127195,1,0.0,12583
280120-40,cellpose_sam,81,0.938840734104886,1,0.0,19388
280120-40,cellpose_sam,82,0.947447841490618,1,0.09074074074074075,14474
280120-40,cellpose_sam,83,0.9540392434152377,1,0.003436426116838488,16224
280120-40,cellpose_sam,84,0.9391604867161063,1,0.0,13051
280120-40,cellpose_sam,85,0.946987951807229,1,0.0,12969
280120-40,cellpose_sam,86,0.9599750144147607,1,0.0,19979
280120-40,cellpose_sam,87,0.9504041816082174,1,0.0,15637
280120-40,cellpose_sam,88,0.9515617374328941,1,0.0,15598
280120-40,cellpose_sam,89,0.930727851575365,1,0.0,8478
280120-40,cellpose_sam,90,0.9346237661838226,1,0.0,7317
280120-40,cellpose_sam,91,0.9473186119873817,1,0.0,18018
280120-40,cellpose_sam,92,0.9445038494439693,1,0.0,8834
280120-40,cellpose_sam,93,0.9537908135030437,1,0.0,17239
280120-40,cellpose_sam,94,0.9607551136612501,1,0.0,22045
280120-40,cellpose_sam,95,0.8864807517429524,1,0.0,6546
280120-40,cellpose_sam,96,0.9541913539609392,1,0.0,17393
280120-40,cellpose_sam,97,0.9488777171988955,1,0.0,13401
280120-40,cellpose_sam,98,0.9298736275119122,1,0.0,8977
280120-40,cellpose_sam,99,0.9426852998407925,1,0.0,15987
280120-40,cellpose_sam,100,0.9282455924053754,1,0.0,7953
280120-40,cellpose_sam,101,0.6244937241849461,1,0.0,24089
280120-40,cellpose_sam,102,0.9359077500670421,1,0.0,17450
280120-40,cellpose_sam,103,0.9370245546461242,1,0.0,9731
280120-40,cellpose_sam,104,0.920445029309726,1,0.0,15388
280120-40,cellpose_sam,105,0.9437254787140599,1,0.0,16116
280120-40,cellpose_sam,106,0.9422772202520184,1,0.21218074656188604,12488
280120-40,cellpose_sam,107,0.9010705337483866,1,0.0,11975
280120-40,cellpose_sam,108,0.9542159102194856,1,0.0,19240
280120-40,cellpose_sam,109,0.918141800131123,1,0.0,9805
280120-40,cellpose_sam,110,0.9498582738735216,1,0.0,19566
280120-40,cellpose_sam,111,0.9450685453160701,1,0.0,9930
280120-40,cellpose_sam,112,0.8650158412539604,1,0.0,10375
280120-40,cellpose_sam,113,0.935256682223165,1,0.0,11022
280120-40,cellpose_sam,114,0.9328389702779285,1,0.0,15473
280120-40,cellpose_sam,115,0.9539862029727615,1,0.08974358974358974,13414
280120-40,cellpose_sam,116,0.9381217086015213,1,0.0,12826
280120-40,cellpose_sam,117,0.9612062546537602,1,0.016605166051660517,12914
280120-40,cellpose_sam,118,0.6013864818024264,1,0.0,11297
280120-40,cellpose_sam,119,0.9248876909254268,1,0.0,10294
280120-40,cellpose_sam,120,0.9390862944162437,1,0.0,13241
280120-40,cellpose_sam,121,0.9394987699876999,1,0.0,12223
280120-40,cellpose_sam,122,0.9632638948915204,1,0.0,11166
280120-40,cellpose_sam,123,0.9330136256375123,1,0.0,12404
280120-40,cellpose_sam,124,0.9363171907605958,1,0.003552397868561279,13022
280120-40,cellpose_sam,125,0.9562060620029964,1,0.022727272727272728,8374
280120-40,cellpose_sam,126,0.9339073948183397,1,0.0,12366
280120-40,cellpose_sam,127,0.6430096051227321,1,0.0,22058
280120-40,cellpose_sam,128,0.9434586223584449,1,0.05019305019305019,11709
280120-40,cellpose_sam,129,0.9433891292082001,1,0.0035087719298245615,15048
280120-40,cellpose_sam,130,0.9264667535853977,1,0.21456692913385828,10877
280120-40,cellpose_sam,131,0.8275,1,0.0,6289
280120-40,cellpose_sam,132,0.8866096059984439,1,0.0,13566
280120-40,cellpose_sam,133,0.899057127010538,1,0.0,11347
280120-40,cellpose_sam,134,0.9568260568260568,1,0.04933586337760911,13839
280120-40,cellpose_sam,135,0.7086424449939763,1,0.0,11176
280120-40,cellpose_sam,136,0.9181581077435021,1,0.0,10353
280120-40,cellpose_sam,137,0.9023784631468897,1,0.0,13852
280120-40,cellpose_sam,138,0.9294060664769631,1,0.0036231884057971015,15351
280120-40,cellpose_sam,139,0.25515637431911375,0,0.0,4169
280120-40,cellpose_sam,140,0.6919301208634613,1,0.0,13110
280120-41,original,1,0.0,0,0.0,30000
280120-41,original,2,0.5734912675082138,1,0.0,11509
280120-41,original,3,0.0,0,0.0,9574
280120-41,original,4,0.3987046385370035,0,0.0,20922
280120-41,original,5,0.0,0,0.0,11154
280120-41,original,6,0.8319923230235476,1,0.0,13277
280120-41,original,7,0.9722245253295747,1,0.0,11768
280120-41,original,8,0.0,0,0.0,11188
280120-41,original,9,0.97582719012515,1,0.0,11477
280120-41,original,10,0.9572290001402328,1,0.0,7081
280120-41,original,11,0.9638392395908668,1,0.0,9468
280120-41,original,12,0.9663167503423095,1,0.0,10866
280120-41,original,13,0.0,0,0.0,4231
280120-41,original,14,0.0,0,0.0,10789
280120-41,original,15,0.7415802691738038,1,0.0,11636
280120-41,original,16,0.0,0,0.0,15872
280120-41,original,17,0.9769639692852924,1,0.0,13319
280120-41,original,18,0.9696139801773604,1,0.0,7545
280120-41,original,19,0.9761270066939163,1,0.0,16505
280120-41,original,20,0.0,0,0.0,9671
280120-41,original,21,0.0,0,0.0,9178
280120-41,original,22,0.36955067793518576,0,0.20631067961165048,6119
280120-41,original,23,0.5947379588372587,1,0.0,13874
280120-41,original,24,0.9564992232004143,1,0.0,7635
280120-41,original,25,0.9521081576535289,1,0.0,8584
280120-41,original,26,0.0,0,0.0,5323
280120-41,original,27,0.0,0,0.0,13805
280120-41,original,28,0.9736238532110092,1,0.0,12076
280120-41,original,29,0.0,0,0.0,16982
280120-41,original,30,0.0,0,0.0,8617
280120-41,original,31,0.0,0,0.0,5868
280120-41,original,32,0.9735042119663043,1,0.0,13579
280120-41,original,33,0.9718724255619631,1,0.0,8352
280120-41,original,34,0.221828620289501,0,0.0,4596
280120-41,original,35,0.7321706633447524,1,0.0,9573
280120-41,original,36,0.7410174979762127,1,0.0,15882
280120-41,original,37,0.5320693586128278,1,0.0,16472
280120-41,original,38,0.9753700146876059,1,0.0,8775
280120-41,original,39,0.8646514161220044,1,0.0,7219
280120-41,original,40,0.0,0,0.0,5761
280120-41,original,41,0.6557074652777778,1,0.0,9139
280120-41,original,42,0.6117519826964672,1,0.0,8259
280120-41,original,43,0.9373040752351097,1,0.0,6318
280120-41,original,44,0.9707291666666666,1,0.0,9388
280120-41,original,45,0.9725564283583573,1,0.0,9877
280120-41,original,46,0.9611307420494699,1,0.0,11160
280120-41,original,47,0.0,0,0.0,17439
280120-41,original,48,0.9753666251317934,1,0.0,10326
280120-41,original,49,0.0,0,0.03164556962025317,11384
280120-41,original,50,0.9721691451358312,1,0.0,11774
280120-41,original,51,0.9825387852521826,1,0.0,15737
280120-41,original,52,0.0,0,0.0,16499
280120-41,original,53,0.4944406314344544,0,0.27680798004987534,7387
280120-41,original,54,0.7484082769598089,1,0.0,9904
280120-41,original,55,0.0,0,0.0,8996
280120-41,original,56,0.0,0,0.0,16820
280120-41,original,57,0.0,0,0.0,14348
280120-41,original,58,0.0,0,0.0,7306
280120-41,original,59,0.0,0,0.0,8644
280120-41,original,60,0.0,0,0.20562770562770563,9988
280120-41,original,61,0.0,0,0.0,10096
280120-41,original,62,0.0,0,0.0,19846
280120-41,original,63,0.0,0,0.0,9215
280120-41,original,64,0.0,0,0.0,10522
280120-41,original,65,0.0,0,0.05714285714285714,5997
280120-41,original,66,0.7811292400171748,1,0.0,9224
280120-41,original,67,0.0,0,0.0,11507
280120-41,original,68,0.9642203513909224,1,0.0,10731
280120-41,original,69,0.0,0,0.0,10873
280120-41,original,70,0.9154427491800942,1,0.0,13806
280120-41,original,71,0.0,0,0.0,14220
280120-41,original,72,0.0,0,0.0,8468
280120-41,original,73,0.7842500636618284,1,0.0,15569
280120-41,original,74,0.9647509578544061,1,0.0,11655
280120-41,original,75,0.970364542355101,1,0.0,11363
280120-41,original,76,0.9696618805002316,1,0.0,8535
280120-41,original,77,0.0,0,0.0,9633
280120-41,original,78,0.9712102606085414,1,0.0,14400
280120-41,original,79,0.0,0,0.0,4767
280120-41,original,80,0.9789101620029456,1,0.0,16739
280120-41,original,81,0.0,0,0.0,8992
280120-41,original,82,0.0,0,0.0,10462
280120-41,original,83,0.5632275132275132,1,0.0,11250
280120-41,original,84,0.38957513986595027,0,0.028824833702882482,10011
280120-41,original,85,0.8121153025778536,1,0.02962962962962963,13368
280120-41,original,86,0.0,0,0.0,11919
280120-41,original,87,0.0,0,0.0,10187
280120-41,original,88,0.11040198555156673,0,0.038461538461538464,8687
280120-41,original,89,0.0,0,0.1444805194805195,18232
280120-41,original,90,0.0,0,0.0,11752
280120-41,original,91,0.0,0,0.0,6834
280120-41,original,92,0.0,0,0.23839662447257384,11008
280120-41,original,93,0.0,0,0.0,10961
280120-41,original,94,0.40469233413544176,0,0.0481283422459893,7038
280120-41,original,95,0.8017682303083443,1,0.0,13577
280120-41,original,96,0.0,0,0.0,5653
280120-41,original,97,0.0,0,0.0,13037
280120-41,original,98,0.0,0,0.0,9586
280120-41,original,99,0.6099562363238512,1,0.0,9091
280120-41,original,100,0.0,0,0.0,8703
280120-41,original,101,0.9684917754266739,1,0.0,12824
280120-41,original,102,0.0,0,0.18801652892561985,11342
280120-41,original,103,0.48560381136504865,0,0.27294685990338163,7129
280120-41,original,104,0.0,0,0.0,13006
280120-41,original,105,0.0,0,0.0,7978
280120-41,original,106,0.958803611738149,1,0.0,8775
280120-41,original,107,0.0,0,0.41603053435114506,7565
280120-41,original,108,0.0,0,0.0,9296
280120-41,original,109,0.0,0,0.03164556962025317,8754
280120-41,original,110,0.0,0,0.285132382892057,8382
280120-41,original,111,0.0,0,0.0,8661
280120-41,original,112,0.9659060160548391,1,0.037815126050420166,10930
280120-41,original,113,0.0,0,0.0,8065
280120-41,original,114,0.9327922540224975,1,0.0,6954
280120-41,original,115,0.6184017380071634,1,0.0,10587
280120-41,original,116,0.3837286100270189,0,0.1326530612244898,16464
280120-41,original,117,0.0,0,0.0,8069
280120-41,original,118,0.7563443992946408,1,0.0,12954
280120-41,original,119,0.0,0,0.23492723492723494,8397
280120-41,original,120,0.0,0,0.0,17914
280120-41,original,121,0.9570273003033367,1,0.0,15578
280120-41,original,122,0.6786401539448365,1,0.20085470085470086,10735
280120-41,original,123,0.9572481957954189,1,0.0,12498
280120-41,original,124,0.0,0,0.0,4869
280120-41,original,125,0.48048568950563747,0,0.02826086956521739,8823
280120-41,original,126,0.4522198731501057,0,0.047619047619047616,4431
280120-41,original,127,0.8384726706000223,1,0.0,8939
280120-41,original,128,0.0,0,0.3333333333333333,7909
280120-41,original,129,0.0,0,0.06132075471698113,7214
280120-41,original,130,0.2756527875793931,0,0.0,10138
280120-41,original,131,0.0,0,0.21379310344827587,9342
280120-41,original,132,0.0,0,0.044722719141323794,14338
280120-41,original,133,0.5754978354978355,1,0.17349397590361446,6774
280120-41,original,134,0.0,0,0.0,20402
280120-41,original,135,0.0,0,0.0,9322
280120-41,original,136,0.0,0,0.1910569105691057,9257
280120-41,original,137,0.22659954054450365,0,0.2898550724637681,9660
280120-41,original,138,0.5836771844660195,1,0.17894736842105263,9693
280120-41,original,139,0.0,0,0.4578059071729958,7957
280120-41,original,140,0.5092443470978548,1,0.3294663573085847,8104
280120-41,original,141,0.002279057989364396,0,0.05084745762711865,4966
280120-41,original,142,0.0,0,0.0,7886
280120-41,original,143,0.0,0,0.2919254658385093,4839
280120-41,original,144,0.0,0,0.03653846153846154,10899
280120-41,original,145,0.3340538982562329,0,0.375,7091
280120-41,original,146,0.38934099250039894,0,0.3425414364640884,10797
280120-41,fix_A_labels,1,0.0,0,0.0,30000
280120-41,fix_A_labels,2,0.5734912675082138,1,0.0,11509
280120-41,fix_A_labels,3,0.0,0,0.0,9574
280120-41,fix_A_labels,4,0.3987046385370035,0,0.0,20922
280120-41,fix_A_labels,5,0.0,0,0.0,11154
280120-41,fix_A_labels,6,0.8319923230235476,1,0.0,13277
280120-41,fix_A_labels,7,0.4720309087854863,0,0.0,11768
280120-41,fix_A_labels,8,0.0,0,0.0,11188
280120-41,fix_A_labels,9,0.6145241782825676,1,0.0,11477
280120-41,fix_A_labels,10,0.9572290001402328,1,0.0,7081
280120-41,fix_A_labels,11,0.9638392395908668,1,0.0,9468
280120-41,fix_A_labels,12,0.9663167503423095,1,0.0,10866
280120-41,fix_A_labels,13,0.0,0,0.0,4231
280120-41,fix_A_labels,14,0.0,0,0.0,10789
280120-41,fix_A_labels,15,0.7415802691738038,1,0.0,11636
280120-41,fix_A_labels,16,0.0,0,0.0,15872
280120-41,fix_A_labels,17,0.9769639692852924,1,0.0,13319
280120-41,fix_A_labels,18,0.9696139801773604,1,0.0,7545
280120-41,fix_A_labels,19,0.9761270066939163,1,0.0,16505
280120-41,fix_A_labels,20,0.0,0,0.0,9671
280120-41,fix_A_labels,21,0.0,0,0.0,9178
280120-41,fix_A_labels,22,0.36955067793518576,0,0.20631067961165048,6119
280120-41,fix_A_labels,23,0.5947379588372587,1,0.0,13874
280120-41,fix_A_labels,24,0.9564992232004143,1,0.0,7635
280120-41,fix_A_labels,25,0.9521081576535289,1,0.0,8584
280120-41,fix_A_labels,26,0.0,0,0.0,5323
280120-41,fix_A_labels,27,0.0,0,0.0,13805
280120-41,fix_A_labels,28,0.9736238532110092,1,0.0,12076
280120-41,fix_A_labels,29,0.0,0,0.0,16982
280120-41,fix_A_labels,30,0.0,0,0.0,8617
280120-41,fix_A_labels,31,0.0,0,0.0,5868
280120-41,fix_A_labels,32,0.9735042119663043,1,0.0,13579
280120-41,fix_A_labels,33,0.9718724255619631,1,0.0,8352
280120-41,fix_A_labels,34,0.221828620289501,0,0.0,4596
280120-41,fix_A_labels,35,0.7321706633447524,1,0.0,9573
280120-41,fix_A_labels,36,0.46499843603378166,0,0.0,15882
280120-41,fix_A_labels,37,0.5320693586128278,1,0.0,16472
280120-41,fix_A_labels,38,0.9753700146876059,1,0.0,8775
280120-41,fix_A_labels,39,0.8646514161220044,1,0.0,7219
280120-41,fix_A_labels,40,0.0,0,0.0,5761
280120-41,fix_A_labels,41,0.6557074652777778,1,0.0,9139
280120-41,fix_A_labels,42,0.0,0,0.0,8259
280120-41,fix_A_labels,43,0.9373040752351097,1,0.0,6318
280120-41,fix_A_labels,44,0.5231711179140716,1,0.0,9388
280120-41,fix_A_labels,45,0.9725564283583573,1,0.0,9877
280120-41,fix_A_labels,46,0.0,0,0.0,11160
280120-41,fix_A_labels,47,0.5841982871079349,1,0.0,17439
280120-41,fix_A_labels,48,0.9753666251317934,1,0.0,10326
280120-41,fix_A_labels,49,0.9482949230376733,1,0.03164556962025317,11384
280120-41,fix_A_labels,50,0.9721691451358312,1,0.0,11774
280120-41,fix_A_labels,51,0.9825387852521826,1,0.0,15737
280120-41,fix_A_labels,52,0.0,0,0.0,16499
280120-41,fix_A_labels,53,0.9520265780730897,1,0.27680798004987534,7387
280120-41,fix_A_labels,54,0.7484082769598089,1,0.0,9904
280120-41,fix_A_labels,55,0.0,0,0.0,8996
280120-41,fix_A_labels,56,0.0,0,0.0,16820
280120-41,fix_A_labels,57,0.0,0,0.0,14348
280120-41,fix_A_labels,58,0.0,0,0.0,7306
280120-41,fix_A_labels,59,0.0,0,0.0,8644
280120-41,fix_A_labels,60,0.0,0,0.20562770562770563,9988
280120-41,fix_A_labels,61,0.0,0,0.0,10096
280120-41,fix_A_labels,62,0.0,0,0.0,19846
280120-41,fix_A_labels,63,0.0,0,0.0,9215
280120-41,fix_A_labels,64,0.0,0,0.0,10522
280120-41,fix_A_labels,65,0.0,0,0.05714285714285714,5997
280120-41,fix_A_labels,66,0.7811292400171748,1,0.0,9224
280120-41,fix_A_labels,67,0.0,0,0.0,11507
280120-41,fix_A_labels,68,0.9642203513909224,1,0.0,10731
280120-41,fix_A_labels,69,0.0,0,0.0,10873
280120-41,fix_A_labels,70,0.9154427491800942,1,0.0,13806
280120-41,fix_A_labels,71,0.0,0,0.0,14220
280120-41,fix_A_labels,72,0.0,0,0.0,8468
280120-41,fix_A_labels,73,0.5886172650878533,1,0.0,15569
280120-41,fix_A_labels,74,0.9647509578544061,1,0.0,11655
280120-41,fix_A_labels,75,0.970364542355101,1,0.0,11363
280120-41,fix_A_labels,76,0.9696618805002316,1,0.0,8535
280120-41,fix_A_labels,77,0.0,0,0.0,9633
280120-41,fix_A_labels,78,0.9712102606085414,1,0.0,14400
280120-41,fix_A_labels,79,0.0,0,0.0,4767
280120-41,fix_A_labels,80,0.9789101620029456,1,0.0,16739
280120-41,fix_A_labels,81,0.0,0,0.0,8992
280120-41,fix_A_labels,82,0.0,0,0.0,10462
280120-41,fix_A_labels,83,0.5632275132275132,1,0.0,11250
280120-41,fix_A_labels,84,0.6913811827426202,1,0.028824833702882482,10011
280120-41,fix_A_labels,85,0.6680875659273174,1,0.02962962962962963,13368
280120-41,fix_A_labels,86,0.0,0,0.0,11919
280120-41,fix_A_labels,87,0.0,0,0.0,10187
280120-41,fix_A_labels,88,0.0013055540444976337,0,0.038461538461538464,8687
280120-41,fix_A_labels,89,7.688167909587145e-05,0,0.1444805194805195,18232
280120-41,fix_A_labels,90,0.0,0,0.0,11752
280120-41,fix_A_labels,91,0.0,0,0.0,6834
280120-41,fix_A_labels,92,0.5045789988441363,1,0.23839662447257384,11008
280120-41,fix_A_labels,93,0.0,0,0.0,10961
280120-41,fix_A_labels,94,0.40469233413544176,0,0.0481283422459893,7038
280120-41,fix_A_labels,95,0.5276617571627464,1,0.0,13577
280120-41,fix_A_labels,96,0.0,0,0.0,5653
280120-41,fix_A_labels,97,0.41905123339658445,0,0.0,13037
280120-41,fix_A_labels,98,0.0,0,0.0,9586
280120-41,fix_A_labels,99,0.6099562363238512,1,0.0,9091
280120-41,fix_A_labels,100,0.0,0,0.0,8703
280120-41,fix_A_labels,101,0.9684917754266739,1,0.0,12824
280120-41,fix_A_labels,102,0.6619742787626,1,0.18801652892561985,11342
280120-41,fix_A_labels,103,0.9356086776288517,1,0.27294685990338163,7129
280120-41,fix_A_labels,104,0.0,0,0.0,13006
280120-41,fix_A_labels,105,0.0,0,0.0,7978
280120-41,fix_A_labels,106,0.958803611738149,1,0.0,8775
280120-41,fix_A_labels,107,0.799848779434003,1,0.41603053435114506,7565
280120-41,fix_A_labels,108,0.6504125237994499,1,0.0,9296
280120-41,fix_A_labels,109,0.922426265998887,1,0.03164556962025317,8754
280120-41,fix_A_labels,110,0.02254249815225425,0,0.285132382892057,8382
280120-41,fix_A_labels,111,0.0,0,0.0,8661
280120-41,fix_A_labels,112,0.9659060160548391,1,0.037815126050420166,10930
280120-41,fix_A_labels,113,0.0,0,0.0,8065
280120-41,fix_A_labels,114,0.9327922540224975,1,0.0,6954
280120-41,fix_A_labels,115,0.6184017380071634,1,0.0,10587
280120-41,fix_A_labels,116,0.3837286100270189,0,0.1326530612244898,16464
280120-41,fix_A_labels,117,0.0,0,0.0,8069
280120-41,fix_A_labels,118,0.7563443992946408,1,0.0,12954
280120-41,fix_A_labels,119,0.6112175707547169,1,0.23492723492723494,8397
280120-41,fix_A_labels,120,0.0,0,0.0,17914
280120-41,fix_A_labels,121,0.9570273003033367,1,0.0,15578
280120-41,fix_A_labels,122,0.6786401539448365,1,0.20085470085470086,10735
280120-41,fix_A_labels,123,0.9572481957954189,1,0.0,12498
280120-41,fix_A_labels,124,0.0,0,0.0,4869
280120-41,fix_A_labels,125,0.8608734303811535,1,0.02826086956521739,8823
280120-41,fix_A_labels,126,0.4522198731501057,0,0.047619047619047616,4431
280120-41,fix_A_labels,127,0.7535070140280561,1,0.0,8939
280120-41,fix_A_labels,128,0.9128320683111955,1,0.3333333333333333,7909
280120-41,fix_A_labels,129,0.5239465722086931,1,0.06132075471698113,7214
280120-41,fix_A_labels,130,0.2756527875793931,0,0.0,10138
280120-41,fix_A_labels,131,0.0,0,0.21379310344827587,9342
280120-41,fix_A_labels,132,0.3831549879185364,0,0.044722719141323794,14338
280120-41,fix_A_labels,133,0.5754978354978355,1,0.17349397590361446,6774
280120-41,fix_A_labels,134,0.0,0,0.0,20402
280120-41,fix_A_labels,135,0.0,0,0.0,9322
280120-41,fix_A_labels,136,0.0,0,0.1910569105691057,9257
280120-41,fix_A_labels,137,0.22659954054450365,0,0.2898550724637681,9660
280120-41,fix_A_labels,138,0.5836771844660195,1,0.17894736842105263,9693
280120-41,fix_A_labels,139,0.08388941849380362,0,0.4578059071729958,7957
280120-41,fix_A_labels,140,0.5092443470978548,1,0.3294663573085847,8104
280120-41,fix_A_labels,141,0.002279057989364396,0,0.05084745762711865,4966
280120-41,fix_A_labels,142,0.0,0,0.0,7886
280120-41,fix_A_labels,143,0.0,0,0.2919254658385093,4839
280120-41,fix_A_labels,144,0.0,0,0.03653846153846154,10899
280120-41,fix_A_labels,145,0.3340538982562329,0,0.375,7091
280120-41,fix_A_labels,146,0.38934099250039894,0,0.3425414364640884,10797
280120-41,fix_B_labels_local_seeds,1,0.0,0,0.0,30000
280120-41,fix_B_labels_local_seeds,2,0.6711345555171221,1,0.0,11509
280120-41,fix_B_labels_local_seeds,3,0.970317297850563,1,0.0,9574
280120-41,fix_B_labels_local_seeds,4,0.0,0,0.0,20922
280120-41,fix_B_labels_local_seeds,5,0.9747353438306201,1,0.0,11154
280120-41,fix_B_labels_local_seeds,6,0.8686794124160331,1,0.0,13277
280120-41,fix_B_labels_local_seeds,7,0.9720633341623145,1,0.0,11768
280120-41,fix_B_labels_local_seeds,8,0.9756355000439793,1,0.0,11188
280120-41,fix_B_labels_local_seeds,9,0.96290663286861,1,0.0,11477
280120-41,fix_B_labels_local_seeds,10,0.9561071378488291,1,0.0,7081
280120-41,fix_B_labels_local_seeds,11,0.9628521308430502,1,0.0,9468
280120-41,fix_B_labels_local_seeds,12,0.9661341853035144,1,0.0,10866
280120-41,fix_B_labels_local_seeds,13,0.0,0,0.0,4231
280120-41,fix_B_labels_local_seeds,14,0.9701081973225747,1,0.0,10789
280120-41,fix_B_labels_local_seeds,15,0.977502334663384,1,0.0,11636
280120-41,fix_B_labels_local_seeds,16,0.9778796703637153,1,0.0,15872
280120-41,fix_B_labels_local_seeds,17,0.9769639692852924,1,0.0,13319
280120-41,fix_B_labels_local_seeds,18,0.9690923317683882,1,0.0,7545
280120-41,fix_B_labels_local_seeds,19,0.9760113723864242,1,0.0,16505
280120-41,fix_B_labels_local_seeds,20,0.9653167397735387,1,0.0,9671
280120-41,fix_B_labels_local_seeds,21,0.0,0,0.0,9178
280120-41,fix_B_labels_local_seeds,22,0.36963395354493495,0,0.20631067961165048,6119
280120-41,fix_B_labels_local_seeds,23,0.9721011946591708,1,0.0,13874
280120-41,fix_B_labels_local_seeds,24,0.9562289562289562,1,0.0,7635
280120-41,fix_B_labels_local_seeds,25,0.953826764436297,1,0.0,8584
280120-41,fix_B_labels_local_seeds,26,0.0,0,0.0,5323
280120-41,fix_B_labels_local_seeds,27,0.9771588142632106,1,0.0,13805
280120-41,fix_B_labels_local_seeds,28,0.9736238532110092,1,0.0,12076
280120-41,fix_B_labels_local_seeds,29,0.0,0,0.0,16982
280120-41,fix_B_labels_local_seeds,30,0.9717939933767272,1,0.0,8617
280120-41,fix_B_labels_local_seeds,31,0.9660960053709299,1,0.0,5868
280120-41,fix_B_labels_local_seeds,32,0.973151947023681,1,0.0,13579
280120-41,fix_B_labels_local_seeds,33,0.9713780918727916,1,0.0,8352
280120-41,fix_B_labels_local_seeds,34,0.0002461689950150779,0,0.0,4596
280120-41,fix_B_labels_local_seeds,35,0.9744041450777202,1,0.0,9573
280120-41,fix_B_labels_local_seeds,36,0.970807453416149,1,0.0,15882
280120-41,fix_B_labels_local_seeds,37,0.5471992323377713,1,0.0,16472
280120-41,fix_B_labels_local_seeds,38,0.9759104275050894,1,0.0,8775
280120-41,fix_B_labels_local_seeds,39,0.8810530623380166,1,0.0,7219
280120-41,fix_B_labels_local_seeds,40,0.9537372691179009,1,0.0,5761
280120-41,fix_B_labels_local_seeds,41,0.7134648742411102,1,0.0,9139
280120-41,fix_B_labels_local_seeds,42,0.9544744744744744,1,0.0,8259
280120-41,fix_B_labels_local_seeds,43,0.9373040752351097,1,0.0,6318
280120-41,fix_B_labels_local_seeds,44,0.9708545851982929,1,0.0,9388
280120-41,fix_B_labels_local_seeds,45,0.9729433999801055,1,0.0,9877
280120-41,fix_B_labels_local_seeds,46,0.9611441371586111,1,0.0,11160
280120-41,fix_B_labels_local_seeds,47,0.0,0,0.0,17439
280120-41,fix_B_labels_local_seeds,48,0.82671272308578,1,0.0,10326
280120-41,fix_B_labels_local_seeds,49,0.0,0,0.03164556962025317,11384
280120-41,fix_B_labels_local_seeds,50,0.9707956525346387,1,0.0,11774
280120-41,fix_B_labels_local_seeds,51,0.9824759751271905,1,0.0,15737
280120-41,fix_B_labels_local_seeds,52,0.9692898272552783,1,0.0,16499
280120-41,fix_B_labels_local_seeds,53,0.4948184750531878,0,0.27680798004987534,7387
280120-41,fix_B_labels_local_seeds,54,0.8683373110580748,1,0.0,9904
280120-41,fix_B_labels_local_seeds,55,0.976534097168668,1,0.0,8996
280120-41,fix_B_labels_local_seeds,56,0.2990582242492448,0,0.0,16820
280120-41,fix_B_labels_local_seeds,57,0.9782217920353983,1,0.0,14348
280120-41,fix_B_labels_local_seeds,58,0.9650508837707552,1,0.0,7306
280120-41,fix_B_labels_local_seeds,59,0.9684222397654223,1,0.0,8644
280120-41,fix_B_labels_local_seeds,60,0.7437991757212439,1,0.20562770562770563,9988
280120-41,fix_B_labels_local_seeds,61,0.0,0,0.0,10096
280120-41,fix_B_labels_local_seeds,62,0.0,0,0.0,19846
280120-41,fix_B_labels_local_seeds,63,0.9584775086505191,1,0.0,9215
280120-41,fix_B_labels_local_seeds,64,0.0,0,0.0,10522
280120-41,fix_B_labels_local_seeds,65,0.0,0,0.05714285714285714,5997
280120-41,fix_B_labels_local_seeds,66,0.9687265717039735,1,0.0,9224
280120-41,fix_B_labels_local_seeds,67,0.9757377613352834,1,0.0,11507
280120-41,fix_B_labels_local_seeds,68,0.9641255605381166,1,0.0,10731
280120-41,fix_B_labels_local_seeds,69,0.9696280803855597,1,0.0,10873
280120-41,fix_B_labels_local_seeds,70,0.9170112647939541,1,0.0,13806
280120-41,fix_B_labels_local_seeds,71,0.9727736421284808,1,0.0,14220
280120-41,fix_B_labels_local_seeds,72,0.963346520828485,1,0.0,8468
280120-41,fix_B_labels_local_seeds,73,0.841964796339836,1,0.0,15569
280120-41,fix_B_labels_local_seeds,74,0.9647509578544061,1,0.0,11655
280120-41,fix_B_labels_local_seeds,75,0.9695751005420528,1,0.0,11363
280120-41,fix_B_labels_local_seeds,76,0.9674391657010428,1,0.0,8535
280120-41,fix_B_labels_local_seeds,77,0.9626989047323827,1,0.0,9633
280120-41,fix_B_labels_local_seeds,78,0.9712102606085414,1,0.0,14400
280120-41,fix_B_labels_local_seeds,79,0.0,0,0.0,4767
280120-41,fix_B_labels_local_seeds,80,0.9789101620029456,1,0.0,16739
280120-41,fix_B_labels_local_seeds,81,0.9638421804593912,1,0.0,8992
280120-41,fix_B_labels_local_seeds,82,0.9749507458485787,1,0.0,10462
280120-41,fix_B_labels_local_seeds,83,0.9727088652170085,1,0.0,11250
280120-41,fix_B_labels_local_seeds,84,0.0,0,0.028824833702882482,10011
280120-41,fix_B_labels_local_seeds,85,0.0,0,0.02962962962962963,13368
280120-41,fix_B_labels_local_seeds,86,0.5397287627922456,1,0.0,11919
280120-41,fix_B_labels_local_seeds,87,0.6590665497417909,1,0.0,10187
280120-41,fix_B_labels_local_seeds,88,0.0,0,0.038461538461538464,8687
280120-41,fix_B_labels_local_seeds,89,0.0,0,0.1444805194805195,18232
280120-41,fix_B_labels_local_seeds,90,0.9718134198054378,1,0.0,11752
280120-41,fix_B_labels_local_seeds,91,0.9582918149466192,1,0.0,6834
280120-41,fix_B_labels_local_seeds,92,0.0,0,0.23839662447257384,11008
280120-41,fix_B_labels_local_seeds,93,0.968382614891343,1,0.0,10961
280120-41,fix_B_labels_local_seeds,94,0.5905227916559361,1,0.0481283422459893,7038
280120-41,fix_B_labels_local_seeds,95,0.8162489953970922,1,0.0,13577
280120-41,fix_B_labels_local_seeds,96,0.0,0,0.0,5653
280120-41,fix_B_labels_local_seeds,97,0.5017801681690781,1,0.0,13037
280120-41,fix_B_labels_local_seeds,98,0.9707347447073474,1,0.0,9586
280120-41,fix_B_labels_local_seeds,99,0.966528112010501,1,0.0,9091
280120-41,fix_B_labels_local_seeds,100,0.9686113954281815,1,0.0,8703
280120-41,fix_B_labels_local_seeds,101,0.9684917754266739,1,0.0,12824
280120-41,fix_B_labels_local_seeds,102,0.0,0,0.18801652892561985,11342
280120-41,fix_B_labels_local_seeds,103,0.4853692201518289,0,0.27294685990338163,7129
280120-41,fix_B_labels_local_seeds,104,0.9738893513963521,1,0.0,13006
280120-41,fix_B_labels_local_seeds,105,0.9593384730166625,1,0.0,7978
280120-41,fix_B_labels_local_seeds,106,0.958803611738149,1,0.0,8775
280120-41,fix_B_labels_local_seeds,107,0.7954643164230438,1,0.41603053435114506,7565
280120-41,fix_B_labels_local_seeds,108,0.0,0,0.0,9296
280120-41,fix_B_labels_local_seeds,109,0.0,0,0.03164556962025317,8754
280120-41,fix_B_labels_local_seeds,110,0.0,0,0.285132382892057,8382
280120-41,fix_B_labels_local_seeds,111,0.7957940703286601,1,0.0,8661
280120-41,fix_B_labels_local_seeds,112,0.6757604264659768,1,0.037815126050420166,10930
280120-41,fix_B_labels_local_seeds,113,0.0,0,0.0,8065
280120-41,fix_B_labels_local_seeds,114,0.9373665480427046,1,0.0,6954
280120-41,fix_B_labels_local_seeds,115,0.26051878605938367,0,0.0,10587
280120-41,fix_B_labels_local_seeds,116,0.0,0,0.1326530612244898,16464
280120-41,fix_B_labels_local_seeds,117,0.9628899026014055,1,0.0,8069
280120-41,fix_B_labels_local_seeds,118,0.7437035902931945,1,0.0,12954
280120-41,fix_B_labels_local_seeds,119,0.0,0,0.23492723492723494,8397
280120-41,fix_B_labels_local_seeds,120,0.0,0,0.0,17914
280120-41,fix_B_labels_local_seeds,121,0.9543070214245086,1,0.0,15578
280120-41,fix_B_labels_local_seeds,122,0.6560426613753333,1,0.20085470085470086,10735
280120-41,fix_B_labels_local_seeds,123,0.9569377990430622,1,0.0,12498
280120-41,fix_B_labels_local_seeds,124,0.0,0,0.0,4869
280120-41,fix_B_labels_local_seeds,125,0.0,0,0.02826086956521739,8823
280120-41,fix_B_labels_local_seeds,126,0.3681361175560712,0,0.047619047619047616,4431
280120-41,fix_B_labels_local_seeds,127,0.8405297128867126,1,0.0,8939
280120-41,fix_B_labels_local_seeds,128,0.0,0,0.3333333333333333,7909
280120-41,fix_B_labels_local_seeds,129,0.0,0,0.06132075471698113,7214
280120-41,fix_B_labels_local_seeds,130,0.6105320899616018,1,0.0,10138
280120-41,fix_B_labels_local_seeds,131,0.0,0,0.21379310344827587,9342
280120-41,fix_B_labels_local_seeds,132,0.0,0,0.044722719141323794,14338
280120-41,fix_B_labels_local_seeds,133,0.0,0,0.17349397590361446,6774
280120-41,fix_B_labels_local_seeds,134,0.0,0,0.0,20402
280120-41,fix_B_labels_local_seeds,135,0.0,0,0.0,9322
280120-41,fix_B_labels_local_seeds,136,0.0,0,0.1910569105691057,9257
280120-41,fix_B_labels_local_seeds,137,0.2527859237536657,0,0.2898550724637681,9660
280120-41,fix_B_labels_local_seeds,138,0.5836771844660195,1,0.17894736842105263,9693
280120-41,fix_B_labels_local_seeds,139,0.0868349119572818,0,0.4578059071729958,7957
280120-41,fix_B_labels_local_seeds,140,0.4282985226693836,0,0.3294663573085847,8104
280120-41,fix_B_labels_local_seeds,141,0.296358753357067,0,0.05084745762711865,4966
280120-41,fix_B_labels_local_seeds,142,0.0,0,0.0,7886
280120-41,fix_B_labels_local_seeds,143,0.2130664703126046,0,0.2919254658385093,4839
280120-41,fix_B_labels_local_seeds,144,0.0,0,0.03653846153846154,10899
280120-41,fix_B_labels_local_seeds,145,0.0,0,0.375,7091
280120-41,fix_B_labels_local_seeds,146,0.4267136123573173,0,0.3425414364640884,10797
280120-41,cellpose_sam,1,0.8735658959874206,1,0.0,30000
280120-41,cellpose_sam,2,0.9577265540484314,1,0.0,11509
280120-41,cellpose_sam,3,0.9412111679119151,1,0.0,9574
280120-41,cellpose_sam,4,0.9475543478260869,1,0.0,20922
280120-41,cellpose_sam,5,0.9510572987721692,1,0.0,11154
280120-41,cellpose_sam,6,0.9489693673060406,1,0.0,13277
280120-41,cellpose_sam,7,0.9394858693916653,1,0.0,11768
280120-41,cellpose_sam,8,0.9345138656866021,1,0.0,11188
280120-41,cellpose_sam,9,0.9333170692038708,1,0.0,11477
280120-41,cellpose_sam,10,0.9636388397112897,1,0.0,7081
280120-41,cellpose_sam,11,0.924609375,1,0.0,9468
280120-41,cellpose_sam,12,0.9504067173970087,1,0.0,10866
280120-41,cellpose_sam,13,0.8834790829591114,1,0.0,4231
280120-41,cellpose_sam,14,0.9493180818301804,1,0.0,10789
280120-41,cellpose_sam,15,0.9533016549238079,1,0.0,11636
280120-41,cellpose_sam,16,0.9585623678646934,1,0.0,15872
280120-41,cellpose_sam,17,0.9422043010752689,1,0.0,13319
280120-41,cellpose_sam,18,0.9359880908075922,1,0.0,7545
280120-41,cellpose_sam,19,0.9521199884626478,1,0.0,16505
280120-41,cellpose_sam,20,0.9436908363423441,1,0.0,9671
280120-41,cellpose_sam,21,0.9437532133676092,1,0.0,9178
280120-41,cellpose_sam,22,0.3577944100105251,0,0.20631067961165048,6119
280120-41,cellpose_sam,23,0.9320166599489453,1,0.0,13874
280120-41,cellpose_sam,24,0.9284932506384531,1,0.0,7635
280120-41,cellpose_sam,25,0.9366066557555919,1,0.0,8584
280120-41,cellpose_sam,26,0.9390535812925797,1,0.0,5323
280120-41,cellpose_sam,27,0.9418707784676263,1,0.0,13805
280120-41,cellpose_sam,28,0.949445711140813,1,0.0,12076
280120-41,cellpose_sam,29,0.9488210973293105,1,0.0,16982
280120-41,cellpose_sam,30,0.9347000759301443,1,0.0,8617
280120-41,cellpose_sam,31,0.9381294964028777,1,0.0,5868
280120-41,cellpose_sam,32,0.9323034672159286,1,0.0,13579
280120-41,cellpose_sam,33,0.9321428571428572,1,0.0,8352
280120-41,cellpose_sam,34,0.8087372310367311,1,0.0,4596
280120-41,cellpose_sam,35,0.9392660910518054,1,0.0,9573
280120-41,cellpose_sam,36,0.9407653121668049,1,0.0,15882
280120-41,cellpose_sam,37,0.9396463205932687,1,0.0,16472
280120-41,cellpose_sam,38,0.9424336805928472,1,0.0,8775
280120-41,cellpose_sam,39,0.9320128479657388,1,0.0,7219
280120-41,cellpose_sam,40,0.9502909393183707,1,0.0,5761
280120-41,cellpose_sam,41,0.9580668833211028,1,0.0,9139
280120-41,cellpose_sam,42,0.9615204129516659,1,0.0,8259
280120-41,cellpose_sam,43,0.9307601649970536,1,0.0,6318
280120-41,cellpose_sam,44,0.9477084595194831,1,0.0,9388
280120-41,cellpose_sam,45,0.9440833492640031,1,0.0,9877
280120-41,cellpose_sam,46,0.9040829552819183,1,0.0,11160
280120-41,cellpose_sam,47,0.9458184184835665,1,0.0,17439
280120-41,cellpose_sam,48,0.9504786450662739,1,0.0,10326
280120-41,cellpose_sam,49,0.9630320501950144,1,0.03164556962025317,11384
280120-41,cellpose_sam,50,0.9421461150676163,1,0.0,11774
280120-41,cellpose_sam,51,0.9477836665863647,1,0.0,15737
280120-41,cellpose_sam,52,0.942423030787685,1,0.0,16499
280120-41,cellpose_sam,53,0.9392244119516847,1,0.27680798004987534,7387
280120-41,cellpose_sam,54,0.939836781172898,1,0.0,9904
280120-41,cellpose_sam,55,0.9492868462757528,1,0.0,8996
280120-41,cellpose_sam,56,0.9459003486671915,1,0.0,16820
280120-41,cellpose_sam,57,0.948251933117441,1,0.0,14348
280120-41,cellpose_sam,58,0.9224747474747474,1,0.0,7306
280120-41,cellpose_sam,59,0.9260767088065138,1,0.0,8644
280120-41,cellpose_sam,60,0.9434712621910804,1,0.20562770562770563,9988
280120-41,cellpose_sam,61,0.9430119581464873,1,0.0,10096
280120-41,cellpose_sam,62,0.9498875221366008,1,0.0,19846
280120-41,cellpose_sam,63,0.9646184444677065,1,0.0,9215
280120-41,cellpose_sam,64,0.941987466427932,1,0.0,10522
280120-41,cellpose_sam,65,0.9189233014431653,1,0.05714285714285714,5997
280120-41,cellpose_sam,66,0.9570316554229372,1,0.0,9224
280120-41,cellpose_sam,67,0.9449006404992609,1,0.0,11507
280120-41,cellpose_sam,68,0.9446302816901408,1,0.0,10731
280120-41,cellpose_sam,69,0.9481164980816185,1,0.0,10873
280120-41,cellpose_sam,70,0.931704683493049,1,0.0,13806
280120-41,cellpose_sam,71,0.9544905356423681,1,0.0,14220
280120-41,cellpose_sam,72,0.9247570164901169,1,0.0,8468
280120-41,cellpose_sam,73,0.9559930872731761,1,0.0,15569
280120-41,cellpose_sam,74,0.9445660102115244,1,0.0,11655
280120-41,cellpose_sam,75,0.95873765926926,1,0.0,11363
280120-41,cellpose_sam,76,0.9516111049169361,1,0.0,8535
280120-41,cellpose_sam,77,0.966988727858293,1,0.0,9633
280120-41,cellpose_sam,78,0.9485541136947501,1,0.0,14400
280120-41,cellpose_sam,79,0.8330186700230753,1,0.0,4767
280120-41,cellpose_sam,80,0.9480092881010365,1,0.0,16739
280120-41,cellpose_sam,81,0.9530471648118707,1,0.0,8992
280120-41,cellpose_sam,82,0.9273178514447793,1,0.0,10462
280120-41,cellpose_sam,83,0.9550895661770948,1,0.0,11250
280120-41,cellpose_sam,84,0.9292676134781398,1,0.028824833702882482,10011
280120-41,cellpose_sam,85,0.9412511460610763,1,0.02962962962962963,13368
280120-41,cellpose_sam,86,0.9478330019880715,1,0.0,11919
280120-41,cellpose_sam,87,0.97239115744763,1,0.0,10187
280120-41,cellpose_sam,88,0.9378171218827593,1,0.038461538461538464,8687
280120-41,cellpose_sam,89,0.9525853045844672,1,0.1444805194805195,18232
280120-41,cellpose_sam,90,0.9318109736758643,1,0.0,11752
280120-41,cellpose_sam,91,0.9393814432989691,1,0.0,6834
280120-41,cellpose_sam,92,0.9328699779623665,1,0.23839662447257384,11008
280120-41,cellpose_sam,93,0.9259947621863648,1,0.0,10961
280120-41,cellpose_sam,94,0.5728360882664278,1,0.0481283422459893,7038
280120-41,cellpose_sam,95,0.9665692494119325,1,0.0,13577
280120-41,cellpose_sam,96,0.915552546962261,1,0.0,5653
280120-41,cellpose_sam,97,0.938656490748074,1,0.0,13037
280120-41,cellpose_sam,98,0.9540207006369427,1,0.0,9586
280120-41,cellpose_sam,99,0.9579557428872497,1,0.0,9091
280120-41,cellpose_sam,100,0.9414755517092168,1,0.0,8703
280120-41,cellpose_sam,101,0.948589388610342,1,0.0,12824
280120-41,cellpose_sam,102,0.9581324536919563,1,0.18801652892561985,11342
280120-41,cellpose_sam,103,0.9353333333333333,1,0.27294685990338163,7129
280120-41,cellpose_sam,104,0.947751949282227,1,0.0,13006
280120-41,cellpose_sam,105,0.9441420118343196,1,0.0,7978
280120-41,cellpose_sam,106,0.9511823035850496,1,0.0,8775
280120-41,cellpose_sam,107,0.4610836837935028,0,0.41603053435114506,7565
280120-41,cellpose_sam,108,0.9241475295755045,1,0.0,9296
280120-41,cellpose_sam,109,0.931934384320409,1,0.03164556962025317,8754
280120-41,cellpose_sam,110,0.9214221014492754,1,0.285132382892057,8382
280120-41,cellpose_sam,111,0.9429504627109417,1,0.0,8661
280120-41,cellpose_sam,112,0.9514935121483933,1,0.037815126050420166,10930
280120-41,cellpose_sam,113,0.9517233238904627,1,0.0,8065
280120-41,cellpose_sam,114,0.9485263594852636,1,0.0,6954
280120-41,cellpose_sam,115,0.9398711524695776,1,0.0,10587
280120-41,cellpose_sam,116,0.8406453110492108,1,0.1326530612244898,16464
280120-41,cellpose_sam,117,0.9511965106683956,1,0.0,8069
280120-41,cellpose_sam,118,0.9575569358178054,1,0.0,12954
280120-41,cellpose_sam,119,0.9294558673179598,1,0.23492723492723494,8397
280120-41,cellpose_sam,120,0.9489352685665854,1,0.0,17914
280120-41,cellpose_sam,121,0.8628911138923655,1,0.0,15578
280120-41,cellpose_sam,122,0.9235780947349885,1,0.20085470085470086,10735
280120-41,cellpose_sam,123,0.9388521634615384,1,0.0,12498
280120-41,cellpose_sam,124,0.9620967741935483,1,0.0,4869
280120-41,cellpose_sam,125,0.9347988475082702,1,0.02826086956521739,8823
280120-41,cellpose_sam,126,0.36011396011396013,0,0.047619047619047616,4431
280120-41,cellpose_sam,127,0.9303098531146134,1,0.0,8939
280120-41,cellpose_sam,128,0.9245966799158288,1,0.3333333333333333,7909
280120-41,cellpose_sam,129,0.7955423149067637,1,0.06132075471698113,7214
280120-41,cellpose_sam,130,0.9299211153916712,1,0.0,10138
280120-41,cellpose_sam,131,0.9392659627953746,1,0.21379310344827587,9342
280120-41,cellpose_sam,132,0.865761990288033,1,0.044722719141323794,14338
280120-41,cellpose_sam,133,0.6790655704832564,1,0.17349397590361446,6774
280120-41,cellpose_sam,134,0.7947179806793394,1,0.0,20402
280120-41,cellpose_sam,135,0.913563308506468,1,0.0,9322
280120-41,cellpose_sam,136,0.914368795748521,1,0.1910569105691057,9257
280120-41,cellpose_sam,137,0.9438081253059226,1,0.2898550724637681,9660
280120-41,cellpose_sam,138,0.5667758156940709,1,0.17894736842105263,9693
280120-41,cellpose_sam,139,0.48434263433654196,0,0.4578059071729958,7957
280120-41,cellpose_sam,140,0.9015134653906076,1,0.3294663573085847,8104
280120-41,cellpose_sam,141,0.9310018903591682,1,0.05084745762711865,4966
280120-41,cellpose_sam,142,0.902391577983751,1,0.0,7886
280120-41,cellpose_sam,143,0.962457337883959,1,0.2919254658385093,4839
280120-41,cellpose_sam,144,0.11191851626634235,0,0.03653846153846154,10899
280120-41,cellpose_sam,145,0.4660729431721798,0,0.375,7091
280120-41,cellpose_sam,146,0.9115640150834979,1,0.3425414364640884,10797
