slide,inst,rec@0.5,area,ecc,extent,axis_ratio
280120-07,1,1,10304,0.4265852725507565,0.7666666666666667,1.105647556210814
280120-07,2,1,7677,0.7910535192698988,0.81888,1.634662831717191
280120-07,3,1,9486,0.2560349472927284,0.7769041769041769,1.0344818390341946
280120-07,4,1,11715,0.794074648842355,0.7129381694255112,1.6452232477347974
280120-07,5,1,10427,0.3388024865802336,0.7553607649956534,1.0628601860859652
280120-07,6,1,8415,0.4662855328438231,0.7710280373831776,1.13041064244744
280120-07,7,1,9550,0.2819452554712066,0.7751623376623377,1.0422849869785125
280120-07,8,1,11550,0.4181462438804793,0.7773066828184938,1.1008612105180076
280120-07,9,1,8548,0.4204382655327751,0.8159602901870943,1.1021455883057836
280120-07,10,1,10517,0.5435119302004575,0.7657637978738896,1.1913250911030575
280120-07,11,1,9526,0.4129544866308109,0.7662483912483913,1.0979941519037235
280120-07,12,1,9939,0.3050942962354616,0.751758565917858,1.050064837666554
280120-07,13,1,9310,0.5632746353722601,0.7811713374727304,1.210258527201652
280120-07,14,1,9630,0.3246287069763966,0.7821637426900585,1.057259558556198
280120-07,15,1,10830,0.5370318983280732,0.7590412111017661,1.185449410536377
280120-07,16,1,10583,0.6212062949986926,0.7417297448836557,1.2760846446965932
280120-07,17,0,6713,0.6194744712964624,0.8355738113019666,1.273858084897893
280120-07,18,1,11010,0.3498985366858535,0.7588916459884202,1.0674778319974942
280120-07,19,1,10030,0.2525113647597493,0.8067889317889317,1.0334913959670793
280120-07,20,1,11236,0.5645899431653992,0.7674863387978142,1.2115755620764237
280120-07,21,1,7311,0.4770921762783271,0.7886731391585761,1.1378463774923255
280120-07,22,1,8771,0.417794334592052,0.7519718792866941,1.100665029155648
280120-07,23,1,9723,0.6584842015962088,0.755947753071062,1.3287367021057253
280120-07,24,1,9143,0.7366895902474313,0.7231097753875356,1.4787844834926047
280120-07,25,1,7143,0.7961192346074489,0.7371517027863778,1.6525107390055558
280120-07,26,0,7893,0.3147226265282198,0.7589423076923076,1.0535368607110644
280120-07,27,1,8655,0.3315194932268849,0.7784673502428494,1.059941415447463
280120-07,28,0,4370,0.8862202060140371,0.7450980392156863,2.1585953243225746
280120-07,29,1,7988,0.4815121359844063,0.783751962323391,1.140980167361883
280120-07,30,1,7274,0.5773306067376661,0.8278138158643451,1.2247240170996971
280120-07,31,1,8502,0.2323063382843528,0.7785714285714286,1.028126803348814
280120-07,32,1,5705,0.6068800404551288,0.8092198581560284,1.258188538460706
280120-07,33,1,8160,0.7153942279338523,0.8362369337979094,1.4311863185530138
280120-07,34,0,5397,0.8826263241855555,0.771,2.1273188269755288
280120-07,35,1,6706,0.6243187101961166,0.7884773662551441,1.280131526800722
280120-07,36,1,6847,0.6567860813015498,0.7271665250637214,1.3261246120002077
280120-07,37,1,9899,0.4833301497644989,0.7696314725548127,1.1422851428931653
280120-07,38,1,7478,0.6155600438355888,0.76681706316653,1.2688906249444674
280120-07,39,1,10941,0.6017218042284798,0.7865564342199857,1.2520255472510735
280120-07,40,0,7146,0.4769779890525472,0.7607793037368253,1.137766140840866
280120-07,41,1,8962,0.3068801339347913,0.7905786873676782,1.0506981039193148
280120-07,42,1,12446,0.5422164949471081,0.7220932931074495,1.1901378246675862
280120-07,43,1,7134,0.6645707117391836,0.7707433016421781,1.33828430650806
280120-07,44,1,10568,0.4053983440099193,0.7722323712093533,1.0939241850923094
280120-07,45,1,11125,0.7155528505761533,0.7342749653488219,1.431519130380485
280120-07,46,1,11546,0.5324111394128668,0.7809794372294372,1.1813545862821917
280120-07,47,1,9788,0.3365043468826326,0.7808536098923016,1.0619297096115234
280120-07,48,1,10305,0.2448010126450935,0.7728363581820908,1.031381492640381
280120-07,49,1,8472,0.7862068525199527,0.7100829771184309,1.6182187684529918
280120-07,50,1,13189,0.5925781063683471,0.7569444444444444,1.241444897967562
280120-07,51,1,7301,0.568107517543946,0.7548593879239041,1.215134241765759
280120-07,52,1,9705,0.6330328623400331,0.7735533237685318,1.2917811729094455
280120-07,53,0,8556,0.8444604320129171,0.5709328706793007,1.8670024347153535
280120-07,54,1,4865,0.7153867085257273,0.7192489651094027,1.4311705494076463
280120-07,55,0,7854,0.4902402468817602,0.8391025641025641,1.147331940385608
280120-07,56,1,13516,0.4066325871693942,0.7584736251402918,1.094580777486451
280120-07,57,1,10431,0.5948245360538361,0.789688848512378,1.2440045725242186
280120-07,58,1,8320,0.8101088448599966,0.7441860465116279,1.7056710822989165
280120-07,59,1,8303,0.4546324014843541,0.7853021848103661,1.122738732895832
280120-07,60,1,6711,0.5182542566858441,0.8152332361516035,1.1692807592151564
280120-07,61,1,6597,0.3438172465926861,0.7802483737433471,1.0649212394448548
280120-07,62,1,9177,0.5702301301869851,0.7700117469374056,1.2173076865537804
280120-07,63,1,9898,0.3467939570080084,0.7621467621467621,1.066164759677084
280120-07,64,1,8973,0.7407406164128463,0.7383969716919025,1.4885578815728715
280120-07,65,1,9101,0.5734524529487847,0.7674987350312026,1.2206452450477645
280120-07,66,1,11240,0.2639185217229207,0.7872251015548396,1.0367582882927766
280120-07,67,1,9223,0.6493327953654373,0.7314036478984932,1.3149168086806866
280120-07,68,1,7073,0.7269203203055618,0.752767134951043,1.4561937332179475
280120-07,69,1,8611,0.534510117761716,0.773674752920036,1.183205007519507
280120-07,70,1,7464,0.4215271357519554,0.7464746474647465,1.10275980298779
280120-07,71,1,7944,0.7402646692918554,0.7195652173913043,1.487396769543083
280120-07,72,1,12345,0.4722103822088299,0.7419761990623873,1.1344481219566016
280120-07,73,1,10045,0.6338163852536283,0.7210020097616997,1.2928523306152957
280120-07,74,1,10932,0.4432260533196743,0.7550766680480729,1.115561114235125
280120-07,75,1,10657,0.5144012984123949,0.7884729209825392,1.1661133167591584
280120-07,76,1,8761,0.3531999391234596,0.7594486823855756,1.0688923999485471
280120-07,77,0,4508,0.4867802724844074,0.805,1.144787646149782
280120-07,78,1,7371,0.4190214766109668,0.726063829787234,1.10135030536509
280120-07,79,1,9461,0.6128549182493624,0.7761279737489746,1.2655096913282984
280120-07,80,1,9216,0.5513748626992682,0.7836734693877551,1.1986705153632038
280120-07,81,1,8088,0.4636761442595345,0.7435190292333149,1.1286621089419024
280120-07,82,1,9705,0.4659103082150734,0.7669511616880038,1.13015810158482
280120-07,83,1,11636,0.2264872745064089,0.7754231640677063,1.026679156874874
280120-07,84,1,8470,0.7126104982073032,0.7528888888888889,1.425395059906419
280120-07,85,1,12303,0.2238595653938927,0.8001951219512196,1.0260394329605569
280120-07,86,1,5955,0.4486976376185927,0.7705745341614907,1.1189642136945128
280120-07,87,1,13120,0.5238590914982755,0.7208791208791209,1.173977697815379
280120-07,88,1,7682,0.7436593549125124,0.7461149961149961,1.495754924904367
280120-07,89,1,6509,0.5366899568060393,0.7645055203194738,1.185143711059
280120-07,90,1,10324,0.4144005348087376,0.6974261973924205,1.0987868628837325
280120-07,91,1,11571,0.4638870792561534,0.7549422587590526,1.1288027898600743
280120-07,92,1,8368,0.4167085718672504,0.7601053683349986,1.1000614406862033
280120-07,93,0,10541,0.3852467718046748,0.7507834757834758,1.083642470287402
280120-07,94,1,7612,0.420022853728786,0.7870140612076096,1.101911949353015
280120-07,95,0,7224,0.3532966424262898,0.7839392295170917,1.0689341203779883
280120-07,96,1,10373,0.5361749638375323,0.7358303185074838,1.1846841145586968
280120-07,97,0,17436,0.6389402251563419,0.690124678408866,1.2999567077007976
280120-07,98,1,10994,0.5093542609179817,0.7587301587301587,1.1620381642816917
280120-07,99,1,10215,0.61146347368261,0.7526525198938993,1.2637868742819731
280120-07,100,1,10111,0.7587840587545279,0.6973103448275862,1.5352911159897382
280120-07,101,1,8546,0.5912639383828256,0.7722056564561308,1.2399592467640068
280120-07,102,1,6111,0.646217141347894,0.7344951923076923,1.3103522140410655
280120-07,103,0,13818,0.6628805568828484,0.7419060402684564,1.3356035719918835
280120-07,104,1,8664,0.3555682814789932,0.7861355593866255,1.0699188691588737
280120-07,105,1,11025,0.5686871912663286,0.7457386363636364,1.215725838145575
280120-07,106,1,11109,0.411501623492416,0.7657154673283706,1.0972022119127087
280120-07,107,0,11034,0.2970361168039023,0.77918226113975,1.0472670968577775
280120-07,108,1,10349,0.4752869810856228,0.6910389957264957,1.1365821341582296
280120-07,109,0,8876,0.4940926031629676,0.786461102250576,1.1502062616404702
280120-07,110,1,11961,0.8314472775331332,0.6155944415851775,1.7998441618654006
280120-07,111,1,9277,0.6428762943849469,0.8132012622720898,1.3055341267937912
280120-07,112,1,9753,0.4175379627652297,0.7376900385749944,1.1005222776872012
280120-07,113,1,8867,0.3853896062025337,0.7607893607893608,1.0837125113096282
280120-07,114,1,8672,0.5795380128158899,0.7329276538201488,1.227076361011671
280120-07,115,0,9029,0.4802953701379965,0.6845856395481082,1.1401119997813418
280120-07,116,1,9506,0.6418098362144239,0.7201515151515151,1.3040124733490064
280120-07,117,1,11035,0.495229811599558,0.7438490057296933,1.1510632210535583
280120-07,118,1,9647,0.4611244596499583,0.7521440823327615,1.1269694902322864
280120-07,119,0,10361,0.7795570548654942,0.6692720108520122,1.596599317922326
280120-07,120,1,9310,0.2920451277067318,0.7632398753894081,1.0455826573239455
280120-07,121,1,7837,0.4398272381516516,0.7463809523809524,1.1134835711048128
280120-07,122,1,9412,0.6194110396098084,0.7953354740577996,1.2737768712445514
280120-07,123,1,9871,0.6956660219878695,0.7331402257872847,1.392049311026652
280120-07,124,1,6875,0.7875396176548225,0.8276152642349826,1.622681118236037
280120-07,125,1,10160,0.579741838442261,0.7375145180023229,1.227294708275017
280120-07,126,0,6746,0.6475456561220865,0.7128064243448858,1.3122900533390387
280120-07,127,1,8766,0.2297781421519509,0.7801708793164828,1.0274925829676913
280120-07,128,1,9568,0.75248039106327,0.6734234234234234,1.5183385239584326
280120-07,129,0,4423,0.8001949378156012,0.6980744949494949,1.6673892161395147
280120-07,130,1,8697,0.4032011017772564,0.7751336898395722,1.0927631343267588
280120-07,131,1,8058,0.7785787115557959,0.6395238095238095,1.593506239452329
280120-07,132,0,6376,0.3610156692206508,0.677649059411202,1.072317350633153
280120-07,133,1,9979,0.3553311353498658,0.7884797724399494,1.0698156443971747
280120-07,134,1,8108,0.719278161062845,0.658277177884225,1.4394242885114727
280120-07,135,1,9563,0.5676488960627224,0.7777325959661678,1.2146672255656894
280120-07,136,1,9288,0.5654745425656432,0.7676033057851239,1.2124654794252128
280120-07,137,1,8866,0.6588559367682507,0.7268404656501066,1.3293114800606691
280120-07,138,1,8276,0.7554937142486475,0.6586025783861212,1.5263542715452387
280120-07,139,1,9688,0.4386454403957027,0.8081414748081415,1.1127676356814105
280120-07,140,1,7704,0.7051002480764039,0.816967126193001,1.410223143154847
280120-07,141,0,7722,0.3642987910655255,0.7886029411764706,1.0737884646719893
280120-07,142,1,8982,0.7123001417042375,0.7068544896513732,1.4247551310547562
280120-07,143,1,9612,0.604678926482202,0.7424113694292114,1.2555411245229957
280120-07,144,1,8373,0.7350919017541708,0.7223084886128365,1.474997014106417
280120-07,145,1,8534,0.3939844036738269,0.7182897062536824,1.0880006178597366
280120-07,146,0,7562,0.5799874247175487,0.7799092409240924,1.2275580484134854
280120-07,147,1,9017,0.7325154504837567,0.6139025054466231,1.46896717459088
280120-07,148,0,6586,0.82064937251738,0.7740039957691855,1.749989294366341
280120-07,149,1,8391,0.5426918976876642,0.8103331723804925,1.1905727899186769
280120-07,150,0,8090,0.6291901244780769,0.6510542411073555,1.2865849580898694
280120-07,151,1,9312,0.7040546628155245,0.6810502450084107,1.4081615708664683
280120-07,152,1,7730,0.8605879776386475,0.7265037593984962,1.96347231081687
280120-07,153,1,7989,0.7967188245328359,0.6526960784313726,1.6546698717194073
280120-07,154,0,8050,0.5902865754240256,0.7715161970481119,1.2388599307415955
280120-07,155,0,8907,0.6135470876001758,0.6507159555815313,1.266370793606007
280120-07,156,0,8082,0.7112446162995162,0.695046439628483,1.4225872352685958
280120-07,157,1,9753,0.7410180582581508,0.7234089897641299,1.4892363247149458
280120-07,158,1,8305,0.7479259505960505,0.7816470588235294,1.5065183151146184
280120-07,159,1,7655,0.6446633461485951,0.8054503367003367,1.3081016366110891
280120-07,160,1,7251,0.3460793310973885,0.7629419191919192,1.065864848761771
280120-07,161,1,14210,0.6745152173702217,0.8043244467085526,1.3545346100660711
280120-07,162,1,9600,0.6125659914534252,0.7665282657297988,1.2651510544928346
280120-07,163,0,5913,0.6472560607505488,0.6441176470588236,1.311866562391564
280120-07,164,1,8448,0.3641861669881497,0.7737680893936618,1.0737376782952308
280120-07,165,0,7460,0.8772825831864934,0.5445255474452555,2.0834451531460902
280120-07,166,0,6665,0.4638895680863221,0.7889441287878788,1.1288044504556805
280120-07,167,1,10325,0.7812555929718671,0.6573083778966132,1.602021723032114
280120-07,168,0,8859,0.6948161023414816,0.7298566485417697,1.3904580845604495
280120-07,169,1,10203,0.4444925842616791,0.7596604869332142,1.1163423772908585
280120-07,170,0,6877,0.7060397485589189,0.6360525342212356,1.4120859184021133
280120-07,171,1,10184,0.4798328249068446,0.752030719243834,1.1397830663567894
280120-07,172,0,7123,0.7775378906720076,0.7079109520969986,1.5902395159754363
280120-07,173,1,7793,0.3814936631304584,0.7793779377937794,1.081816185106444
280120-07,174,0,8319,0.685184452668312,0.7133424798490825,1.372929358803918
280120-07,175,0,7336,0.5705411543119193,0.6164705882352941,1.2176278229482256
280120-07,176,0,4503,0.8512633244182256,0.5554459109411619,1.9057102337184333
280120-07,177,0,9235,0.5970211721542394,0.637336093857833,1.2465323347642163
280120-07,178,0,8141,0.6375880378567302,0.6889227384276889,1.298064908121923
280120-07,179,0,6840,0.6153594054775434,0.7091022185361808,1.2686384182137045
280120-07,180,0,6533,0.9902665409437784,0.3943619461547748,7.1847353551791375
280120-07,181,0,5603,0.749576491930509,0.6018259935553169,1.5107617654198515
280120-07,182,1,8361,0.8497108639879178,0.5571028784648188,1.8966372787821808
280120-07,183,0,5117,0.5063726415823231,0.6685393258426966,1.1596693512354923
280120-07,184,1,6477,0.793999501925043,0.5230135658914729,1.6449575907345642
280120-07,185,0,6681,0.8626915766383932,0.6659025216784611,1.977338099607
280120-07,186,0,7937,0.7894717881462456,0.6578532946539577,1.6292300853405242
280120-07,187,0,7013,0.8711335160282062,0.3899360578259661,2.036468146169826
280120-07,188,0,6729,0.6631213664123449,0.6910752798603266,1.3359841170824438
280120-07,189,1,9085,0.799772784146209,0.7131083202511774,1.6658258826287191
280120-07,190,1,7334,0.72578974581387,0.8176142697881829,1.453664592324904
280120-07,191,0,6457,0.8433741120677734,0.7080043859649123,1.8610647568557328
280120-07,192,0,4095,0.8017165580620973,0.6112852664576802,1.673067798990524
280120-08,1,1,11112,0.5920330666558293,0.7597948717948718,1.2408276888280048
280120-08,2,1,12372,0.3257969949498105,0.7674937965260545,1.0577088614746168
280120-08,3,1,13804,0.5493518035079187,0.7624834290764472,1.196757506782648
280120-08,4,1,9992,0.5328151772549891,0.7800156128024981,1.1817095389535526
280120-08,5,1,13503,0.4809186672473969,0.7811523776466505,1.1405562028194547
280120-08,6,1,5333,0.9079025346372104,0.7315500685871056,2.385602430078004
280120-08,7,1,9791,0.4104797266198211,0.7600527868343425,1.096647880051329
280120-08,8,1,12931,0.4301800591197866,0.7724611708482676,1.1077348500950264
280120-08,9,1,10529,0.4227046186533761,0.7769332939787486,1.1034269523107885
280120-08,10,1,11961,0.5925527590783125,0.7752284658759478,1.2414161613854868
280120-08,11,0,17911,0.5706401137742229,0.8888833746898263,1.2177297712969493
280120-08,12,1,11639,0.2433761733299142,0.7390779781559563,1.0310001367560535
280120-08,13,1,11348,0.6887593989761714,0.8428401663695781,1.3793293828902202
280120-08,14,1,12057,0.3590929969378499,0.7475818452380952,1.0714647902872647
280120-08,15,1,10518,0.6449026595287443,0.7377946127946128,1.3084471597006375
280120-08,16,0,9635,0.5598025379880107,0.653663500678426,1.2068170062234156
280120-08,17,1,13598,0.5071057634280957,0.8123058542413382,1.160249165395194
280120-08,18,1,11557,0.4991967738393723,0.7839506172839507,1.1540832066608897
280120-08,19,1,13193,0.602528361593352,0.7756025867136979,1.2529797877240272
280120-08,20,1,10723,0.3831258655672178,0.7515419119708439,1.0826070929769631
280120-08,21,1,14330,0.182227885967552,0.7691069128381279,1.0170288013058988
280120-08,22,1,6317,0.2347320911017787,0.8067688378033205,1.028742971845983
280120-08,23,1,10387,0.5854380816700977,0.7215198666296193,1.2334758603055904
280120-08,24,1,9893,0.6272145953452053,0.7481094978826376,1.2839500669340251
280120-08,25,1,6266,0.7222721168817847,0.7697788697788698,1.445903712356174
280120-08,26,1,13638,0.4143682132891448,0.7900590893291624,1.098769095438628
280120-08,27,1,13530,0.3999531908865217,0.7177718832891247,1.0910651329731893
280120-08,28,1,10334,0.4664236924447928,0.7753601440576231,1.1305037231598103
280120-08,29,1,15766,0.2607310486636115,0.7603568844948155,1.0358277518363233
280120-08,30,0,12826,0.542990624689554,0.7474358974358974,1.190846546746385
280120-08,31,1,9786,0.5199669550125624,0.773963935463461,1.1707046934747558
280120-08,32,1,9704,0.604532287492139,0.758125,1.255365686621301
280120-08,33,1,11799,0.7874623995082344,0.7351401869158879,1.6224213621399386
280120-08,34,1,10527,0.6309851053400259,0.784660107334526,1.2890004070265677
280120-08,35,0,17297,0.4355769132481388,0.7589066339066339,1.1109240851980735
280120-08,36,1,11386,0.2809672236535686,0.7776791202786695,1.0419734364056374
280120-08,37,1,11124,0.68227352377904,0.7410071942446043,1.3678075353190586
280120-08,38,1,12397,0.5205274575583956,0.7410927785748446,1.1711728486947497
280120-08,39,1,9747,0.430317332073158,0.7390249450299492,1.1078151396798577
280120-08,40,1,11146,0.6968825403576827,0.7510781671159029,1.394339829282086
280120-08,41,1,5887,0.7967929079218918,0.7109903381642512,1.6549373481287504
280120-08,42,1,13774,0.4132368819512096,0.7557750342935529,1.098148606154436
280120-08,43,1,9090,0.7943075400556018,0.7048697270471465,1.646047535622777
280120-08,44,0,10155,0.4849623516358472,0.6884745762711865,1.1434647744017052
280120-08,45,1,10090,0.53684344962331,0.8095964053598652,1.1852808819842633
280120-08,46,0,7994,0.9440402255945356,0.5342154504143277,3.031861784857675
280120-08,47,1,12426,0.8995344570381957,0.7503623188405797,2.289116227949165
280120-08,48,1,8636,0.4660871660509674,0.7763394462423588,1.1302770874123294
280120-08,49,1,9950,0.6474167437564298,0.7757074920090434,1.31210146378848
280120-08,50,1,13108,0.3174598138226665,0.7881192881192881,1.0545500539854409
280120-08,51,1,12267,0.5675693822010723,0.7204016913319239,1.214586349356137
280120-08,52,1,7776,0.7256148886578766,0.7465437788018433,1.453274955569019
280120-08,53,1,14043,0.3538201084068205,0.7488401855703087,1.0691602410149492
280120-08,54,1,8873,0.4870258689818043,0.7752730449978157,1.1449670953764028
280120-08,55,1,19607,0.8376753572251505,0.6287317620650954,1.8309368955158096
280120-08,56,1,11351,0.6746346553478219,0.7843421779988944,1.3547348908462378
280120-08,57,1,12342,0.6153724645560165,0.7846153846153846,1.268654826679855
280120-08,58,1,10139,0.712324133399308,0.7630766915029729,1.4248045592287004
280120-08,59,0,17523,0.6368478616927402,0.6752601156069364,1.2970345338991804
280120-08,60,1,13608,0.2576830010701798,0.6897810218978102,1.0349507927377806
280120-08,61,1,11584,0.6007095011892037,0.7182094364188728,1.2508327697677466
280120-08,62,0,10951,0.8915354552641265,0.6337384259259259,2.2077447365772884
280120-08,63,1,8759,0.7629006408066772,0.6655269356431882,1.5467527330605706
280120-08,64,1,9407,0.5621679707256967,0.7499800685641393,1.209156099465659
280120-08,65,1,12278,0.6673262616045708,0.710861509958314,1.3427045029080094
280120-08,66,1,22966,0.5002235929015278,0.5948199948199948,1.1548727372723495
280120-08,67,1,6942,0.5723861472373327,0.6615208690680389,1.2195356842413212
280120-08,68,0,17668,0.6029592693339152,0.7170454545454545,1.2534910161404689
280120-08,69,0,4520,0.909478236022656,0.7718579234972678,2.405282765561078
280120-08,70,1,11660,0.772469671293939,0.6631028207461328,1.574675050659643
280120-08,71,1,12628,0.713817445866102,0.7218887555022009,1.4278945717582257
280120-08,72,1,12861,0.670038048791701,0.7741061755146262,1.3471156622949494
280120-08,73,1,14484,0.5548779840933792,0.7758315924795115,1.202021692325402
280120-08,74,1,15106,0.7829449215440825,0.6801134572959344,1.6074817856051462
280120-08,75,1,16525,0.5325421147665844,0.7524360258628541,1.1814695853593724
280120-08,76,0,13393,0.7424030304593829,0.6307040263715564,1.492640827017106
280120-08,77,1,9084,0.5063736808506674,0.7537963654468509,1.1596701719675129
280120-08,78,1,11740,0.835600578031278,0.7828754334489197,1.8203745870401649
280120-08,79,0,13741,0.8213680826449175,0.6581569115815691,1.7531602258803984
280120-08,80,1,11675,0.6817696809856423,0.6754020594700914,1.366929019486589
280120-08,81,0,10184,0.5724731674601833,0.7729204614450516,1.2196260438040163
280120-08,82,1,10758,0.6735219822501548,0.7698583082868183,1.352873895473612
280120-08,83,1,11699,0.5419248780407465,0.754579463364293,1.1898714367246137
280120-08,84,0,6131,0.7052384087987592,0.6664130434782609,1.410496460859625
280120-08,85,1,10276,0.8531200028110318,0.6651132686084142,1.9167563039733164
280120-08,86,1,12754,0.627468697318364,0.7530703826169107,1.2842876089135724
280120-08,87,0,11062,0.5626448360926549,0.7472809565628589,1.2096305038372692
280120-08,88,1,7774,0.5189175744288023,0.6928698752228164,1.169831066485424
280120-08,89,0,13568,0.8553290267812926,0.8295426754707752,1.9301845227143797
280120-08,90,1,12410,0.793432262321129,0.6659869056563271,1.6429572545530269
280120-08,91,0,12600,0.561461344811603,0.6818181818181818,1.20845488345149
280120-08,92,1,9838,0.8647382737420491,0.6408285565398645,1.9911482422217244
280120-08,93,0,4644,0.6657759228776511,0.6865759905381431,1.34020996685267
280120-08,94,0,10617,0.3142283306821651,0.7756428988895383,1.0533551374276209
280120-08,95,0,8191,0.7652905098042094,0.6837799482427581,1.5535548163530113
280120-08,96,1,9361,0.7148637349167097,0.599142345110087,1.4300754907865485
280120-08,97,1,4893,0.8593274370478539,0.7339133043347833,1.9553178321450724
280120-08,98,1,9740,0.6947061869034745,0.6957142857142857,1.390252839953461
280120-08,99,0,19376,0.4925887546974736,0.7530509133307424,1.1490789620391844
280120-08,100,0,4458,0.4959888181261605,0.6795731707317073,1.151637347211089
280120-08,101,0,4115,0.8442480446257724,0.6814042059943699,1.8658364816042363
280120-08,102,1,12806,0.726507647070765,0.7462703962703963,1.455268580852371
280120-08,103,0,4213,0.8892558559290242,0.6067108294930875,2.186221827551964
280120-08,104,1,11282,0.5372903337028169,0.6771908763505402,1.185680740937682
280120-08,105,1,10422,0.4156863864556173,0.7559843319309444,1.0994955341275865
280120-08,106,1,12950,0.7674936205402765,0.6904825379898694,1.5599247035829178
280120-08,107,0,6539,0.8180016694522976,0.5171622904144259,1.7384778392950433
280120-08,108,0,10065,0.6321325801404566,0.7214019495412844,1.290555303253153
280120-08,109,1,11617,0.8063129347113548,0.6574419920769666,1.690647998327118
280120-08,110,0,10848,0.7868417845822726,0.7116242456048282,1.6203391012924206
280120-08,111,0,9923,0.5796528164892389,0.6317163228927934,1.2271993201379106
280120-09,1,1,13013,0.3255880599888114,0.7883799830364716,1.0576283481520454
280120-09,2,1,10469,0.6761283507174711,0.7669597069597069,1.3572501476397507
280120-09,3,1,10670,0.5288340404743732,0.7796857873584216,1.1782375918371286
280120-09,4,1,13596,0.2573961643009088,0.762962962962963,1.0348689111279747
280120-09,5,1,7537,0.4567774308613426,0.7537753775377538,1.1241247119802589
280120-09,6,1,9365,0.6647574791572016,0.8254010223867442,1.338581947919243
280120-09,7,1,12007,0.6364122236633639,0.7812479666861865,1.2964298008279005
280120-09,8,0,4647,0.8170042730823046,0.8071912454403335,1.7342094614159531
280120-09,9,1,10455,0.5144668631772297,0.7798165137614679,1.16616680426966
280120-09,10,1,9835,0.652091491952327,0.7489339019189766,1.3190171062942584
280120-09,11,1,9932,0.4238744278091401,0.7923414439569206,1.1040928020982907
280120-09,12,1,10045,0.4113219568105093,0.7669109787753856,1.097104590218568
280120-09,13,1,13048,0.4217281982887343,0.7722537878787878,1.1028735055378092
280120-09,14,1,9648,0.5839269836058214,0.7096204766107679,1.231821118949506
280120-09,15,1,8777,0.3164854481558176,0.7885893980233603,1.0541880430770376
280120-09,16,1,10211,0.6605610909900866,0.7700603318250377,1.3319617695295265
280120-09,17,1,11411,0.2540097404523243,0.785989805758369,1.033910549381542
280120-09,18,1,12309,0.7024720520484936,0.747631195335277,1.4050640463242796
280120-09,19,1,8282,0.7922462331193485,0.7890625,1.638802841883014
280120-09,20,1,10725,0.5418590307606178,0.7704741379310345,1.1898113307348273
280120-09,21,1,11233,0.3285534691842113,0.7612496611547845,1.058777647240888
280120-09,22,1,9994,0.6222321895943804,0.761447619047619,1.2774120781054277
280120-09,23,1,11580,0.1202160897503411,0.7844465519577293,1.0073052310691548
280120-09,24,1,11724,0.4051099465057901,0.7823301748298412,1.0937712209849504
280120-09,25,1,9288,0.5483273582571286,0.7793253901661352,1.1957949453585446
280120-09,26,1,10506,0.7527021346608112,0.758008658008658,1.518923000126822
280120-09,27,1,7689,0.2964400813638185,0.7540453074433657,1.047064005508128
280120-09,28,1,10693,0.7554029941096501,0.7135802469135802,1.5261106192392102
280120-09,29,1,12815,0.2769158892958472,0.7300330409023584,1.0406973418243923
280120-09,30,1,9930,0.3342856409325722,0.7709627329192547,1.061039694480405
280120-09,31,1,14614,0.3410381208522499,0.7844337090713902,1.0637738068726847
280120-09,32,1,8686,0.610803366123217,0.765353775663054,1.26297338323936
280120-09,33,1,15075,0.4013097427646892,0.7582997987927566,1.0917717029963097
280120-09,34,0,10265,0.7420854243054964,0.7645612989721436,1.4918574700745055
280120-09,35,1,8989,0.4705849145577048,0.7497080900750626,1.1333310585207754
280120-09,36,1,11468,0.4587736476235149,0.7846195949644226,1.125425051669535
280120-09,37,0,4137,0.8291112559940106,0.8484413453650533,1.7886411166205671
280120-09,38,0,10668,0.751176179479443,0.7454926624737945,1.5149179183116055
280120-09,39,1,11062,0.4667243490607533,0.784705965808328,1.1307064560070192
280120-09,40,0,10693,0.493085711580571,0.7839442815249267,1.1494507390841333
280120-09,41,1,10609,0.5641797178750421,0.755842120262183,1.211164007013598
280120-09,42,1,10208,0.6872414544957437,0.7715214269518554,1.3765969056915217
280120-09,43,1,11027,0.6312991426197223,0.7972093695777906,1.289425106901377
280120-09,44,1,11101,0.3249484215113745,0.7711169769380384,1.0573822978422869
280120-09,45,1,13779,0.4302898468671425,0.7299745708836618,1.1077990604072554
280120-09,46,1,10978,0.7628829573137982,0.7037179487179487,1.546702813282094
280120-09,47,1,9856,0.5673409793930062,0.7621404268481287,1.2143541860084537
280120-09,48,1,12095,0.1673313651977848,0.7806247579708274,1.014300920645065
280120-09,49,1,10658,0.3579469265876457,0.766321541558815,1.0709597207580164
280120-09,50,0,5273,0.8186579160771572,0.8213395638629284,1.7413063760467078
280120-09,51,1,11614,0.5102474606650755,0.755775362790395,1.1627533372893228
280120-09,52,1,9538,0.2157809204163719,0.7882644628099174,1.024126575761937
280120-09,53,1,13234,0.4892709806834538,0.7976133076181292,1.1466156602639166
280120-09,54,1,12212,0.7264506673826864,0.7753650793650794,1.4551410205379611
280120-09,55,0,9945,0.3996618167497748,0.7404511949966496,1.0909138591982943
280120-09,56,1,9271,0.8874008901728739,0.6311955337690632,2.169204235057015
280120-09,57,1,7899,0.5329787770010584,0.762819893771125,1.181853431210188
280120-09,58,1,9508,0.3966081681123787,0.7585161547666533,1.0893388630861525
280120-09,59,0,11117,0.7579554965602335,0.7283149895178197,1.5330222189352942
280120-09,60,1,8550,0.5138600907172479,0.7609469562121751,1.1656723423787203
280120-09,61,1,11162,0.3460223504829995,0.768732782369146,1.065840972910598
280120-09,62,1,12187,0.593769816265795,0.7073949384722544,1.2427996050208892
280120-09,63,1,10137,0.4709298814437914,0.7542410714285714,1.1335675311295608
280120-09,64,1,11448,0.497512292425709,0.7629965342575313,1.1527949915993398
280120-09,65,1,13329,0.4781667101168071,0.7413236929922136,1.138603202042388
280120-09,66,1,10473,0.6616709437514526,0.7386796445196784,1.3336990396540442
280120-09,67,1,12003,0.2618648871022801,0.786978756884343,1.0361571771558262
280120-09,68,1,8344,0.9057384704668328,0.6280295047418335,2.35939746366836
280120-09,69,1,10657,0.6080280977656943,0.8457936507936508,1.259579881140419
280120-09,70,1,10288,0.3678303513825192,0.8594820384294068,1.0753926439396218
280120-09,71,1,10828,0.5200358411800389,0.7734285714285715,1.1707621726590751
280120-09,72,1,13352,0.6880464367444028,0.6981437908496732,1.3780431920688467
280120-09,73,1,12557,0.286349521484797,0.7847144106986627,1.0437049054889151
280120-09,74,1,12028,0.3659362299857666,0.733325204243385,1.074529439276683
280120-09,75,1,12304,0.5348387943353704,0.7839938830126163,1.1834962122937949
280120-09,76,1,9148,0.2149471513879158,0.791760429288558,1.0239337534963302
280120-09,77,1,7558,0.6045747625543776,0.7879482902418682,1.2554164915570316
280120-09,78,0,11425,0.322899919686455,0.7145090681676047,1.0565987007021034
280120-09,79,0,10213,0.5219096944249986,0.7833256634453137,1.1723319187398773
280120-09,80,1,11377,0.8868951639256312,0.5423817696414951,2.164639240119743
280120-09,81,1,18316,0.7467765908544632,0.6260596117035822,1.5035898755499135
280120-09,82,1,9481,0.7580879796918796,0.6649133880356266,1.5333841629313687
280120-09,83,1,10385,0.3733032472488107,0.7600263466042154,1.077923783343426
280120-09,84,1,8716,0.7397563256666667,0.8048757964724351,1.486160440644361
280120-09,85,1,12011,0.3929871454813486,0.7824245977460752,1.087495582713321
280120-09,86,1,10543,0.476350692161854,0.7453517143867091,1.1373259989054598
280120-09,87,1,11144,0.5533804281583115,0.7427352705945082,1.2005830567730078
280120-09,88,1,13239,0.6630619099931039,0.6908986535852207,1.3358901165423076
280120-09,89,1,9133,0.3054942781344187,0.729007024265645,1.0502062525395948
280120-09,90,1,7825,0.7002208460960148,0.7313084112149533,1.4007047999653872
280120-09,91,0,4729,0.8049774372369815,0.7633575464083938,1.6854725414818237
280120-09,92,0,8719,0.4209854281308315,0.7632177871148459,1.102453907279471
280120-09,93,1,8446,0.4233759712364283,0.7661465892597968,1.103808710622303
280120-09,94,0,6191,0.7039726610799262,0.6280178535199837,1.4080003998183457
280120-09,95,1,13567,0.5268254964007334,0.6873543418786098,1.1765073118418568
280120-09,96,0,10412,0.4569860487343045,0.794930523744083,1.1242601302530475
280120-09,97,1,7991,0.742543784915219,0.7271817271817271,1.4929884918136065
280120-09,98,0,6358,0.5909280254882335,0.6816037735849056,1.2395808842518714
280120-09,99,1,10014,0.5723963037349793,0.7269163763066202,1.2195462287442045
280120-09,100,1,13641,0.8601997665375078,0.5898045658941543,1.9609488199976948
280120-09,101,1,12594,0.7417351110066935,0.6785560344827586,1.490995259426812
280120-09,102,0,4057,0.5230883371911967,0.7748281130634072,1.173325426446772
280120-09,103,0,4795,0.8014527118966003,0.490486906710311,1.6720782088875177
280120-09,104,1,8778,0.7135843435294197,0.659009009009009,1.4274104769822964
280120-09,105,1,9628,0.7102764177154299,0.6402447133927384,1.420610181964554
280120-09,106,1,9607,0.4989686690475954,0.6520293199402742,1.1539082544059995
280120-09,107,1,10253,0.5630670937675889,0.7330902330902331,1.2100513851402124
280120-09,108,0,9904,0.7951228093604643,0.5846517119244392,1.648944780188078
280120-09,109,0,5506,0.9014412285046072,0.5287621242677423,2.309994288299955
280120-09,110,1,8065,0.539555755120577,0.7717703349282297,1.1877191661243662
280120-09,111,1,11519,0.8105126325769807,0.7265216020182907,1.7072970473731015
280120-09,112,0,6886,0.6676406939706683,0.5345443254153082,1.343212844539351
280120-09,113,1,7459,0.5751734773636749,0.8097047329570126,1.222446871374809
280120-09,114,1,9797,0.5086112210347667,0.8252190026954178,1.1614451791168692
280120-09,115,0,24828,0.8888458523951606,0.6262106537530266,2.1824228761639337
280120-09,116,0,5655,0.9502737681089238,0.579405737704918,3.21114143744092
280120-09,117,0,4506,0.6084019373212486,0.7163751987281399,1.2600345075022366
280120-09,118,0,5191,0.9319353193888656,0.6527917505030181,2.757673230894347
280120-09,119,0,4194,0.6548711320028625,0.5363171355498721,1.3232054057837472
280120-09,120,1,7429,0.7496212905769718,0.4889430038172963,1.5108775715946985
280120-09,121,0,4755,0.889627945063793,0.5413251366120219,2.1896882317539035
280120-09,122,1,21124,0.936268047197688,0.5212198973549151,2.846679984333736
280120-09,123,1,19067,0.8201385012740361,0.6728896103896104,1.747747452813356
280120-09,124,0,6608,0.6684414644190954,0.6296931579950448,1.344511144427232
280120-09,125,1,4870,0.5044237538057169,0.7015269374819937,1.1581362840183664
280120-09,126,0,6576,0.8632501746344845,0.7070207504569401,1.981075488213115
280120-09,127,0,4980,0.9124873481985066,0.437956204379562,2.444360699987321
280120-09,128,0,4951,0.5949248176342711,0.543230195303928,1.2441194335597046
280120-09,129,0,5001,0.6484572374739358,0.701009251471825,1.3136270312188516
280120-09,130,0,4205,0.6305386043316692,0.6118143459915611,1.2883976499449754
280120-10,1,1,7290,0.5556057693056917,0.7923913043478261,1.2027241220995015
280120-10,2,1,5895,0.7950486110562442,0.7766798418972332,1.6486803434539323
280120-10,3,1,6238,0.5545914008768584,0.7891208096141682,1.2017456832317606
280120-10,4,1,11649,0.3892298792176831,0.7701818181818182,1.085610539083568
280120-10,5,1,16883,0.4908996989396559,0.8002180301450375,1.1478208504421274
280120-10,6,1,9304,0.5512598279758464,0.7431903506669861,1.198561303272624
280120-10,7,1,10966,0.3839869521572518,0.7620040302967133,1.083026408493608
280120-10,8,1,10951,0.6788622911232104,0.6900441083805923,1.361904987765442
280120-10,9,1,13010,0.5786485527556536,0.742579908675799,1.2261257893312254
280120-10,10,1,12265,0.4923954753444108,0.7823064166347748,1.1489345669251632
280120-10,11,0,7312,0.64757925024501,0.7213179441649403,1.3123392186605722
280120-10,12,1,11690,0.6392335512716545,0.7542908762420958,1.3003687138849032
280120-10,13,0,17055,0.2646827040310496,0.7946603298853788,1.036983436840579
280120-10,14,1,12596,0.5516766801048488,0.7762849747319117,1.1989573062859036
280120-10,15,1,11863,0.6318170593951704,0.7552202699261523,1.2901269113348075
280120-10,16,1,13681,0.4354993093698215,0.7620877896613191,1.1108777473817135
280120-10,17,1,11109,0.607816244405662,0.7782681799075242,1.2593225884789156
280120-10,18,0,20970,0.528323910839221,0.7907239819004525,1.1777967880754343
280120-10,19,1,10082,0.59002398130702,0.6890377255330782,1.238565378048028
280120-10,20,1,7952,0.7616847870493885,0.7634408602150538,1.5433343226347749
280120-10,21,1,10941,0.2130104578776433,0.7174426229508196,1.0234891587733863
280120-10,22,1,10981,0.5258998430706049,0.7728744369369369,1.1757146676629024
280120-10,23,1,9612,0.4897039347802282,0.7606837606837606,1.1469352689565364
280120-10,24,1,10490,0.7070089934716683,0.7111864406779661,1.414018041021693
280120-10,25,1,11491,0.6788164909789722,0.7509966668845174,1.361826457557492
280120-10,26,0,18452,0.2275136799007009,0.7309170132699544,1.026931394551297
280120-10,27,0,8344,0.7967755593693838,0.8272033310201249,1.654874697708845
280120-10,28,1,8407,0.4842356613882587,0.765037765037765,1.1429386355219455
280120-10,29,1,13960,0.7595036296042581,0.7446127586942607,1.5372717746228104
280120-10,30,1,8533,0.7761373646356303,0.684666613174998,1.5858821782608277
280120-10,31,1,9693,0.6776362835523604,0.7777421166653293,1.35980933361535
280120-10,32,1,6634,0.7533137628819341,0.7312610229276896,1.5205395430143045
280120-10,33,1,9471,0.3295980967812519,0.7621921776919363,1.0591858940872354
280120-10,34,1,9489,0.5283587263805376,0.7613736660515125,1.1778268429865468
280120-10,35,1,8564,0.5932056629166119,0.7419215108723902,1.2421573973144855
280120-10,36,0,17262,0.4652072861062282,0.7776726584673604,1.129685941900859
280120-10,37,1,9239,0.4675376537490561,0.7585385878489327,1.131256070460773
280120-10,38,1,6930,0.6564764431661498,0.7252747252747253,1.3256507016930656
280120-10,39,0,17230,0.6448838791361657,0.7558343569047201,1.308420029839578
280120-10,40,1,8605,0.907516062902565,0.5914089347079038,2.3808538854595414
280120-10,41,1,8895,0.637971349940048,0.6870317448057465,1.298599941493353
280120-10,42,1,12449,0.6643661740076684,0.7047667572463768,1.3379586690046767
280120-10,43,1,8345,0.8903380203833415,0.7176642586859305,2.1963534194259537
280120-10,44,1,8631,0.6081433253044197,0.6811079545454546,1.259719927123098
280120-10,45,0,8510,0.5702319298568671,0.7434911759566661,1.2173095377215437
280120-10,46,0,9607,0.543313923610095,0.6728533408040341,1.1911432043757757
280120-10,47,1,7671,0.6680007224173131,0.820427807486631,1.3437959054312352
280120-10,48,1,9544,0.5565945988457831,0.7623612109593418,1.2036819579648916
280120-10,49,1,9085,0.7658138130685482,0.7704375848032564,1.555059130063437
280120-10,50,0,12155,0.2272611209863854,0.6726618705035972,1.026869205498785
280120-10,51,1,7791,0.658228912101362,0.7736842105263158,1.3283425919299818
280120-10,52,1,7066,0.7718301883146282,0.7292053663570691,1.5727506001193172
280120-10,53,1,8805,0.2979735469862283,0.7911051212938005,1.047587579601862
280120-10,54,1,7595,0.8545732269658382,0.7923839332290037,1.925554536095735
280120-10,55,1,8912,0.3781735342917642,0.7716017316017316,1.080223064781586
280120-10,56,1,13703,0.6150255895651409,0.782134703196347,1.2682193194352287
280120-10,57,1,9508,0.4509549519108936,0.7380841484241577,1.1203895411375189
280120-10,58,0,4139,0.8900708550760602,0.805880062305296,2.1938378872234856
280120-10,59,0,5478,0.8657548265999747,0.7642299107142857,1.9981283098250076
280120-10,60,0,11876,0.565298737462367,0.7764628963713632,1.2122883502950998
280120-10,61,1,7760,0.9198797201210006,0.6835799859055673,2.549715714174412
280120-10,62,1,11307,0.7103615894865467,0.7188632462330726,1.4207836635682576
280120-10,63,1,7717,0.7594906186829847,0.6826183104820875,1.5372358765668566
280120-10,64,1,16000,0.4761886390073084,0.8080808080808081,1.1372124716126195
280120-10,65,1,7346,0.8642963398045761,0.7086629365232491,1.9881390049516408
280120-10,66,1,9373,0.5253679595366012,0.7417695473251029,1.1752605649926493
280120-10,67,1,9866,0.79188097269246,0.6979343520090548,1.6375309886444769
280120-10,68,1,11685,0.6122765546464946,0.7573400738868364,1.2647922594837704
280120-10,69,1,9060,0.4332072503754561,0.7938315955489355,1.1095154615055125
280120-10,70,1,15230,0.6737751060712617,0.5991345397324941,1.3532963127881663
280120-10,71,1,8456,0.909251415633626,0.6923769753541309,2.402417650025346
280120-10,72,1,8288,0.9376783214551874,0.3914049586776859,2.8776607205987164
280120-10,73,0,7295,0.7831185177971353,0.6784784226190477,1.60804670537602
280120-10,74,0,9962,0.9104179159899024,0.5711828450203543,2.4172703668296744
280120-10,75,0,7091,0.9475768571553022,0.5437466451959205,3.129616842916204
280120-10,76,1,8474,0.4573084200902909,0.791075429424944,1.1244696062842316
280120-10,77,1,12258,0.4857253991035159,0.7845622119815668,1.1440188704640075
280120-10,78,1,6825,0.8521562266013745,0.6541115583668775,1.9109955369468847
280120-10,79,1,9120,0.5125322949899282,0.7503702484778674,1.164594534123246
280120-10,80,1,7329,0.8526200136967601,0.703021582733813,1.9137604201937928
280120-10,81,1,10971,0.3154817084567446,0.6856017997750281,1.0538166700710767
280120-10,82,1,8613,0.7136892863768864,0.7195488721804512,1.427628336304567
280120-10,83,1,6904,0.8862378551921051,0.4634801288936627,2.1587526616011274
280120-10,84,1,8582,0.3937930911793531,0.7367788461538461,1.0879035788783211
280120-10,85,1,9484,0.373413868657157,0.7848394571333995,1.0779755155162878
280120-10,86,1,9207,0.6802034432526718,0.7417821463100226,1.3642129666458518
280120-10,87,0,5181,0.4742605218353732,0.781447963800905,1.1358672741363636
280120-10,88,1,8618,0.8792054985892906,0.6778354569765612,2.098888074416612
280120-10,89,1,8052,0.6828147101967926,0.719378182792817,1.368753779180497
280120-10,90,1,7572,0.532784706672919,0.7584134615384616,1.1816827495913145
280120-10,91,1,14432,0.7882502052963117,0.6332046332046332,1.6250785548860955
280120-10,92,1,8628,0.8513451879445046,0.6779288127602734,1.906192748662057
280120-10,93,1,9123,0.6628360847835518,0.6997238840312932,1.335533344557256
280120-10,94,1,10095,0.6277579748155411,0.6933379120879121,1.284672367944982
280120-10,95,0,7577,0.941862265077347,0.4923326835607537,2.9761974144460104
280120-10,96,1,5986,0.9522569421263974,0.7151732377538829,3.2754908934268108
280120-10,97,0,8286,0.7297430709515889,0.7079630895420369,1.4625838764599015
280120-10,98,0,7252,0.8768547562481713,0.7295774647887324,2.080059920987527
280120-10,99,0,7501,0.467752752657246,0.6705104138732457,1.1314017240957328
280120-10,100,1,7902,0.5514651808250856,0.6719387755102041,1.1987562988184757
280120-10,101,0,7141,0.7329551825997666,0.6935703185703186,1.4699895839269543
280120-10,102,1,7356,0.8084314866486911,0.7265185185185186,1.6989746759829778
280120-10,103,0,9275,0.7779537451469565,0.6303092082908597,1.5915417825866944
280120-10,104,1,10241,0.6784735554248418,0.7172573189522342,1.3612390501460585
280120-10,105,1,10125,0.5317807049145821,0.7333767926988266,1.180801916308094
280120-10,106,1,14025,0.7484732252907645,0.7412398921832885,1.5079203279923872
280120-10,107,1,9228,0.5807945793862548,0.6909254267744834,1.2284255368974293
280120-10,108,1,7747,0.8564086289210971,0.6389278350515464,1.936863609715192
280120-10,109,1,7657,0.6651983268992046,0.6326007931262393,1.3392856244660194
280120-10,110,1,7691,0.4415256490635689,0.6991818181818181,1.11451828212891
280120-10,111,1,6274,0.7457814269914967,0.6971111111111111,1.5010716658012808
280120-10,112,1,7737,0.9549411603493814,0.6856003544528134,3.3693269279408957
280120-10,113,1,6919,0.7159279700920199,0.6788657770800628,1.4323074008713743
280120-10,114,1,5699,0.4689357097849481,0.8273809523809523,1.1322049671731784
280120-10,115,1,9347,0.4371252095105249,0.7756202804746494,1.1118515273564182
280120-10,116,0,8776,0.7872982495951171,0.6133631534805704,1.6218696727615045
280120-10,117,1,6099,0.8112791824297825,0.6769145394006659,1.7103988564636958
280120-10,118,1,6945,0.8817177654341964,0.6703667953667953,2.119644346786196
280120-10,119,0,16329,0.9463036995418018,0.5220268542199489,3.093303361057264
280120-10,120,1,15387,0.5146643935976896,0.754264705882353,1.166328034637398
280120-10,121,0,7615,0.8371403725316421,0.6973443223443223,1.8281932910525616
280120-10,122,1,9797,0.4278559888842886,0.7547765793528506,1.10638204225432
280120-10,123,1,7226,0.7809104707648082,0.6244922651456227,1.6009145260293978
280120-10,124,1,15149,0.8748372553873043,0.6177717967539352,2.064337365480961
280120-10,125,1,9742,0.9441628908778282,0.5584728273331805,3.0350944650078038
280120-10,126,1,12696,0.8957236588028923,0.5803355121817434,2.249156071709306
280120-10,127,0,9856,0.842698310061484,0.6841593780369291,1.8574031897028835
280120-10,128,1,7577,0.6680325567439852,0.7320772946859904,1.3438475123472309
280120-10,129,1,7233,0.933910739749266,0.610379746835443,2.797153771254148
280120-10,130,1,8035,0.3751050675155769,0.7502334267040149,1.078769247031554
280120-10,131,0,13197,0.6710109776391109,0.4966506096643083,1.3487133152965685
280120-10,132,1,9480,0.706261861026196,0.7617517075130574,1.4125277507980696
280120-10,133,0,7902,0.7536395382658896,0.710739341608203,1.5214032195503842
280120-10,134,1,12840,0.6323438625789873,0.6627096774193548,1.290842526092863
280120-10,135,1,7817,0.924246921286165,0.5127246490882854,2.6192047873602995
280120-10,136,1,6819,0.495011623494744,0.7837931034482759,1.1508985010015054
280120-10,137,0,6298,0.5232322884726199,0.6870295625613614,1.1734470935923054
280120-10,138,0,9822,0.6561765142437059,0.6615477874318044,1.3251923484537869
280120-10,139,1,6920,0.8836170680974813,0.6592987804878049,2.135792438529526
280120-10,140,0,11856,0.7604995578668468,0.608,1.540028932823189
280120-10,141,0,4157,0.8681533768231996,0.541558103178739,2.0149265977763804
280120-10,142,0,18696,0.7943161251402097,0.6568989143037841,1.646077949708592
280120-10,143,0,6297,0.8163484195901751,0.5410258613282928,1.731422611207857
280120-10,144,0,7178,0.6731729341057832,0.7016617790811339,1.352292306198065
280120-10,145,0,7205,0.9454742791308808,0.4230769230769231,3.0703405282959504
280120-10,146,1,9759,0.6916424787130713,0.6834033613445378,1.3845812176228376
280120-10,147,0,18186,0.7217260872419367,0.6699823165340407,1.444713472519197
280120-10,148,0,5028,0.5776312003306955,0.5204968944099378,1.225043025197916
280120-10,149,0,15321,0.7975583350722439,0.6460740490849287,1.657709984304333
280120-10,150,0,4041,0.7110514305767573,0.5554639175257732,1.4221918771310649
280120-10,151,0,14248,0.7177650155020375,0.7080103359173127,1.436192651708059
280120-10,152,0,4141,0.8523176154398614,0.4213471713471713,1.911956131725616
280120-10,153,0,5389,0.9495501184494444,0.3602272727272727,3.1886196810410383
280120-10,154,0,4386,0.8651909103383577,0.5265306122448979,1.9942461708294748
280120-11,1,1,11349,0.5337048477580689,0.7404580152671756,1.1824932072549004
280120-11,2,0,10600,0.4117087362940625,0.7949602519874006,1.0973148316889447
280120-11,3,1,11315,0.440178292238487,0.7808833678398895,1.1136968783765964
280120-11,4,1,10852,0.2264886809001356,0.7861489423355549,1.0266795015869747
280120-11,5,1,9862,0.4617753109720158,0.7597842835130971,1.1273996119639142
280120-11,6,1,12586,0.4639770059806131,0.7871169480925578,1.1288628010168245
280120-11,7,1,9602,0.4282404504854349,0.7793198604009415,1.106604984449694
280120-11,8,1,9594,0.4775568019411442,0.7884615384615384,1.1381732323199043
280120-11,9,1,10425,0.6615415963176342,0.7760738479863024,1.333496069680197
280120-11,10,1,10889,0.3395143122735525,0.7562330717410931,1.0631501756467916
280120-11,11,1,13550,0.3154567917901181,0.7780648865920183,1.0538074711587146
280120-11,12,1,10515,0.5630699485469959,0.8076036866359447,1.2100542331847493
280120-11,13,1,10384,0.4288787893711258,0.7599531615925058,1.106975886058469
280120-11,14,1,9990,0.4116067792249648,0.7894736842105263,1.0972593800388946
280120-11,15,1,10561,0.4798752220825832,0.7751192660550459,1.1398131915531886
280120-11,16,1,10590,0.4306089223021153,0.7681706078630495,1.1079858308972823
280120-11,17,1,8573,0.4244869629426859,0.7865137614678899,1.1044426707507178
280120-11,18,1,11641,0.575322731064912,0.7727182210421507,1.2226037464252102
280120-11,19,1,10108,0.3978408854203806,0.7588588588588588,1.0899723932182777
280120-11,20,1,10296,0.4371012522613119,0.7857142857142857,1.1118371339741235
280120-11,21,1,12059,0.5918497979875768,0.7671119592875318,1.2406204874693405
280120-11,22,1,12162,0.5285114356320519,0.7532515793385358,1.1779587215685317
280120-11,23,1,7074,0.673759411703728,0.7586872586872587,1.353270105637722
280120-11,24,1,8632,0.5024607604828294,0.7693404634581105,1.156604191337194
280120-11,25,1,7942,0.6994268689258439,0.629567974633373,1.3991803009684989
280120-11,26,1,13108,0.5219396315317938,0.7842527222687568,1.1723570945470907
280120-11,27,1,13687,0.6900924420118134,0.7657062937062937,1.3817474960603835
280120-11,28,1,9055,0.6259273629048667,0.7622053872053872,1.2822463142746807
280120-11,29,1,15828,0.2814207613592008,0.7849633009323547,1.042117740811417
280120-11,30,1,10937,0.6229982862939643,0.737790070156503,1.278407492213855
280120-11,31,1,10119,0.6171733911407471,0.7761159687068568,1.2709271237685082
280120-11,32,1,8423,0.8387066579113267,0.6623417472674373,1.8362658405754697
280120-11,33,1,13257,0.7140498435318117,0.680509214106052,1.428377851375886
280120-11,34,1,9059,0.7443055158256163,0.7742735042735043,1.4973662606073883
280120-11,35,1,13160,0.461061553877266,0.7912457912457912,1.1269279765252842
280120-11,36,1,11809,0.2744241273396202,0.7680650406504065,1.0399239757891652
280120-11,37,1,12389,0.4895568780043094,0.792896,1.146826649294849
280120-11,38,1,9418,0.6384936857000119,0.8145649541601799,1.299330611438425
280120-11,39,1,13570,0.4466903391963627,0.850997115264016,1.1177072881352783
280120-11,40,1,11632,0.6164173973265201,0.7846735024284943,1.2699709628412086
280120-11,41,1,12828,0.5401923388135402,0.764527087430717,1.188295408540318
280120-11,42,1,10303,0.4205876443709718,0.6701138211382114,1.1022296958723488
280120-11,43,1,6519,0.5384567733444734,0.7788530465949821,1.1867279196573408
280120-11,44,0,8459,0.460621597254167,0.7846938775510204,1.1266379202292214
280120-11,45,1,12641,0.6372869803010852,0.8019921329780485,1.2976453754482091
280120-11,46,1,10905,0.6140427523497116,0.7267093162734906,1.2669891117113103
280120-11,47,1,9615,0.6989102758002382,0.7725373614012534,1.398191995418049
280120-11,48,1,10742,0.4776403869339301,0.7650997150997151,1.1382320963703123
280120-11,49,1,9267,0.5539855618478177,0.7454150579150579,1.201163291739584
280120-11,50,1,10961,0.6381255600689801,0.7453420372637019,1.2988154680581223
280120-11,51,0,4620,0.5618903378993811,0.8214793741109531,1.2088803414246554
280120-11,52,1,10310,0.3520505867417401,0.7667137651520786,1.068397785198094
280120-11,53,1,9360,0.7823676306666191,0.7114624505928854,1.6056083265688708
280120-11,54,1,7002,0.8648098429050296,0.7524177949709865,1.9916370062784816
280120-11,55,0,11089,0.4829589655185421,0.7978271818116411,1.142017942060549
280120-11,56,1,12664,0.5823548344645346,0.7853643410852713,1.230111083500856
280120-11,57,1,8639,0.6417153821591356,0.7078826614224845,1.3038780814428064
280120-11,58,1,10911,0.2549140499480251,0.7770260646631534,1.0341649680811136
280120-11,59,1,10699,0.6490199524085759,0.7946375519904931,1.3144553261746417
280120-11,60,1,11431,0.5440405342118496,0.7632879273504274,1.191811394608093
280120-11,61,1,7953,0.7225764292223021,0.8219305498139727,1.446568724457613
280120-11,62,1,8127,0.5333375967001895,0.7425986842105263,1.182169365917542
280120-11,63,1,6028,0.902762759031429,0.6592300962379702,2.324830875841912
280120-11,64,1,12506,0.4790943831745909,0.776143486625706,1.139259177729267
280120-11,65,1,8298,0.7341901198614922,0.8328816621499548,1.472875663715535
280120-11,66,1,8633,0.5209563104897541,0.7225477067291597,1.1715317652445292
280120-11,67,1,9054,0.6818050983975908,0.806664290805417,1.3669906978826325
280120-11,68,1,8470,0.9277438677189572,0.638763197586727,2.6794026302851703
280120-11,69,1,9235,0.6540091431128686,0.7885075136612022,1.3219004056799388
280120-11,70,1,12841,0.59620132396461,0.7498394160583942,1.2455860088077584
280120-11,71,0,8958,0.7401323683181492,0.6929682060802971,1.4870746250993785
280120-11,72,1,10606,0.5078650821421822,0.7625826862237561,1.1608515024202029
280120-11,73,1,10991,0.4985372557716022,0.6930012610340479,1.1535778040330735
280120-11,74,1,10777,0.5475743575794886,0.7993621124462246,1.1950900527173225
280120-11,75,1,20213,0.6599645433649146,0.7798225308641975,1.3310319850069274
280120-11,76,1,9353,0.5674649466321203,0.7729752066115703,1.214480166189821
280120-11,77,1,8136,0.4711945165101068,0.7758916650772458,1.133749154698821
280120-11,78,1,8930,0.7087629331852607,0.7048701554976715,1.417541455258016
280120-11,79,1,7215,0.6371736048472961,0.799889135254989,1.2974875400975143
280120-11,80,1,9540,0.7985689450291538,0.8054711246200608,1.6613963084519716
280120-11,81,1,10333,0.7103469794293503,0.7276760563380281,1.4207538991678996
280120-11,82,1,12700,0.4322535938311225,0.7768534377293859,1.1089522406734071
280120-11,83,1,6485,0.8939593545070749,0.7012326989619377,2.2314054597594506
280120-11,84,1,11237,0.327534598013151,0.7557842345977939,1.0583811668520504
280120-11,85,1,9577,0.5268764058201835,0.7179160419790105,1.176550992984542
280120-11,86,1,11119,0.399355341934244,0.7918387694060676,1.0907549323143708
280120-11,87,1,9886,0.4745626810703781,0.7621617454321178,1.1360774072215487
280120-11,88,1,8669,0.6245183568760102,0.7359083191850594,1.2803931250092366
280120-11,89,1,11206,0.4376682136926673,0.7801448064605959,1.112178123010234
280120-11,90,1,13213,0.4940577366476769,0.7818343195266272,1.150180048810575
280120-11,91,1,15828,0.2781164199290636,0.7853138179111883,1.0410730667376011
280120-11,92,0,17076,0.7196783799311173,0.7428546569800322,1.440283837419321
280120-11,93,1,15009,0.4271897540250988,0.7720679012345679,1.1059964973178604
280120-11,94,1,10755,0.2786917892860713,0.7858969674826453,1.041253858697697
280120-11,95,1,8837,0.8900043016495943,0.5954851752021564,2.193212704904704
280120-11,96,0,18099,0.7117858548245328,0.6934482758620689,1.4236972217521728
280120-11,97,1,8987,0.7168011790571531,0.7710192175703501,1.4341490121604443
280120-11,98,1,9418,0.4702726885607461,0.748410680228862,1.1331173063877755
280120-11,99,1,10086,0.3923840698901831,0.7693363844393593,1.0871911321124197
280120-11,100,1,11477,0.5440584747423922,0.7626927166400851,1.1918279182331857
280120-11,101,1,6662,0.69161559219763,0.8011063011063011,1.3845318616379096
280120-11,102,0,10104,0.3369973643655165,0.7796296296296297,1.062128584673669
280120-11,103,1,8508,0.8168426663769461,0.8171340760660776,1.7335213055066243
280120-11,104,1,5683,0.7633926233810725,0.7927186497419445,1.548143985797895
280120-11,105,1,6996,0.9383359589608152,0.6934284864704133,2.8924741255005038
280120-11,106,1,9811,0.4387501381109382,0.7446114146933819,1.112830928313969
280120-11,107,1,8011,0.9192586437643184,0.6826005453306067,2.540301281721301
280120-11,108,0,16606,0.7286062211052616,0.7895212285456188,1.459997190540037
280120-11,109,1,13966,0.4239344868617071,0.7666886253842775,1.1041270696766246
280120-11,110,0,17261,0.6060843589196965,0.7445220841959972,1.2572284810364855
280120-11,111,1,10309,0.3565872445862661,0.7800393462469734,1.0703635275858057
280120-11,112,1,5381,0.8900711483023095,0.7273587456069208,2.1938406429867907
280120-11,113,1,7584,0.6675417580610762,0.7165532879818595,1.343052807150115
280120-11,114,1,10138,0.4303563514686454,0.7810477657935285,1.1078379695992395
280120-11,115,1,16960,0.8183518321123742,0.6347305389221557,1.7399851020224952
280120-11,116,1,9362,0.6015214887578381,0.6959559916741005,1.2517890890004082
280120-11,117,1,10153,0.4768233769388114,0.7554315476190476,1.1376575562240785
280120-11,118,1,13150,0.4084274199489708,0.7240790705357635,1.095541279731009
280120-11,119,1,12311,0.4949261229490472,0.7778479812977823,1.1508339918494712
280120-11,120,1,6868,0.8791090339382633,0.7218835400462477,2.0981043573426303
280120-11,121,1,10037,0.5426593548462233,0.6913486706157873,1.1905429877864402
280120-11,122,1,9109,0.788867742469798,0.8228545618789521,1.627172470207941
280120-11,123,1,8820,0.5956906996262642,0.8596491228070176,1.244998354174358
280120-11,124,1,12492,0.6196092138391543,0.7507211538461539,1.274030679330109
280120-11,125,1,7097,0.8540151288113691,0.8046485260770975,1.9221595675457723
280120-11,126,1,9023,0.3562679692161721,0.6480178109738581,1.070224004608335
280120-11,127,0,9212,0.5620519424467563,0.7552057714379407,1.2090408151761127
280120-11,128,1,11565,0.4744761638612958,0.7588582677165354,1.1360172142549838
280120-11,129,1,9899,0.6863292926508672,0.6592740592740592,1.3749655795857771
280120-11,130,1,9949,0.9431148922603774,0.4704686243911666,3.007817400098139
280120-11,131,0,7782,0.7817937638244317,0.6098746081504702,1.6037538190451774
280120-11,132,1,11625,0.670837443544313,0.7019927536231884,1.3484277671967797
280120-11,133,1,17207,0.95943859150986,0.4121930770152114,3.5471345106808494
280120-11,134,0,14066,0.3647678144421487,0.7606532554618213,1.0740002112247269
280120-11,135,1,12218,0.7517669274581178,0.7174398120963007,1.5164636937862688
280120-11,136,1,8548,0.9461049996817492,0.6945076373090673,3.087753526509499
280120-11,137,1,7806,0.8743699045016142,0.6454973951872984,2.06075092669441
280120-11,138,1,8679,0.7316302190318701,0.7256688963210702,1.466917251429178
280120-11,139,1,10212,0.5373308619998867,0.7336206896551725,1.1857170409692883
280120-11,140,1,9412,0.5787102960308662,0.6693691771566745,1.2261916563154651
280120-11,141,1,5606,0.6954728210878509,0.6362501418681193,1.3916869479955385
280120-11,142,0,24048,0.4044142410863605,0.7029729018679295,1.0934029349041092
280120-11,143,1,10279,0.7872862615446047,0.6316986234021632,1.621829408825231
280120-11,144,0,10389,0.6347732204413608,0.6550441361916772,1.2941658501096378
280120-11,145,0,7804,0.5343458657616464,0.6955436720142603,1.1830596291433926
280120-11,146,1,8122,0.5020405759540616,0.6873148853346873,1.156277805726675
280120-11,147,0,11846,0.6039033220963447,0.6973157522957382,1.254614511679616
280120-11,148,0,5440,0.4857796897462383,0.6868686868686869,1.1440583581893131
280120-11,149,1,11719,0.5774994571114263,0.7539243437982501,1.2249031602038685
280120-11,150,1,9778,0.6920491589077477,0.7084480510071004,1.3853286453474434
280120-11,151,1,7729,0.7644670232659794,0.7319128787878788,1.5511984657703883
280120-11,152,1,9004,0.632149887039829,0.7206082432973189,1.2905788198848769
280120-11,153,0,6268,0.6569926893187225,0.7681372549019608,1.3264412389938032
280120-11,154,0,5097,0.7997181305801756,0.6647104851330203,1.6656238692662657
280120-11,155,0,5139,0.6175602522806756,0.7193449048152296,1.2714177059166083
280120-11,156,1,14763,0.663295019359787,0.7346238057324841,1.3362588241678524
280120-11,157,0,8142,0.7249626836879404,0.6216216216216216,1.4518252219770336
280120-11,158,0,11524,0.5003993791458151,0.7905604719764012,1.155008226313733
280120-11,159,0,6149,0.7630240318570055,0.5926746987951808,1.5471012277721847
280120-11,160,0,7951,0.8187289315700969,0.667926747311828,1.7416134301031212
280120-11,161,0,8503,0.3449720795507223,0.786440991490936,1.0654018817504245
280120-11,162,1,6414,0.9066334711357664,0.5108721624850657,2.370122466621882
280120-11,163,0,5264,0.8509403832716929,0.7665647298674821,1.9038107925736163
280120-11,164,0,10943,0.6882772285915272,0.7736849547511312,1.3784590031569075
280120-11,165,0,5834,0.6931314099750022,0.6111460297506809,1.3873257517250934
280120-11,166,0,5333,0.8486135951494113,0.4704481298517995,1.8903119985828123
280120-11,167,1,8091,0.714715220801883,0.6368358913813459,1.429765119617872
280120-11,168,1,9266,0.5945111836834123,0.6948631421072365,1.2436459929279275
280120-12,1,1,13428,0.3566870886861599,0.7828824626865671,1.0704071962080794
280120-12,2,1,8778,0.6048467078240067,0.7869116987897804,1.255741999475305
280120-12,3,1,8776,0.2955755962303416,0.7884995507637017,1.0467703773381858
280120-12,4,1,9302,0.3022059304030907,0.77581317764804,1.049050822239059
280120-12,5,1,8679,0.6014412332767495,0.8221864342553997,1.251694412741408
280120-12,6,1,7507,0.5802089938839119,0.8434831460674157,1.2277958765096737
280120-12,7,1,12409,0.6015093358895022,0.7620363547040039,1.2517747502410703
280120-12,8,1,9961,0.6457731055167488,0.7483846731780616,1.3097073165404822
280120-12,9,1,11845,0.3524645879246546,0.7581285202252944,1.0685756824893764
280120-12,10,1,8065,0.4096272928288605,0.768095238095238,1.0961871685468128
280120-12,11,1,12190,0.6374148229733575,0.7383403997577226,1.2978234541193354
280120-12,12,1,10426,0.2423739563400417,0.7683124539425202,1.0307334801510737
280120-12,13,1,9780,0.3218427790891834,0.7870593915982617,1.0561969361241423
280120-12,14,1,8849,0.4037902391716686,0.7881891867818651,1.0930734605971608
280120-12,15,1,8303,0.5165823348733299,0.7555737555737556,1.167900233527251
280120-12,16,1,9939,0.5589709906852856,0.7813679245283018,1.206000268980116
280120-12,17,1,12611,0.5080886645541073,0.7858300099700898,1.1610292121875754
280120-12,18,1,9790,0.5205305609443219,0.7310334528076463,1.1711754437413098
280120-12,19,1,9495,0.4323763471226698,0.7708857676382236,1.1090246199880005
280120-12,20,1,7923,0.4070774920457029,0.7794392523364486,1.0948182381209353
280120-12,21,1,10646,0.523521183621207,0.7714492753623189,1.1736914821456204
280120-12,22,1,7221,0.6057924703245294,0.6744815991033065,1.256877158365963
280120-12,23,1,11957,0.346482132135738,0.7717180844197754,1.0660337872371843
280120-12,24,1,7717,0.4833412471761829,0.7723951556400761,1.142293137529518
280120-12,25,1,7874,0.5411020692613333,0.7627627627627628,1.189121546669578
280120-12,26,1,9571,0.4658705201623857,0.7790801790801791,1.1301313445093455
280120-12,27,0,8626,0.3420731492091818,0.7536915683704675,1.064199623175233
280120-12,28,0,10882,0.6161724947580738,0.7510006901311249,1.269661929899305
280120-12,29,0,20166,0.8023805631841573,0.7574084507042254,1.6755674833257563
280120-12,30,1,9444,0.5086454542920325,0.8051150895140665,1.1614724601130648
280120-12,31,1,8435,0.6278772237131877,0.770460358056266,1.2848311295599828
280120-12,32,0,4755,0.6689425456565886,0.8005050505050505,1.3453262658244702
280120-12,33,1,9507,0.561162357823283,0.7600735529261273,1.2081588176802511
280120-12,34,1,9047,0.5007312680753885,0.7849210480652438,1.1552642930500263
280120-12,35,1,8317,0.3926186451432246,0.7689534023668639,1.087309466770948
280120-12,36,1,10665,0.5963381588496858,0.739085239085239,1.2457437130006008
280120-12,37,1,10547,0.3784569363801793,0.7709795321637427,1.0803582342872242
280120-12,38,1,7818,0.8104370857957052,0.7721481481481481,1.7069924216767292
280120-12,39,1,11799,0.3544782119486619,0.7866,1.0694452000583845
280120-12,40,1,9465,0.5707390145372278,0.7483396584440227,1.2178317024346417
280120-12,41,1,11312,0.558472638720193,0.7317893647302368,1.205512167304443
280120-12,42,1,9611,0.3933445485963723,0.7806205328135153,1.0876763521059776
280120-12,43,1,11385,0.4148112321870402,0.7533249520280553,1.0990128229617226
280120-12,44,1,6161,0.8552610122769524,0.7640128968253969,1.929766333517404
280120-12,45,1,7819,0.2779070085469743,0.7741584158415842,1.0410073817822765
280120-12,46,1,8939,0.6613782895023054,0.7794733170561563,1.3332400001119968
280120-12,47,1,10085,0.3391690309112126,0.7760677183532128,1.0630094063585798
280120-12,48,1,11270,0.6387681632983296,0.7297332297332297,1.29971529948981
280120-12,49,1,12958,0.4902076798921436,0.7493638676844784,1.147307828803162
280120-12,50,1,11563,0.4568239439343098,0.7802294197031039,1.124154895004894
280120-12,51,1,10134,0.2578351720546156,0.76001199940003,1.034994277020329
280120-12,52,1,12777,0.2845390704755235,0.8048503937007874,1.0431178559036447
280120-12,53,1,8815,0.6806659707059535,0.7522614780679296,1.3650127129803569
280120-12,54,1,12086,0.5455191898249118,0.7613228346456693,1.1931774139417033
280120-12,55,1,7738,0.487398162740099,0.7908022483392948,1.1452394518497695
280120-12,56,1,8526,0.2995076155409742,0.803960396039604,1.0481148553560522
280120-12,57,0,9795,0.5419001373334299,0.7905569007263923,1.189848851259488
280120-12,58,1,7430,0.9014745983230312,0.5729046187061454,2.310365171020586
280120-12,59,1,10540,0.347559472511147,0.7835266131430271,1.0664869959356984
280120-12,60,1,8563,0.5181777505744952,0.7695003594536305,1.1692173827447
280120-12,61,0,4180,0.5803019727846186,0.7683823529411765,1.2278957465345794
280120-12,62,0,9139,0.39626478098598,0.7999824929971989,1.0891629324841403
280120-12,63,1,5896,0.8444626792556102,0.8197997775305895,1.8670147847683745
280120-12,64,1,11604,0.4228547993078131,0.7309145880574452,1.1035122641403268
280120-12,65,1,7961,0.8956540373891608,0.789625074390002,2.2484468968340465
280120-12,66,1,8362,0.5970829930223235,0.7777157738095238,1.2466038330000542
280120-12,67,1,7457,0.3273155437916705,0.7932978723404255,1.0582961436352425
280120-12,68,1,11909,0.6420064638559813,0.7406094527363184,1.304292437574759
280120-12,69,1,8410,0.6803279310323237,0.7487535612535613,1.364428024095441
280120-12,70,1,11870,0.4431334530570148,0.7601178278688525,1.1155041451869434
280120-12,71,1,8069,0.956539502422999,0.726936936936937,3.4293226075430545
280120-12,72,1,6724,0.9008902129389602,0.5832755031228314,2.303897805857127
280120-12,73,1,10398,0.6277498759637233,0.7663620283018868,1.2846615887935582
280120-12,74,1,10398,0.5595238613885101,0.7481113749190589,1.2065429727756116
280120-12,75,1,8959,0.4896689148606383,0.748454469507101,1.1469093966446962
280120-12,76,0,16915,0.5252899030133719,0.8163610038610039,1.175194006095121
280120-12,77,1,8718,0.6041432125059759,0.7638657671076842,1.2549007620687955
280120-12,78,1,9012,0.5779655176608929,0.6884644766997708,1.2253983112176627
280120-12,79,1,9557,0.6644948819408888,0.7921259842519685,1.3381635410626478
280120-12,80,1,6082,0.8998223815627319,0.7654165617920966,2.2922297708239263
280120-12,81,0,17498,0.7103448916574078,0.6965209776291696,1.4207496460484863
280120-12,82,0,8232,0.5021136889715037,0.7706422018348624,1.156334558056025
280120-12,83,1,12441,0.4315751843369203,0.7789256198347108,1.1085528541065066
280120-12,84,1,13807,0.6389633488639432,0.7253480430785395,1.2999891662042102
280120-12,85,1,10888,0.5269789605274158,0.7847207207207207,1.1766390142510377
280120-12,86,1,9150,0.598930366573055,0.7365370683409804,1.2487495195758225
280120-12,87,1,9528,0.5988562775431654,0.7085595300066929,1.2486631254310794
280120-12,88,1,11092,0.4421598950282785,0.7588943623426382,1.1149064449140926
280120-12,89,1,9720,0.4621512318146025,0.7960687960687961,1.127648544301789
280120-12,90,1,9377,0.6558972317941264,0.743380371016331,1.3247661625228817
280120-12,91,1,14806,0.7407883905727422,0.7145752895752896,1.4886746220566989
280120-12,92,1,7752,0.2376337448024454,0.783188522933926,1.029489914915431
280120-12,93,0,12212,0.6207166977919726,0.7453158376563931,1.2754533680960545
280120-12,94,0,9276,0.8726572473679115,0.6712983065566652,2.0477820672851577
280120-12,95,0,8339,0.4574326220820516,0.7721296296296296,1.124550383092396
280120-12,96,1,8855,0.602145091055903,0.7560621584699454,1.2525259078272428
280120-12,97,1,7467,0.4904394546404627,0.7804138795986622,1.1474794955674363
280120-12,98,0,8787,0.4639695803640623,0.7623633524206143,1.128857844847582
280120-12,99,1,15466,0.7402775805259915,0.7801654560129136,1.487428221874504
280120-12,100,1,6356,0.3503969558631155,0.7597418120965814,1.067690181989167
280120-12,101,1,10195,0.5071758775908509,0.7729926453863067,1.160304707111957
280120-12,102,1,9686,0.4322513554355129,0.7261958314589894,1.1089509211652275
280120-12,103,1,11983,0.4628188487242123,0.7552152265708704,1.1280915427139344
280120-12,104,1,12755,0.5331149793069753,0.7646882494004796,1.1819733001858177
280120-12,105,1,11420,0.8431157234462553,0.7892736194622987,1.859661877590499
280120-12,106,0,9354,0.1706866839085029,0.7802802802802803,1.0148931970027493
280120-12,107,1,9790,0.5980501598583909,0.6870175438596491,1.247724969875014
280120-12,108,1,14612,0.7557390777150028,0.737979797979798,1.5270139902611832
280120-12,109,1,9438,0.6061184985920041,0.7603931679020303,1.2572696025031032
280120-12,110,1,8991,0.649006692562878,0.8098540803458836,1.3144357818851224
280120-12,111,1,8896,0.4891678275888248,0.7159182359568647,1.1465395932576643
280120-12,112,1,13979,0.5081956790275677,0.7572589382448537,1.161114326962364
280120-12,113,1,10251,0.5646006323638803,0.6769911504424779,1.2115862955347927
280120-12,114,1,13960,0.700972101324216,0.7348528715060273,1.4021534672321665
280120-12,115,1,13809,0.8231473548335446,0.6254076086956522,1.761097230936265
280120-12,116,0,12336,0.3652807247054938,0.7652605459057072,1.0742322266946909
280120-12,117,1,5413,0.666737903222894,0.802520385470719,1.341755495980291
280120-12,118,1,10407,0.3721931232186701,0.7357370095440084,1.0774058926222283
280120-12,119,0,8420,0.3199079933425077,0.778548312528895,1.0554662125547734
280120-12,120,0,8189,0.869772107957788,0.6670739654610622,2.0265328876723494
280120-12,121,1,13654,0.6929729578054384,0.6677425665101722,1.387032620685484
280120-12,122,0,19808,0.7688422073263597,0.6907759372275502,1.5638719291604617
280120-12,123,0,12186,0.4394117720136452,0.7323317307692307,1.1132315037895444
280120-12,124,1,12675,0.4334835061818244,0.8207070707070707,1.1096790081644927
280120-12,125,1,8498,0.6160110167486308,0.7861239592969472,1.269458357629775
280120-12,126,0,9242,0.6727641249863199,0.6269162935829603,1.3516124775353184
280120-12,127,1,9883,0.8104465250727793,0.7009219858156028,1.7070304730092656
280120-12,128,0,6596,0.6643566931505246,0.621970768505422,1.337943583051187
280120-12,129,0,8420,0.4669288761137759,0.6112078977932637,1.1308445057213694
280120-12,130,0,9255,0.8446584612123854,0.6349043012965631,1.86809180139007
280120-12,131,1,14614,0.4581051496621784,0.7714315878378378,1.1249884564463928
280120-12,132,0,7722,0.933967262585301,0.4796273291925466,2.7983097787369275
280120-12,133,1,7345,0.9278445990247988,0.6827477226250233,2.681202194824792
280120-12,134,1,11456,0.3248206854122089,0.7960530887360155,1.057333239982884
280120-12,135,0,7813,0.597490069490773,0.6826561817387505,1.247075125277897
280120-12,136,0,12518,0.4447924248267496,0.7761656746031746,1.1165279020385213
280120-12,137,1,10254,0.2430649937375658,0.6838735494197679,1.0309172022624262
280120-12,138,1,7946,0.6157954493418824,0.6227272727272727,1.2691868315162147
280120-12,139,0,12296,0.554031754593545,0.7148006045808627,1.2012076444880997
280120-12,140,1,11385,0.6018463136587493,0.7587976539589443,1.2521726290794493
280120-12,141,0,3797,0.7510564854965874,0.754570747217806,1.5146054453482072
280120-12,142,0,6344,0.7144997613112491,0.5706062241410326,1.4293153166608086
280120-12,143,0,8180,0.5255185169315176,0.6829186842544666,1.1753890053722618
280120-12,144,1,8575,0.5323643045528217,0.7687135813536531,1.18131347931801
280120-12,145,1,9887,0.4768935156146041,0.7412655570550307,1.1377068066408131
280120-12,146,1,9316,0.6646995458690647,0.6480695652173913,1.338489592490325
280120-12,147,0,8977,0.7363257433003487,0.6318271396396397,1.4779186604990286
280120-12,148,0,6014,0.480745794029127,0.7276467029643073,1.1404328920733249
280120-12,149,0,9815,0.7238235872560149,0.5944161821705426,1.4493066950003517
280120-12,150,0,7660,0.3665493565218486,0.6391855807743658,1.074808143209273
280120-12,151,1,8295,0.5653430923834444,0.7527223230490018,1.212333026746088
280120-12,152,0,5602,0.8190872638346988,0.5647177419354839,1.743165662265725
280120-12,153,1,9923,0.5293802106090336,0.7441319835020622,1.178710559690652
280120-12,154,0,10017,0.237124556172226,0.7383900928792569,1.0293580576345778
280120-12,155,1,9395,0.6424738359113956,0.6875731850117096,1.3049589648517042
280120-12,156,1,14361,0.8080409338699643,0.6976778080062184,1.6974287607245817
280120-12,157,0,6779,0.7643029246640082,0.512744875576734,1.550730490874341
280120-12,158,0,5023,0.7669287640481672,0.5334536958368734,1.5582823084175892
280120-12,159,0,5478,0.8490144305041982,0.6437132784958872,1.8926143515808045
280120-12,160,0,4659,0.6571855828343547,0.6536195286195287,1.326737143288051
280120-12,161,0,4673,0.6652513977429909,0.6702524383247275,1.3393704419413717
280120-12,162,0,5219,0.731537624224747,0.596116504854369,1.4667034686664868
280120-12,163,0,6861,0.8720278243834163,0.4361174675819985,2.043083298505312
280120-13,1,1,15823,0.4442505174940749,0.7960456809377673,1.1161927584330849
280120-13,2,1,14841,0.3730554439773147,0.7858201842634756,1.0778079806107694
280120-13,3,1,7772,0.7769783530144081,0.8635555555555555,1.5884934266057171
280120-13,4,1,10061,0.275526273011502,0.7811335403726708,1.0402649730343916
280120-13,5,1,9807,0.3203704363583369,0.8179316096747289,1.05564032810565
280120-13,6,1,9198,0.4628503185468678,0.7833418497700562,1.128112453251763
280120-13,7,1,9917,0.7805380857149117,0.7840145466044747,1.5997229842173155
280120-13,8,1,10993,0.434678907290297,0.7763418079096045,1.1103887382972184
280120-13,9,1,10614,0.7125659494797381,0.7247524752475247,1.4253031340512463
280120-13,10,1,7742,0.631394338635729,0.7398700305810397,1.2895539734463688
280120-13,11,1,8365,0.7752961413585968,0.7294209975584235,1.5832858495259214
280120-13,12,1,9808,0.5432814100819691,0.7849539815926371,1.1911133520931945
280120-13,13,0,10629,0.7392408523412495,0.7485211267605634,1.484910778562012
280120-13,14,1,8385,0.7546026348764308,0.8281481481481482,1.5239673539032388
280120-13,15,1,8663,0.6403214936954051,0.7519965277777778,1.3019019250969204
280120-13,16,1,9909,0.5978137603939777,0.7710084033613446,1.2474504893540073
280120-13,17,1,10436,0.316835819315828,0.7967628645594748,1.054318047167332
280120-13,18,1,7734,0.7520793554331486,0.7700119474313023,1.5172836138735295
280120-13,19,1,9593,0.4077219712656529,0.7581002054686266,1.09516295361477
280120-13,20,1,9077,0.5673707221686312,0.757047539616347,1.214384405654026
280120-13,21,1,8968,0.6002591758097686,0.7262714609653386,1.2503038980387349
280120-13,22,1,12098,0.8045075308627515,0.6907616763731872,1.6836648089342725
280120-13,23,1,10820,0.6640929868804757,0.7451790633608816,1.3375242638316212
280120-13,24,1,9804,0.4568417205764576,0.7772316473759315,1.124166431986283
280120-13,25,1,7824,0.6760647023010125,0.7670588235294118,1.3571425694173964
280120-13,26,1,8581,0.5727374598408572,0.7772644927536232,1.2199006856830266
280120-13,27,1,10520,0.5415147075396687,0.7712609970674487,1.1894972965285984
280120-13,28,1,9184,0.4274596222101024,0.780952380952381,1.1061525469805706
280120-13,29,1,9417,0.824777241089348,0.6378784799837431,1.7684786253520706
280120-13,30,1,11969,0.7143699633194339,0.7722931991224674,1.4290446147240237
280120-13,31,1,9802,0.6560790937687514,0.7556857605427492,1.3250436171706466
280120-13,32,0,4932,0.8556501979934029,0.7463680387409201,1.9321633838039955
280120-13,33,1,7630,0.899338519326581,0.5233196159122085,2.2870052145697968
280120-13,34,1,8097,0.6241876164543794,0.7368277368277368,1.2799598865503972
280120-13,35,1,11519,0.4107573112282623,0.7677286057051453,1.0967982374605028
280120-13,36,1,6107,0.779698943400508,0.7891200413490115,1.5970497261291925
280120-13,37,1,10028,0.4882295304126651,0.802561024409764,1.1458491050203812
280120-13,38,1,14108,0.7728100225477437,0.6411270165871393,1.5757028357858904
280120-13,39,1,8229,0.9317316788349028,0.4802170868347339,2.753702301522865
280120-13,40,1,10570,0.3795756703864752,0.7169990503323836,1.0808933043308382
280120-13,41,1,8497,0.773082845214795,0.7663239538239538,1.576528482087602
280120-13,42,1,11581,0.6507032819524116,0.7414212548015365,1.3169468264752504
280120-13,43,1,8592,0.3586426514640163,0.7793197278911564,1.0712660466705954
280120-13,44,1,14251,0.5835846042356653,0.7871741051701282,1.2314477104324428
280120-13,45,1,8035,0.819810728609972,0.8163991058727901,1.746314358554698
280120-13,46,1,11524,0.5853843570871954,0.7600580398364332,1.2334168408924884
280120-13,47,0,9841,0.3925346058669217,0.7322172619047619,1.0872670594496034
280120-13,48,1,10512,0.5643871894232192,0.7821428571428571,1.2113720612798071
280120-13,49,1,11156,0.4863698842009344,0.7672099580496528,1.1444881790069947
280120-13,50,0,4204,0.902531160141504,0.751653853030574,2.322208510516908
280120-13,51,1,11939,0.5242217752001791,0.8014903329752954,1.174285337998225
280120-13,52,1,7055,0.7288680972827879,0.8108263417997932,1.4605914663708963
280120-13,53,1,11449,0.5763382118218929,0.7400775694893342,1.223673770031806
280120-13,54,1,14545,0.4144534001929208,0.7867690809758209,1.0988159283308092
280120-13,55,1,12041,0.4090979522577826,0.7833073119958366,1.095901851364636
280120-13,56,0,9138,0.5207302591029321,0.7723123732251521,1.171342499857055
280120-13,57,1,13282,0.4796251279152325,0.7694357548372147,1.139635560778133
280120-13,58,1,11633,0.5794949826885937,0.7892130257801899,1.2270302898943553
280120-13,59,0,9542,0.7982583709490552,0.7233171619163129,1.6602603373305835
280120-13,60,0,9163,0.4710182827767876,0.7382371898163068,1.1336281814178275
280120-13,61,1,9740,0.5437722933365965,0.7751074327550533,1.1915644856986831
280120-13,62,1,10365,0.5800261039093041,0.7384582502137361,1.227599549415879
280120-13,63,1,8775,0.3845275927023554,0.773673073532005,1.0832904101322232
280120-13,64,1,8792,0.5849778636304239,0.7813722004976893,1.232970735149056
280120-13,65,1,10847,0.6562245751108196,0.7725783475783475,1.3252657492936064
280120-13,66,1,8940,0.749475383159857,0.7365299060800791,1.5105005187335627
280120-13,67,1,14513,0.7013827383731048,0.7120498479050142,1.4029478716704975
280120-13,68,0,8838,0.7070930373694495,0.7039426523297491,1.414186075807395
280120-13,69,0,12390,0.4200152863977332,0.7954545454545454,1.1019076967983332
280120-13,70,1,9783,0.7177798394388423,0.7270903010033445,1.4362241729067622
280120-13,71,1,7676,0.7943481500144491,0.672566371681416,1.6461914209127346
280120-13,72,1,8580,0.5702919066446814,0.6547619047619048,1.2173712389293891
280120-13,73,1,10979,0.380784804237762,0.7711054923444304,1.0814742860111102
280120-13,74,1,8751,0.4380211032160006,0.6921069281872825,1.1123907441250656
280120-13,75,1,11138,0.6412694984915278,0.7800266125078787,1.3032444927480868
280120-13,76,1,9537,0.6814181135036091,0.7605263157894737,1.3663174008289325
280120-13,77,1,10176,0.6804527282118651,0.739803707742639,1.3646437576935624
280120-13,78,1,9224,0.3572002111684587,0.7623770559550376,1.0706318969459734
280120-13,79,1,8203,0.7095265299107816,0.7745255405532999,1.4190864100934224
280120-13,80,0,12871,0.5655938285621773,0.7747080775249789,1.2125857393930308
280120-13,81,1,6320,0.4855690854076867,0.7576120834332294,1.1439052248169677
280120-13,82,1,8574,0.5604152078978356,0.757956152758133,1.2074206058987282
280120-13,83,1,9592,0.7729560977575077,0.7463429816370993,1.5761447072031345
280120-13,84,0,8551,0.5686857783331214,0.7412447988904299,1.215724394366622
280120-13,85,1,10339,0.3890563180949456,0.7820134634293926,1.085524135434291
280120-13,86,1,8903,0.5862260796167441,0.7203074433656957,1.2343431177591686
280120-13,87,1,10217,0.2775229551793116,0.7862254713351289,1.040887078624847
280120-13,88,1,9269,0.711745344656031,0.7275510204081632,1.4236140231775165
280120-13,89,1,14011,0.6112235909655087,0.7439205691833918,1.2634909686358258
280120-13,90,1,11235,0.26961724160103,0.7936003390548845,1.038456569036352
280120-13,91,1,13097,0.5506540010478788,0.7632284382284382,1.197987008664206
280120-13,92,1,8739,0.5309199750870582,0.6928016489614713,1.180049663537485
280120-13,93,1,10700,0.7893359252753467,0.6970229952446094,1.628766465634465
280120-13,94,1,9160,0.9486639500721712,0.4437984496124031,3.1616973864952365
280120-13,95,1,11444,0.4409204526859046,0.783567271482369,1.1141487943362431
280120-13,96,1,9831,0.4088767332645481,0.7780151946818613,1.095782788457739
280120-13,97,1,11906,0.8316994261669888,0.7387689252916356,1.8010679455504166
280120-13,98,1,5903,0.6443174282669191,0.6502533597708746,1.3076029066049113
280120-13,99,1,7305,0.8800467453407518,0.6808014911463187,2.105763812813674
280120-13,100,1,14014,0.6136395622596701,0.6999300769153931,1.266486044766903
280120-13,101,0,11080,0.8012225592121169,0.6306921675774135,1.671216688425453
280120-13,102,1,9831,0.6192498399104415,0.7701527614571093,1.2735705892973772
280120-13,103,1,6055,0.8240353274375727,0.7813911472448057,1.7651053628968263
280120-13,104,1,9227,0.8659105399724434,0.6049698400209809,1.9992047275368052
280120-13,105,0,11473,0.7236401261348981,0.7304386579232189,1.4489026581380424
280120-13,106,1,10931,0.4222811293456742,0.8071924383399793,1.103186654001025
280120-13,107,1,8598,0.698267803695147,0.6186056550830995,1.3969668000487407
280120-13,108,1,9851,0.6678744481889278,0.7030402512132458,1.343591283894828
280120-13,109,1,9773,0.4721232422208686,0.7458028083028083,1.1343880554490304
280120-13,110,0,8841,0.9028992276106592,0.5266889074228523,2.3263805746430624
280120-13,111,1,5640,0.9053883275484071,0.7852965747702589,2.355243912767881
280120-13,112,1,5542,0.8207458390105151,0.602981177238603,1.7504137417032686
280120-13,113,0,10060,0.764779600717349,0.7513069454817027,1.5520913232043303
280120-13,114,1,11084,0.666691439091833,0.7576213260423786,1.3416806718545946
280120-13,115,0,6151,0.7785521023254846,0.6459099023416991,1.5934224181406336
280120-13,116,0,8809,0.6059478787284261,0.7265154639175258,1.25706415314731
280120-13,117,0,9324,0.4873430666102919,0.7570025168466348,1.14519912016234
280120-13,118,1,10849,0.7949368013271129,0.5982354562999724,1.6482821494102533
280120-13,119,1,13278,0.7814927044528209,0.7406291834002677,1.6027840244334042
280120-13,120,0,9298,0.7239075054573155,0.7133650452662268,1.4494916551203976
280120-13,121,0,10462,0.7226986712535517,0.7807462686567164,1.4468361967104797
280120-13,122,1,7896,0.90506783996549,0.5914606741573034,2.351462709144497
280120-13,123,0,11713,0.3994159929557362,0.7806584910690483,1.090786368578306
280120-13,124,0,9829,0.5769617079573054,0.7663340090441291,1.2243330864212831
280120-13,125,1,11396,0.7582561880586115,0.7589743589743589,1.533844169145335
280120-13,126,1,8722,0.879559272413718,0.6532843981724216,2.1017705472919457
280120-13,127,0,18320,0.7969526067996896,0.6736532450818166,1.6555144635007708
280120-13,128,0,10638,0.5286598408089511,0.7507410021171489,1.1780869621687329
280120-13,129,1,9048,0.6139412947869862,0.7428571428571429,1.2668624338667351
280120-13,130,1,10307,0.790312097494877,0.6889705882352941,1.632108171230812
280120-13,131,1,6786,0.6985073276018441,0.7616161616161616,1.3974230641993317
280120-13,132,0,5599,0.8382081654888879,0.5027837643678161,1.833683406005831
280120-13,133,1,6241,0.7456240786735729,0.7952344546381244,1.500674967860993
280120-13,134,1,10161,0.4467290475887184,0.7683756805807622,1.1177314332254678
280120-13,135,1,10311,0.7098117802931985,0.7210489510489511,1.4196652711794868
280120-13,136,1,11770,0.687401255389117,0.7568158436213992,1.376883518123058
280120-13,137,1,8368,0.8411150224727043,0.8144038929440389,1.8489200019364451
280120-13,138,1,8628,0.537667613700733,0.7883771929824561,1.1860188947719856
280120-13,139,1,8986,0.594716851595905,0.7465935526753074,1.2438812893082871
280120-13,140,1,9536,0.7653296656634081,0.770959657207535,1.5536671891161078
280120-13,141,1,12259,0.4132656820514105,0.7912095004517878,1.0981643677762325
280120-13,142,1,4916,0.6972402904003454,0.7621705426356589,1.3950163367815307
280120-13,143,1,9954,0.6792228524539601,0.7211475766137796,1.3625238764427765
280120-13,144,1,6862,0.8730613583648632,0.7883731617647058,2.050817782377366
280120-13,145,1,7779,0.8150389960318167,0.6440635866865375,1.7259051824287714
280120-13,146,1,14585,0.6800057420378178,0.6942262839735351,1.3638717198452266
280120-13,147,1,8784,0.6530939343761194,0.646072374227714,1.3205209238830984
280120-13,148,1,8232,0.7710305456092839,0.7143353002429712,1.5703562940133111
280120-13,149,0,6302,0.7911323806756312,0.6910087719298246,1.6349354062066968
280120-13,150,0,8225,0.5844274429088594,0.7066151202749141,1.232367940251551
280120-13,151,0,6415,0.7877227875028376,0.6123520427644139,1.6232978893133998
280120-13,152,1,8511,0.7148498344334515,0.5960084033613445,1.4300464296500155
280120-13,153,0,7455,0.4662639020346686,0.7165513264129181,1.1303960739436836
280120-13,154,1,9355,0.7480112023157648,0.6564912280701755,1.506736389189805
280120-13,155,1,8995,0.5901493785122511,0.7547407283101192,1.238705993947908
280120-13,156,1,10039,0.749408312773471,0.6549879297970901,1.5103273152266574
280120-13,157,1,9209,0.7967946223463891,0.6864192009540847,1.6549435398500438
280120-13,158,1,7864,0.586912081571528,0.7415370108439415,1.2351005640258117
280120-13,159,1,9829,0.6134954093458939,0.6396173618793518,1.2663064082681976
280120-13,160,1,9076,0.6746404245541937,0.7203174603174604,1.354744568145688
280120-13,161,1,4928,0.9477113113543166,0.4040006558452205,3.1335298176528514
280120-13,162,1,9633,0.5988974251707949,0.7519906323185012,1.2487111035501075
280120-13,163,0,10862,0.5896520284752395,0.6928179614746779,1.2381487406508258
280120-13,164,0,4907,0.8652282779143025,0.5180532094594594,1.9945026406838744
280120-13,165,1,13818,0.5301282713311638,0.7485373781148429,1.1793600784118283
280120-13,166,0,6776,0.772313013267454,0.6181917708238299,1.5742028055314667
280120-13,167,0,10878,0.7607667966057483,0.7530633437175493,1.5407719100699646
280120-14,1,1,12790,0.3830046127424592,0.7995748937234308,1.0825481622563422
280120-14,2,1,13071,0.5150476006376516,0.7836330935251798,1.1666411874237097
280120-14,3,1,10620,0.7707520598017162,0.7612903225806451,1.5695255904013654
280120-14,4,1,8575,0.7747228352500994,0.8245192307692307,1.581525306127329
280120-14,5,1,12720,0.6350115770175812,0.7681159420289855,1.2944939924150374
280120-14,6,1,13524,0.7187218427459384,0.72128,1.4382328291052926
280120-14,7,1,11167,0.4377738940171201,0.8019965527147371,1.1122417661936974
280120-14,8,1,8064,0.5254838883367269,0.7612574341546304,1.1753594567607912
280120-14,9,1,13123,0.6599211762665214,0.7160082933216936,1.3309645012665614
280120-14,10,1,6182,0.8866501615411074,0.7819377687832026,2.1624389668137893
280120-14,11,1,10071,0.2439551303743,0.7751693349753694,1.0311547741508424
280120-14,12,1,9459,0.3318831333743623,0.7819940476190477,1.0600850810808369
280120-14,13,1,13257,0.7046742133257977,0.7284065934065934,1.4093816718040253
280120-14,14,1,12753,0.512398845951096,0.8014705882352942,1.164486529096872
280120-14,15,1,12479,0.7739281558769602,0.6764785601994905,1.5790967803824958
280120-14,16,1,10631,0.7072193100202829,0.7372399445214979,1.414438691694638
280120-14,17,1,10027,0.8867528653772229,0.6981618159030776,2.163360419865817
280120-14,18,1,13056,0.5354775834751474,0.7685425005886508,1.184063302800951
280120-14,19,1,11502,0.4891581359031274,0.768644747393745,1.1465324480309131
280120-14,20,1,8948,0.8941799783241057,0.7085840988280012,2.23360028336945
280120-14,21,1,9956,0.7532969191713685,0.7355200945626478,1.520494938084221
280120-14,22,1,11250,0.4777192315428727,0.7460212201591512,1.1382876398597277
280120-14,23,1,10513,0.6163238940333654,0.7545937410278496,1.2698529335822213
280120-14,24,1,9974,0.6923515031867927,0.6957310267857143,1.3858853870385188
280120-14,25,1,15607,0.499766925337158,0.7736195102607316,1.1545212010267891
280120-14,26,1,7608,0.484668319122458,0.7532673267326733,1.1432517061826624
280120-14,27,1,9784,0.6751905695903355,0.6852500350189102,1.3556687194149597
280120-14,28,1,11911,0.6923888733963475,0.7421183800623053,1.3859542646716805
280120-14,29,1,11123,0.746528150784419,0.6654900083762115,1.5029597092437712
280120-14,30,1,8213,0.5068222292339528,0.7133055410804239,1.1600247201956797
280120-14,31,1,7670,0.6663688778590267,0.7915376676986584,1.3411617195613488
280120-14,32,1,8642,0.7005977812659622,0.7259744623655914,1.4014308992645432
280120-14,33,1,11381,0.4949556766160782,0.7522638641020557,1.1508562872553565
280120-14,34,1,13056,0.7425474467741199,0.8234626300851466,1.4929975407611995
280120-14,35,1,12210,0.7663007001445409,0.7647979956154087,1.5564636187822647
280120-14,36,1,10701,0.5535389963634854,0.7774629468177855,1.2007349579608038
280120-14,37,1,5985,0.9209414351870364,0.7750582750582751,2.566069854316128
280120-14,38,1,8622,0.8888678043654085,0.6575655887736425,2.1826257296996334
280120-14,39,1,10905,0.6281852527836687,0.7453861927546138,1.2852416352681446
280120-14,40,1,10149,0.5538944566729326,0.6995450785773366,1.2010758407951574
280120-14,41,1,11965,0.7780176226941645,0.7356738809640925,1.5917421633301456
280120-14,42,1,7607,0.8321912280810811,0.7191340518056344,1.8034631409947777
280120-14,43,1,8154,0.4386144214060384,0.7914967967384974,1.112748888827534
280120-14,44,1,9048,0.6123680934308924,0.750622200099552,1.2649056825144875
280120-14,45,1,12887,0.5917008059698583,0.776886906197251,1.2404521625983134
280120-14,46,1,12463,0.5444657620037759,0.7253521126760564,1.192203370541632
280120-14,47,1,8621,0.8219197960105508,0.7368376068376068,1.7556079969361569
280120-14,48,1,12061,0.6687698384895819,0.7220426245210728,1.3450450823432811
280120-14,49,0,10715,0.7938459270105117,0.7074008054400212,1.6444151556540163
280120-14,50,1,9713,0.7851601030608822,0.698274622573688,1.6147449918550982
280120-14,51,0,9414,0.8878859358328567,0.6711342411064376,2.1736122668069227
280120-14,52,1,12455,0.3633083723371175,0.7380740740740741,1.073342632426992
280120-14,53,1,9711,0.9100465734652332,0.8018992568125516,2.4125102426559204
280120-14,54,1,6063,0.8173931611634432,0.7239402985074627,1.7358693545955204
280120-14,55,1,11555,0.657995875982121,0.7882529504058939,1.327983275264586
280120-14,56,1,12509,0.6636473616955195,0.7423298320574446,1.3368169481479997
280120-14,57,0,20103,0.7180019552790055,0.6600669818754925,1.436696800427809
280120-14,58,0,12154,0.3790704115481575,0.7601000625390869,1.0806513542436162
280120-14,59,1,8985,0.7949223115012587,0.7423165895571712,1.648230571220992
280120-14,60,1,9661,0.3856166590953696,0.7778582930756843,1.0838239315743206
280120-14,61,1,9957,0.5396579324671363,0.7100984167736414,1.1878115559261486
280120-14,62,0,18993,0.8123553542509279,0.6503338469440164,1.7147872037748373
280120-14,63,1,10312,0.7462916301394252,0.6806151409147911,1.502360706566446
280120-14,64,0,11991,0.4699219742123244,0.7207429224018753,1.1328775180462267
280120-14,65,1,11493,0.5167829850553451,0.7311068702290077,1.1680654193656
280120-14,66,0,5018,0.9290555596153366,0.8276430809830118,2.7031394347214484
280120-14,67,1,11734,0.4279735875061967,0.7597772597772597,1.1064501999677547
280120-14,68,0,9179,0.9140313091638304,0.5125928407885184,2.465217968877976
280120-14,69,1,12762,0.7725897025360526,0.6752380952380952,1.5750372370554062
280120-14,70,1,9273,0.629623688430917,0.686075762059781,1.28716651800701
280120-14,71,1,12804,0.8721016130747178,0.6700156985871272,2.0436322977758863
280120-14,72,1,14702,0.5951425165062599,0.7863714163457424,1.2443689588559137
280120-14,73,1,10890,0.3146086169016369,0.7823275862068966,1.0534949124379274
280120-14,74,1,7094,0.9576627883041696,0.4018580411261542,3.473521017289604
280120-14,75,1,10959,0.7894612538964313,0.7483100034141346,1.6291941211562753
280120-14,76,1,10775,0.6446048190918312,0.7073923319327731,1.3080171958067257
280120-14,77,1,8795,0.9428418894821576,0.5886880856760375,3.0008365353565045
280120-14,78,0,4683,0.8628550334809827,0.6559742260820843,1.9784292936607395
280120-14,79,1,6999,0.7959993228066402,0.6219674753399094,1.6520801425677685
280120-14,80,1,9532,0.8295723125378254,0.6895254629629629,1.7908331904277923
280120-14,81,1,14272,0.8999179963735324,0.779549923530697,2.293266759731436
280120-14,82,1,13135,0.451036420949939,0.7774029356060606,1.1204412187173494
280120-14,83,1,12234,0.6703745508201113,0.7598757763975156,1.3476673300014517
280120-14,84,1,8159,0.6419917711969103,0.7310931899641577,1.3042715085347734
280120-14,85,1,13388,0.5574015558685312,0.7520503314234356,1.2044665860324235
280120-14,86,1,8551,0.9335430456384188,0.5427138867732927,2.789670181782524
280120-14,87,1,11610,0.4182689534915965,0.6784712482468443,1.1009296818417869
280120-14,88,1,10094,0.8047297640235969,0.6364438839848676,1.6845188843492196
280120-14,89,1,10264,0.4663147009211605,0.7579382661349875,1.1304302893170133
280120-14,90,1,12963,0.5441686935193106,0.7460719424460431,1.1919294592055087
280120-14,91,0,13359,0.7320216884844956,0.786610139551316,1.4678224093582974
280120-14,92,1,9455,0.750336935631161,0.6374730312837109,1.5127321009274644
280120-14,93,1,8160,0.6393425758861379,0.7469107551487414,1.3005219981148866
280120-14,94,1,5525,0.8570839062238635,0.780367231638418,1.94108104258392
280120-14,95,1,6248,0.7174048815888621,0.7372271386430679,1.4354277099591146
280120-14,96,1,13288,0.6206517587037859,0.7860396332446022,1.275369744673445
280120-14,97,1,11883,0.7671347657778165,0.6641515761234071,1.5588805445966205
280120-14,98,1,10144,0.4615572965747713,0.7539204756596061,1.1272554124932035
280120-14,99,1,6682,0.6300548280672799,0.7365520282186949,1.287746006859976
280120-14,100,1,9858,0.9275103572779262,0.5787249031349067,2.6752456107426017
280120-14,101,1,12596,0.8821279673486624,0.6675145733969263,2.123097991808261
280120-14,102,0,12071,0.6748269258931989,0.662913943654237,1.3550575629161872
280120-14,103,1,16423,0.889356885978164,0.5456508738122134,2.1871612577218853
280120-14,104,1,10731,0.56962720374154,0.7621448863636363,1.216688310556396
280120-14,105,1,8774,0.8748771562385875,0.7074094977021689,2.0646445209665205
280120-14,106,1,10109,0.6998189144046887,0.7492032905951234,1.3999322207016365
280120-14,107,1,11552,0.654864373423192,0.7880482979739409,1.3231951519612752
280120-14,108,1,8334,0.884081609122973,0.6189839572192514,2.1398038909988872
280120-14,109,1,12127,0.7484431022240443,0.6395085165849286,1.5078430299480283
280120-14,110,0,9227,0.6706826975124119,0.6414766407119021,1.3481733497683517
280120-14,111,1,12816,0.7236641527416666,0.7614973262032085,1.4489555469360904
280120-14,112,1,11485,0.6716192432794119,0.7635287860656828,1.3497162273460757
280120-14,113,0,12874,0.7182763951943912,0.7202237762237762,1.4372816125652914
280120-14,114,1,9173,0.452130123031306,0.7726583557951483,1.121136576406914
280120-14,115,1,15572,0.8231129716232821,0.5691520467836257,1.7609426671438646
280120-14,116,1,13762,0.5793060351557828,0.7654060066740823,1.2268280910871905
280120-14,117,0,7769,0.8342925776921715,0.5878480629539952,1.8138222073128385
280120-14,118,1,8308,0.593835596777118,0.7472567008454758,1.2428745913410597
280120-14,119,1,5641,0.916364853579236,0.6452756806222832,2.497850781502561
280120-14,120,0,7633,0.860573770421973,0.6702669476642079,1.963379767655268
280120-14,121,0,4977,0.8466493250716076,0.708974358974359,1.879165100936382
280120-14,122,0,11655,0.5693158598518722,0.7194444444444444,1.2163690983923547
280120-14,123,1,10665,0.529412791682108,0.7497890888638921,1.178738807422696
280120-14,124,0,9680,0.7417584368417734,0.7099376604327099,1.491052611181814
280120-14,125,1,11724,0.7122668278321477,0.7391249527171857,1.4246865084339333
280120-14,126,1,10090,0.7088229057129318,0.6737446581196581,1.417662552618697
280120-14,127,1,6853,0.857770687117077,0.6621256038647343,1.945402147686954
280120-14,128,1,15414,0.5705508685368659,0.7657988871224165,1.2176378286573273
280120-14,129,1,11096,0.769618693192717,0.7181877022653722,1.5661614599166227
280120-14,130,0,16565,0.4566629061613694,0.7413623344074471,1.1240504186574245
280120-14,131,1,7903,0.9741141989455592,0.4090579710144927,4.42367343927597
280120-14,132,1,9422,0.7089986559435179,0.7258859784283513,1.4180176678053946
280120-14,133,0,11183,0.5364848152973742,0.7622001090512541,1.1849605191246886
280120-14,134,1,8195,0.7134535982381225,0.734648139847602,1.427139236555326
280120-14,135,1,10556,0.4332499659659613,0.7520661157024794,1.1095407380940363
280120-14,136,1,6184,0.8228359277184486,0.6745936511399585,1.7596989823515763
280120-14,137,1,13608,0.5596886979277194,0.7357664233576642,1.2067050238591357
280120-14,138,1,7236,0.7365605429451704,0.6365235749472202,1.478477174913357
280120-14,139,1,10312,0.7368187405394289,0.6051643192488263,1.479092283215364
280120-14,140,1,13606,0.5958246741313321,0.7218037135278514,1.2451524102219165
280120-14,141,1,9584,0.5812357189325305,0.7597907087363247,1.2289009399970623
280120-14,142,0,9293,0.5897306404279239,0.6618945868945869,1.238236739722112
280120-14,143,0,17275,0.5068395113122353,0.5594960487109729,1.160038393341271
280120-14,144,1,7279,0.7226317006776074,0.6999038461538462,1.446689637448092
280120-14,145,0,11785,0.4499812187966289,0.6956906729634003,1.11977315537669
280120-14,146,1,6374,0.6699134746743697,0.7470698546647914,1.346911675096714
280120-14,147,0,6044,0.808960117442308,0.6946328008274911,1.7010750814800066
280120-14,148,1,11134,0.6628994691717771,0.6014152217360773,1.3356334418290203
280120-14,149,0,7106,0.9184366830949876,0.540133779264214,2.528010221269102
280120-14,150,1,4059,0.9450965904384316,0.6523625843780135,3.060058689509621
280120-14,151,0,5475,0.3521596838933972,0.6995911065678507,1.0684446355949502
280120-14,152,1,8005,0.9013176159808955,0.7262088360700354,2.308622093643665
280120-14,153,1,13006,0.5703224188134116,0.6150281363786826,1.2174026344590951
280120-14,154,1,13005,0.6606121552830342,0.6514225606090964,1.332041488441923
280120-14,155,1,6533,0.8372027946549467,0.6410558335786478,1.8285126897556547
280120-14,156,0,6080,0.6501778752951447,0.5152542372881356,1.316166956833175
280120-14,157,0,8569,0.9432712375418696,0.4752107364685004,3.0118381765948747
280120-14,158,0,7106,0.8595709718569321,0.6832692307692307,1.9568844209875291
280120-14,159,0,4159,0.909442270380332,0.3971543162719633,2.404827728564731
280120-14,160,0,10470,0.7473434500508956,0.6056924678930927,1.5050314700044714
280120-14,161,0,9787,0.5926966308509894,0.77884768422728,1.2415793136601352
280120-14,162,0,5680,0.7945858453358668,0.4034090909090909,1.6470345052637367
280120-15,1,1,15449,0.6055475293225511,0.8209256602369945,1.2565827003273653
280120-15,2,1,12995,0.4991385736533987,0.778236914600551,1.154038553008884
280120-15,3,1,18923,0.4909498557191377,0.7470588235294118,1.147858088588743
280120-15,4,1,10794,0.5560527029362377,0.755988233646169,1.2031565529383093
280120-15,5,1,6159,0.6120311525684771,0.778437815975733,1.2644884230111746
280120-15,6,1,15065,0.4628960138650819,0.7192990832696715,1.1281428207088595
280120-15,7,1,12011,0.5354956229738279,0.7449144132969486,1.1840793391928637
280120-15,8,1,10248,0.4905377880001167,0.8097345132743363,1.1475523751689052
280120-15,9,1,10449,0.4773661329129565,0.7844594594594595,1.1380390279163768
280120-15,10,1,9387,0.5849178668462821,0.7498202731847592,1.2329049589634604
280120-15,11,1,12999,0.5029040978925505,0.775134168157424,1.1569491576079305
280120-15,12,1,9756,0.7167275289492299,0.7465564738292011,1.4339933217383016
280120-15,13,1,10312,0.6865644571249488,0.7695522388059701,1.3753853897901689
280120-15,14,1,9150,0.3261549476866198,0.7703965647890881,1.0578469618163848
280120-15,15,1,9483,0.5571776394723759,0.7766584766584766,1.2042485977301107
280120-15,16,0,19981,0.6742967612622641,0.7351361295069905,1.3541686110817113
280120-15,17,0,7687,0.6698308213090376,0.7510503175378603,1.3467764041947057
280120-15,18,1,9674,0.6933680831444429,0.7811692506459949,1.387764060198579
280120-15,19,1,9643,0.2789521569353257,0.7897624897624897,1.0413358249669071
280120-15,20,1,10208,0.455473206511838,0.7394957983193278,1.1232806184060442
280120-15,21,1,12972,0.4980165162136529,0.7510421491431218,1.1531796903360827
280120-15,22,1,6165,0.9359695195111652,0.7698551448551448,2.8402551887822614
280120-15,23,1,9079,0.6536577821525595,0.72632,1.3213700643912611
280120-15,24,0,23976,0.6645014622763866,0.7466600230450624,1.338174018968877
280120-15,25,1,7673,0.5654126356195556,0.8399562123700055,1.212403091105222
280120-15,26,1,7455,0.6616508128527537,0.8765432098765432,1.3336674418645262
280120-15,27,1,10917,0.291827305790903,0.7908577223993045,1.0455099765777205
280120-15,28,1,8000,0.8989813282793216,0.637653435357883,2.2831730308171565
280120-15,29,1,13969,0.4404610093326953,0.797590499029348,1.1138688757210806
280120-15,30,1,8281,0.868389360430706,0.6484222065617414,2.016604850398613
280120-15,31,1,11167,0.3927899111926189,0.690002471576866,1.087395933339215
280120-15,32,0,5140,0.9144876243270396,0.7410611303344867,2.4714921326559307
280120-15,33,1,8512,0.5547420511329837,0.6799265117022126,1.2018907334289743
280120-15,34,1,9653,0.7736721781618288,0.7076979472140762,1.5783174248674063
280120-15,35,1,10541,0.9292747378350196,0.5120718970123876,2.707170932046279
280120-15,36,0,9132,0.9255832628390588,0.5023654967543184,2.641700246271484
280120-15,37,1,9744,0.9143139775589024,0.654926737464713,2.469098542804454
280120-15,38,1,10471,0.9244057286505964,0.7271527777777778,2.6218463501857414
280120-15,39,1,12980,0.4689127156098605,0.7682291666666666,1.132189318170842
280120-15,40,1,10232,0.8271539754122222,0.6948726655348048,1.7794374593002864
280120-15,41,1,13711,0.2456318375737215,0.7991490353791455,1.0316050856830814
280120-15,42,1,11294,0.5330499200757315,0.7959126145172657,1.1819160344628243
280120-15,43,1,5828,0.8549171097482502,0.7142156862745098,1.9276564998723955
280120-15,44,0,19805,0.771672542754871,0.7482903237994484,1.5722775112416472
280120-15,45,1,10963,0.6732829293906201,0.7123456790123457,1.352475468525915
280120-15,46,1,8596,0.5444458885989594,0.7358329053244308,1.192185035751411
280120-15,47,1,9198,0.8720132722870444,0.5952242283051835,2.042975086362488
280120-15,48,1,9357,0.4638146074466929,0.6953775267538644,1.1287544423875484
280120-15,49,1,8880,0.8187462238850957,0.7660455486542443,1.7416882265785456
280120-15,50,1,12254,0.5884761327396946,0.6853467561521253,1.236836061054797
280120-15,51,1,9087,0.8121521396522022,0.833516785910842,1.7139555141494456
280120-15,52,1,10559,0.9355851311380856,0.6204242317409954,2.8320492259490244
280120-15,53,0,16523,0.6228323139494111,0.7894409937888198,1.2781915375472357
280120-15,54,1,9052,0.9178899877571248,0.5289855072463768,2.5199393923173057
280120-15,55,1,12624,0.5067622808196967,0.7671366067087992,1.1599772978786476
280120-15,56,1,14610,0.6444734058217296,0.7329921733895244,1.3078276847872223
280120-15,57,1,8729,0.5359426861289983,0.7696173514371363,1.184477141482341
280120-15,58,1,8827,0.5362046782552633,0.8009981851179674,1.1847106061503354
280120-15,59,1,13684,0.8429818907282602,0.6582010582010582,1.8589366690967957
280120-15,60,1,12534,0.7227244406916994,0.7186926605504587,1.44689260636537
280120-15,61,1,10834,0.4531123184970907,0.7240042769313018,1.1217635837218147
280120-15,62,1,9413,0.9479341927752511,0.5106879340277778,3.140049949006318
280120-15,63,0,22513,0.7468735918781255,0.7426356589147287,1.503836190120914
280120-15,64,1,11269,0.5426549790678898,0.8164167210026806,1.1905389808365767
280120-15,65,1,9131,0.8810500139931924,0.6275601374570446,2.1140615668827696
280120-15,66,1,10111,0.4445041862191862,0.8070721583652618,1.1163495518939206
280120-15,67,1,9963,0.6858247480302567,0.7188311688311688,1.3740666578705667
280120-15,68,1,10878,0.8951590802381616,0.5986791414419372,2.2434260244168085
280120-15,69,1,10329,0.43066970066247,0.7831526271893244,1.1080214338653211
280120-15,70,1,9112,0.8716682823609871,0.6591435185185185,2.040415227943694
280120-15,71,1,9240,0.9111889915820368,0.648876404494382,2.427251519942516
280120-15,72,0,8425,0.9548841473671056,0.6484759852216748,3.367246443509214
280120-15,73,1,13568,0.489459938902883,0.7187963551599915,1.1467550824583073
280120-15,74,1,12268,0.547115570178447,0.7653627799613201,1.194661661123877
280120-15,75,1,11937,0.8604729717263948,0.6692644090603275,1.9627236031095383
280120-15,76,0,10596,0.7878696008046587,0.7260020554984584,1.6237928521059797
280120-15,77,1,13980,0.7985735091109629,0.7327044025157232,1.6614130229506752
280120-15,78,1,10285,0.6631486916898836,0.7114692861095738,1.336027327802752
280120-15,79,0,8659,0.8854130563785589,0.7079551958139154,2.151439693930832
280120-15,80,1,8546,0.9052896942366554,0.7666636763254687,2.354078123699046
280120-15,81,1,11756,0.8537894843455744,0.622010582010582,1.9207926644257949
280120-15,82,0,9306,0.8764041671870852,0.6743478260869565,2.076514133895056
280120-15,83,1,13017,0.6991436856614472,0.7196483856700575,1.3986381870522366
280120-15,84,0,9437,0.4870130192717042,0.7830885403700938,1.1449577021821509
280120-15,85,0,19469,0.4732040038179926,0.728466661677767,1.1351344964918249
280120-15,86,0,17012,0.6346418311920627,0.7591253904506916,1.2939851275750889
280120-15,87,1,9707,0.7330468941495243,0.7337112622826909,1.4702031666100164
280120-15,88,1,9436,0.9706236348003444,0.683768115942029,4.156225734490572
280120-15,89,1,12623,0.6528945632899301,0.7071708683473389,1.320221242659265
280120-15,90,1,11615,0.4886951940560862,0.7968031830966591,1.1461914629026606
280120-15,91,1,12860,0.334837243369381,0.8042526579111945,1.0612602065314107
280120-15,92,1,8279,0.792356137899952,0.6341145833333334,1.639186230659485
280120-15,93,1,17180,0.7371001860138623,0.7740133357361687,1.4797638966982654
280120-15,94,0,10631,0.808837241401112,0.6916720884840598,1.7005860413795708
280120-15,95,1,8337,0.8888887160016916,0.6809605488850772,2.182819027006244
280120-15,96,1,9627,0.756917874726084,0.8515701017249004,1.5301984473569985
280120-15,97,0,14448,0.9055508678628428,0.7389525368248773,2.35716910844823
280120-15,98,1,12735,0.601950412218347,0.7170608108108109,1.252295662898842
280120-15,99,1,12808,0.3885926338000153,0.77008177008177,1.085293590246026
280120-15,100,1,11700,0.554165371310156,0.7314328582145536,1.2013359873384892
280120-15,101,0,8536,0.9149189963621088,0.8063480068014358,2.4774705125807883
280120-15,102,0,10155,0.9097283839402694,0.5821485897729879,2.408455296919964
280120-15,103,1,9823,0.3626469131928246,0.7836457917830075,1.0730458638644111
280120-15,104,1,11092,0.720680303095321,0.6974346076458753,1.442444543895214
280120-15,105,0,9165,0.677180177849359,0.6673219746614242,1.3590331257403292
280120-15,106,1,9210,0.8943020015889653,0.6848602022605592,2.2348172212104
280120-15,107,1,8632,0.9705965364412142,0.7020169160702667,4.154338658805247
280120-15,108,1,6072,0.5201672397322761,0.7866303925378935,1.1708718572939787
280120-15,109,1,11489,0.8176760505042636,0.6991845180136319,1.7370803098692038
280120-15,110,1,10587,0.3437353538311119,0.6779585040983607,1.06488724146448
280120-15,111,0,7811,0.5515330853033859,0.7295908836166636,1.1988208153508193
280120-15,112,1,9700,0.832862733809203,0.5207774079244067,1.8067513267093287
280120-15,113,1,11601,0.7362017539009279,0.583786231884058,1.4776240557793705
280120-15,114,0,11931,0.3705503149836792,0.7060181075803302,1.076643686051202
280120-15,115,0,7726,0.7492887757435066,0.7511910549343704,1.5100188071935925
280120-15,116,1,6903,0.8042257538448061,0.6817777777777778,1.6825841012949587
280120-15,117,0,9706,0.5851538736849005,0.752636476426799,1.233163799701682
280120-15,118,0,6123,0.6577815394344579,0.6949267960503915,1.327653160826874
280120-15,119,1,9707,0.5372059456306231,0.7240247631834117,1.1856051764461166
280120-15,120,1,13197,0.355150004576618,0.7751997180451128,1.0697368684449058
280120-15,121,0,4119,0.6571237863846818,0.6302019583843329,1.326642314711274
280120-15,122,0,10076,0.5118240435216571,0.7980357991446222,1.1640219854274607
280120-15,123,1,12736,0.610411533312039,0.6751484308736218,1.2624916607023589
280120-15,124,0,6408,0.5247575147879835,0.5510835913312694,1.1747406028017595
280120-15,125,0,5351,0.9254803025783022,0.3655803784928605,2.639945240174556
280120-18,1,1,11331,0.5019761690226323,0.7557022809123649,1.1562278250676823
280120-18,2,1,10163,0.6832972809681811,0.8292941656466748,1.3695998288054918
280120-18,3,1,12309,0.3764610604877761,0.8427935638479973,1.079409522446579
280120-18,4,0,17661,0.3393507243238997,0.7797350993377483,1.0630834569249037
280120-18,5,0,11765,0.4082813106320405,0.7784688678621055,1.0954628366387626
280120-18,6,1,12357,0.571882803388752,0.7653288740245262,1.2190136878321451
280120-18,7,1,12310,0.4975599592537539,0.8005983350676379,1.1528313259704994
280120-18,8,1,11893,0.5254093934463924,0.7675874532076933,1.1752959043546365
280120-18,9,1,12981,0.6403059815638309,0.7571303587051619,1.3018800077420345
280120-18,10,1,10428,0.2207495992687424,0.7686864219371959,1.025293461170804
280120-18,11,1,11779,0.4916061273263405,0.830091613812544,1.1483460127936258
280120-18,12,1,13000,0.4007644701778012,0.7812030527011598,1.091487241189055
280120-18,13,1,10007,0.621856978604587,0.7644766997708174,1.2769258477146996
280120-18,14,0,8148,0.44958045879246,0.7683168316831683,1.1195201508624937
280120-18,15,1,14069,0.5505224935966649,0.7632921006944444,1.1978625383074724
280120-18,16,1,13648,0.5427008686266587,0.781403870376732,1.1905810060464428
280120-18,17,1,13385,0.3272012650545653,0.7745949074074074,1.0582518184462129
280120-18,18,1,12864,0.2296419232897219,0.7791641429436705,1.0274586414092577
280120-18,19,1,11618,0.5077516790708283,0.7704244031830239,1.1607614274485505
280120-18,20,1,9033,0.2617812139626871,0.7265926640926641,1.0361328071551985
280120-18,21,1,12801,0.333518552967218,0.7696608946608947,1.060733870586569
280120-18,22,1,14406,0.4373494492333363,0.7864395676383885,1.1119863147077431
280120-18,23,1,15968,0.7403915701922057,0.7351749539594844,1.4877060161022888
280120-18,24,1,11212,0.3896149777170532,0.7786651850822974,1.085802463441102
280120-18,25,1,13596,0.6610123225878876,0.7687871077184054,1.3326669184598814
280120-18,26,1,12570,0.5531796557635511,0.7775578374365953,1.2003908709520077
280120-18,27,1,11721,0.3834418267147177,0.7888148596810014,1.0827607878139158
280120-18,28,1,15881,0.5319607664375309,0.7842469135802469,1.1809596211983349
280120-18,29,1,11223,0.4766914149896998,0.7624320652173913,1.1375649313167204
280120-18,30,1,11028,0.2990678047343558,0.7725935266918873,1.047963329333954
280120-18,31,1,10733,0.2170778750682401,0.7909358879882092,1.024428219136894
280120-18,32,1,14868,0.444092498144771,0.7759106565076714,1.1160951647729311
280120-18,33,1,9619,0.5287355820905182,0.7438137952366223,1.1781524421182397
280120-18,34,1,9500,0.5365025656362413,0.7816356754977785,1.1849763641019373
280120-18,35,1,14014,0.3278109979215285,0.7868613138686131,1.0584885585454669
280120-18,36,1,9699,0.3550812870731254,0.7741858237547893,1.0697069974366904
280120-18,37,1,13101,0.3764639972875847,0.7884569090033703,1.0794109128975278
280120-18,38,1,12622,0.5811327172660403,0.7677615571776155,1.2287898564332127
280120-18,39,1,12324,0.1876932038901154,0.7887864823348695,1.018093866215574
280120-18,40,1,12531,0.5106407221285227,0.7722790583014915,1.163069033376617
280120-18,41,1,13692,0.7409070733441543,0.6909219357117626,1.4889647856696135
280120-18,42,1,11748,0.4810987870842056,0.751872,1.140684772333432
280120-18,43,0,8954,0.6021902222285133,0.785438596491228,1.2525793128336515
280120-18,44,1,10662,0.3477793215478038,0.7666091458153581,1.066579724676597
280120-18,45,1,12453,0.3229144660046088,0.7909679878048781,1.0566042413995296
280120-18,46,1,9586,0.3697101460576125,0.7718196457326892,1.076255801555414
280120-18,47,0,4025,0.6473984289045381,0.8354088833540888,1.3120746801140537
280120-18,48,1,14470,0.6592000701728401,0.7330293819655522,1.329844535198841
280120-18,49,1,13669,0.4072775141276071,0.790755524702071,1.0949251316435282
280120-18,50,1,15085,0.3794259339324156,0.7809183620645028,1.080821550436731
280120-18,51,1,10950,0.3524457220687424,0.7809157038938811,1.0685675693059604
280120-18,52,0,4247,0.8942211638087999,0.7498234463276836,2.2340107853007334
280120-18,53,1,9970,0.7454240430652895,0.7178859447004609,1.5001712235289524
280120-18,54,1,13054,0.6555780913709578,0.7390172101449275,1.3242798780002245
280120-18,55,1,9509,0.4232110222563999,0.7650040225261464,1.1037148210701822
280120-18,56,0,7809,0.5322964535917097,0.774702380952381,1.181253940542363
280120-18,57,1,8509,0.5829811472043473,0.7437937062937063,1.230790921308562
280120-18,58,1,11989,0.5736916904635477,0.797724399494311,1.2208948877557466
280120-18,59,1,6563,0.8977391530191241,0.756716245820362,2.2700062261236167
280120-18,60,1,10533,0.4248116594024286,0.7767699115044248,1.104628471341798
280120-18,61,1,12680,0.4657290508337982,0.782716049382716,1.1300362416630736
280120-18,62,1,16508,0.4000181313692559,0.7851978691019786,1.091098871965828
280120-18,63,1,12589,0.5408486823777595,0.7565050177273,1.188891129876182
280120-18,64,1,12679,0.4649310317842001,0.7923384576927884,1.129500762361619
280120-18,65,1,10915,0.3611636782343998,0.777975766215253,1.0723832548599208
280120-18,66,1,9692,0.7568927438060004,0.7098806123196367,1.5301302976178488
280120-18,67,1,12030,0.6069665688755599,0.7853505679592636,1.2582931510436752
280120-18,68,1,12715,0.4758401728142829,0.7641225961538461,1.1369685974057269
280120-18,69,1,9758,0.3901217919819875,0.7656936597614564,1.086055492910467
280120-18,70,1,5459,0.8964258969616022,0.7694150810429881,2.256350018475868
280120-18,71,1,16014,0.4699563990050564,0.7726154291503835,1.1329010401085142
280120-18,72,1,8223,0.6832784834199866,0.8339756592292089,1.369566832120555
280120-18,73,1,14909,0.4287089046518177,0.7843539562289562,1.1068770855459908
280120-18,74,1,9966,0.7277818057112987,0.8388888888888889,1.4581324577643455
280120-18,75,1,8943,0.6700300414284749,0.726364522417154,1.3471025464971311
280120-18,76,1,9193,0.3686985456565801,0.7607580271433301,1.0757904934704454
280120-18,77,1,8311,0.4609851449963087,0.7709647495361781,1.1268775654337837
280120-18,78,1,11399,0.5410204181269896,0.7920922798971579,1.189047270978317
280120-18,79,1,15255,0.4843853960664029,0.7756253813300793,1.1430469226316708
280120-18,80,1,13574,0.3402212819965566,0.7790851173735867,1.0634390251606125
280120-18,81,1,12099,0.542229502635109,0.7803792569659442,1.1901497145162887
280120-18,82,1,10195,0.4842750339986358,0.7847136699507389,1.1429671033019675
280120-18,83,1,10053,0.6310711359709957,0.83775,1.2891166909696663
280120-18,84,1,9474,0.5329053475056512,0.7785996055226825,1.1817888351848127
280120-18,85,1,9823,0.9475129012104851,0.492331595829992,3.127760886552563
280120-18,86,1,8107,0.8071671897479711,0.8142828445158699,1.6939881508998325
280120-18,87,1,11613,0.2144502358324008,0.7802862326143922,1.0238192405172477
280120-18,88,1,10418,0.3824870746245573,0.7892424242424242,1.0822969485597784
280120-18,89,1,9863,0.5075710722708838,0.7837730451366814,1.160618057986336
280120-18,90,1,11419,0.452064100900476,0.7887139107611548,1.1210945161042136
280120-18,91,1,9098,0.779500715588845,0.6876795162509448,1.5964206040051565
280120-18,92,1,11660,0.3924329277946331,0.7838655462184874,1.0872157701269771
280120-18,93,1,12228,0.6861687168929729,0.7446108878333942,1.3746792267421923
280120-18,94,1,11011,0.7353408934408181,0.7754225352112676,1.4755848187362044
280120-18,95,1,13439,0.5309172078066926,0.801658315437843,1.1800472492964986
280120-18,96,1,10905,0.4820987396357991,0.7720353982300885,1.1414002072322644
280120-18,97,1,10942,0.4048406992768126,0.7858938447173741,1.093628570152308
280120-18,98,0,8395,0.5889113534263348,0.7429203539823008,1.2373211158325788
280120-18,99,1,10004,0.5692374262182038,0.7550188679245283,1.216288749701918
280120-18,100,1,11081,0.6064545202067863,0.7446908602150538,1.2576746819557385
280120-18,101,1,14905,0.4712067238490348,0.7913879154720187,1.1337575373732938
280120-18,102,1,14076,0.5574256929555773,0.7828698553948832,1.2044900964001015
280120-18,103,1,9741,0.551282912778241,0.7258569299552906,1.198583215385946
280120-18,104,1,12690,0.5087373228623261,0.7688113413304253,1.161545690135083
280120-18,105,0,10158,0.4711712069584338,0.7825885978428351,1.1337331493501963
280120-18,106,1,7892,0.827564278641138,0.8267337104546407,1.7813532501865634
280120-18,107,1,6455,0.8523147249378404,0.6567969067969068,1.9119389129641748
280120-18,108,0,11122,0.3756577615068631,0.7662946120986633,1.079029802685991
280120-18,109,0,4378,0.9169015924683914,0.7801140413399857,2.5055538451934107
280120-18,110,1,7301,0.8136817555107633,0.6934840425531915,1.7202507904069246
280120-18,111,1,10576,0.5101047841662779,0.7897252090800478,1.1626389253749874
280120-18,112,0,10439,0.5098362985742811,0.7630847953216374,1.162423805714216
280120-18,113,1,9919,0.4280120399624132,0.7841106719367589,1.1064724930081735
280120-18,114,1,9715,0.4544085770825249,0.7750299162345433,1.1225947822942044
280120-18,115,1,9443,0.9285095806345062,0.5916666666666667,2.6931787388808592
280120-18,116,1,10908,0.2115686649825032,0.7705022250476796,1.0231611598230756
280120-18,117,1,11538,0.6005578444588766,0.7770743534482759,1.250654541623139
280120-18,118,1,10528,0.6132474178692989,0.7487376431263779,1.2659976505380672
280120-18,119,1,8162,0.9171354461281452,0.5383194829178208,2.5089338054525543
280120-18,120,0,9067,0.7612101450240867,0.6570289855072464,1.542007460415026
280120-18,121,0,16746,0.5020086047398505,0.7951566951566952,1.1562529940158652
280120-18,122,1,8241,0.9468816145874542,0.686063936063936,3.109623396299361
280120-18,123,1,12080,0.4450426750755711,0.7799586776859504,1.1166829097231028
280120-18,124,1,17192,0.2408965793128663,0.7744144144144144,1.0303427797758722
280120-18,125,1,14546,0.5134421453433397,0.7591065650767144,1.165332461086917
280120-18,126,0,16325,0.2831354771158214,0.7658566335147308,1.0426659702117622
280120-18,127,0,19609,0.6852128064538806,0.7493217165348313,1.372979638885014
280120-18,128,1,9528,0.7358573260477602,0.8360094761779415,1.4768068621457198
280120-18,129,1,6565,0.6282801637904396,0.7304183355585224,1.2853682416653776
280120-18,130,1,14702,0.812258537843976,0.6665457677834701,1.7143907895653885
280120-18,131,1,9295,0.9194608422650876,0.5290869763205829,2.543354103290919
280120-18,132,0,10302,0.5074171748009491,0.6603846153846153,1.1604959730898994
280120-19,1,1,8332,0.8028440146809891,0.8031617505301716,1.6773200592104285
280120-19,2,1,10333,0.4459072725273569,0.7553362573099415,1.1172196199673847
280120-19,3,1,15531,0.2858360080418241,0.7924383897137609,1.0435379165796457
280120-19,4,1,8718,0.3654656874963428,0.7907482993197279,1.074316011719723
280120-19,5,1,9520,0.3060650313005366,0.7804558124282669,1.0504084641703246
280120-19,6,1,14659,0.5120208965088545,0.7376710950080515,1.16418095672252
280120-19,7,1,12637,0.5127957758257619,0.7907020397947692,1.164807949394305
280120-19,8,1,7405,0.1950966459966217,0.7870960884353742,1.0195924659209046
280120-19,9,1,11280,0.4965827224879702,0.7340404763454155,1.1520878010656297
280120-19,10,1,6246,0.6155530874730338,0.8235759493670886,1.268881876753571
280120-19,11,1,9246,0.5600064926018928,0.7449242668385433,1.2070177675837042
280120-19,12,0,8933,0.3726500273702887,0.7731521550978017,1.0776187686093412
280120-19,13,1,9089,0.3426274786899833,0.7514054232804233,1.064428418974862
280120-19,14,1,13859,0.3602150755804706,0.7725195094760312,1.07196154716597
280120-19,15,1,9054,0.3484106027233402,0.7485119047619048,1.066846449498236
280120-19,16,1,9336,0.3328823559110919,0.7721445703415764,1.0604809633783694
280120-19,17,1,8818,0.3460558851900111,0.7704674530362604,1.0658550238556144
280120-19,18,1,10047,0.6171445318874572,0.762060072815534,1.2708905621566475
280120-19,19,1,10406,0.3487495299038748,0.7801769380716749,1.066989933111012
280120-19,20,0,4271,0.8887309033573395,0.7645900465449338,2.181361660709249
280120-19,21,1,13653,0.3558708576015541,0.7776828434723172,1.0700507176683869
280120-19,22,1,9001,0.4713475678662886,0.7872824280591271,1.133854282908448
280120-19,23,1,12403,0.7676061474334002,0.6867663344407531,1.5602526559618697
280120-19,24,1,10353,0.605994945117056,0.7478870187098172,1.2571208115986403
280120-19,25,1,8175,0.5833580746281561,0.7661668228678538,1.23120095775216
280120-19,26,1,11117,0.643974234353334,0.7530312267154372,1.3071089312759716
280120-19,27,1,8241,0.6521945051242605,0.7911866359447005,1.3191712987153952
280120-19,28,1,9308,0.3073580907057301,0.8295900178253119,1.0508684118571017
280120-19,29,1,9443,0.6776558141747954,0.7341781993469134,1.3598426125175076
280120-19,30,1,9222,0.4871738219544805,0.7794117647058824,1.1450752841646876
280120-19,31,1,12337,0.4878735540410834,0.7860965974257678,1.1455878163477042
280120-19,32,1,10619,0.3698433521394165,0.769827461215021,1.0763172127210254
280120-19,33,1,8669,0.4355353102545226,0.8332372164552095,1.110899242013056
280120-19,34,1,10011,0.4946850435950317,0.7636155606407322,1.1506522186926622
280120-19,35,1,6862,0.5237968822651822,0.7780045351473923,1.173924975578382
280120-19,36,1,14163,0.2236559363726417,0.7771619841966637,1.0259902200930182
280120-19,37,1,7977,0.5348943747398668,0.7996992481203008,1.1835454950414537
280120-19,38,1,12283,0.4479741192896732,0.7885850025680534,1.1185100241415638
280120-19,39,1,8662,0.538531630634268,0.7495673243336795,1.1867952957148895
280120-19,40,1,12022,0.7940615564105842,0.7366421568627451,1.6451769527173632
280120-19,41,1,11781,0.3159960821224943,0.7725245901639344,1.0540067864424418
280120-19,42,1,9504,0.6501844621714828,0.7254961832061069,1.3161767213707285
280120-19,43,0,4120,0.8777408888588668,0.7357142857142858,2.087091797710908
280120-19,44,1,9633,0.5339453819180213,0.7645238095238095,1.1827055750757558
280120-19,45,0,10288,0.6077144267786104,0.7728365384615384,1.2591990204973729
280120-19,46,1,9438,0.6554285515360191,0.7205680256527714,1.3240522848617142
280120-19,47,1,10468,0.4355841717600174,0.7936917127909622,1.1109284200249048
280120-19,48,1,7714,0.3570524261219795,0.7642163661581137,1.0705671329740911
280120-19,49,1,9754,0.8991898348144673,0.5514473089099955,2.285407499970862
280120-19,50,0,5187,0.9093276391803612,0.7281021897810219,2.4033792569034422
280120-19,51,1,12140,0.513843445566075,0.786065786065786,1.1656587952422837
280120-19,52,1,10451,0.3975386454075085,0.759299622202848,1.0898167787923532
280120-19,53,1,11314,0.628021499133515,0.7419016393442623,1.2850233291974045
280120-19,54,1,9854,0.4090741011084618,0.8232247284878864,1.0958890094048743
280120-19,55,1,11235,0.3638630100366403,0.8078084555651424,1.0735920819543152
280120-19,56,1,8194,0.8977112925015575,0.5738095238095238,2.2697137234739837
280120-19,57,0,7951,0.7325301951356044,0.7491049557188619,1.4690014124924888
280120-19,58,0,17815,0.7890855065799891,0.7938948306595366,1.6279131792916597
280120-19,59,1,10111,0.2670407301013102,0.7580596791123106,1.0376832132525422
280120-19,60,1,7459,0.4792804001062011,0.7928358843537415,1.13939100365837
280120-19,61,1,7508,0.9531733270087068,0.5525463644392111,3.3066098592437894
280120-19,62,1,11115,0.4728459587143157,0.8270089285714286,1.1348868560068472
280120-19,63,1,11279,0.5907293418547984,0.7746565934065934,1.2393573568386431
280120-19,64,1,8387,0.6609138761119729,0.7467058404558404,1.3325129375204603
280120-19,65,0,8789,0.6094447239407424,0.7687396133998076,1.261306729018376
280120-19,66,1,10328,0.5059621078547026,0.7417941535588595,1.1593454120185398
280120-19,67,1,10634,0.586192963413103,0.7850867478774456,1.2343066102801046
280120-19,68,1,7687,0.61429493247441,0.7476171950982299,1.2673042341181713
280120-19,69,1,6286,0.7343390237016534,0.7489574645537949,1.4732251348247187
280120-19,70,1,10630,0.3666865578617185,0.7634300488365412,1.0748706033252242
280120-19,71,1,11750,0.6205268612637429,0.8150665926748057,1.275208982438071
280120-19,72,1,9237,0.5206558490211615,0.7170470423847228,1.1712802367712674
280120-19,73,1,8094,0.5734480964222524,0.7577232727953567,1.2206407014268008
280120-19,74,1,8009,0.4976332819466518,0.7816708959593988,1.1528872302076585
280120-19,75,1,8475,0.8739866940140214,0.5591107006201346,2.057825505709838
280120-19,76,1,8990,0.56803302469191,0.770879780483622,1.215058323069835
280120-19,77,0,16798,0.512850468367042,0.7416990462734017,1.164852277938661
280120-19,78,1,9216,0.6015353574023597,0.771342484097757,1.2518054531021514
280120-19,79,0,4845,0.8728585747333577,0.7280240420736288,2.049292593037613
280120-19,80,1,11212,0.6952426815979336,0.7098448876226654,1.391255804085295
280120-19,81,1,8229,0.5157291047806457,0.772240990990991,1.1671993061261616
280120-19,82,1,7160,0.9049153508146588,0.6408879341210169,2.3496704490441225
280120-19,83,1,9661,0.6450568871004618,0.7933809641126714,1.308670048190511
280120-19,84,1,6791,0.7292183593364524,0.7553108664219775,1.4613877865158948
280120-19,85,1,6429,0.8372639912999945,0.6688514357053683,1.8288260036857416
280120-19,86,0,10106,0.6947171770993534,0.7333817126269957,1.3902733563470009
280120-19,87,0,10264,0.7061417411948008,0.672608125819135,1.412288736292007
280120-19,88,1,10456,0.5087529801462529,0.8542483660130719,1.161558173526978
280120-19,89,0,17201,0.2209580599718566,0.7960109213753529,1.0253430867084916
280120-19,90,1,8921,0.5809551384895614,0.7747959006426959,1.2285984610745189
280120-19,91,1,11724,0.8260253751768099,0.7855802733851515,1.7742043573297817
280120-19,92,1,13232,0.1470416881090235,0.7770730561428236,1.0109891531005148
280120-19,93,1,21807,0.785586432627388,0.5760513524936602,1.6161565624097385
280120-19,94,1,8782,0.7414507085478839,0.6622926093514329,1.490296669379474
280120-19,95,1,10156,0.3012742639585014,0.7887542715128922,1.0487264216888772
280120-19,96,1,16097,0.6185500389763596,0.7148503419486633,1.272676858581342
280120-19,97,1,11361,0.5155869170131132,0.7390710382513661,1.1670827341922887
280120-19,98,1,8947,0.5444538092496525,0.8008413891872539,1.192192342997514
280120-19,99,1,9358,0.7151750808075588,0.7406410763751484,1.430727021017254
280120-19,100,1,14047,0.3800727973516272,0.7604894158410481,1.081131833893275
280120-19,101,0,9885,0.5231495678838093,0.7743830787309048,1.173377169708375
280120-19,102,1,9741,0.913738181128868,0.5587678540698675,2.4612143218812603
280120-19,103,1,10277,0.8165551165904935,0.7333380904809477,1.7322992156847514
280120-19,104,1,8651,0.5061038777675474,0.769935920256319,1.159457217802049
280120-19,105,1,14006,0.520727728037769,0.7476645491912668,1.1713403816636527
280120-19,106,1,9396,0.6117775384245575,0.7631578947368421,1.2641747768532172
280120-19,107,1,10626,0.4948296135579976,0.7720139494333043,1.1507612030685237
280120-19,108,0,4378,0.9057551893193708,0.7274842140245928,2.35959638050033
280120-19,109,1,8838,0.3061600263700977,0.7796400846859562,1.050442167880386
280120-19,110,1,8917,0.860322605634237,0.6244835072484067,1.9617461360926125
280120-19,111,1,9460,0.4427325927828765,0.7610619469026548,1.1152577678567654
280120-19,112,0,20463,0.8028440963706289,0.714390448261416,1.6773203687000715
280120-19,113,1,9814,0.2290932468849547,0.7895414320193082,1.0273221658643104
280120-19,114,1,12485,0.7680368064770928,0.7128582848007309,1.5615101426672675
280120-19,115,1,7487,0.5287308781093475,0.7605648110524177,1.1781483748352055
280120-19,116,1,10843,0.5627417661800153,0.7691707455486984,1.2097270512260128
280120-19,117,1,8643,0.826899806792492,0.814762443438914,1.778254264046816
280120-19,118,1,9244,0.9334127783681596,0.7418940609951846,2.787033959711967
280120-19,119,1,14316,0.6746640145143689,0.7827227993439038,1.3547841410973924
280120-19,120,0,11449,0.3269545431585525,0.7331582991803278,1.058156194403026
280120-19,121,1,9432,0.4123163586184465,0.7586872586872587,1.0976457603174328
280120-19,122,1,11682,0.5128404007525642,0.7772972253642957,1.164844117357913
280120-19,123,1,14060,0.5839289243750762,0.771340794382269,1.231823237199564
280120-19,124,1,9086,0.9514502302487264,0.4588888888888889,3.2488351327155875
280120-19,125,1,7157,0.7540724462088275,0.6975633528265107,1.5225537798212228
280120-19,126,1,9171,0.6184418765267078,0.6947727272727273,1.2725389798616642
280120-19,127,1,7657,0.7355150807888292,0.7121465773809523,1.4759965663058672
280120-19,128,1,8262,0.9399086028560182,0.6585890793144679,2.928891034913116
280120-19,129,1,8044,0.6407541068254428,0.7394741680455966,1.302513832021852
280120-19,130,1,5274,0.7712052216823088,0.7288557213930348,1.570878167512768
280120-19,131,1,7030,0.6269435796980296,0.4291819291819291,1.2835905009311075
280120-19,132,1,8667,0.8846836774172703,0.5732142857142857,2.1450398912987816
280120-19,133,1,9752,0.5214119940475261,0.6100719424460431,1.1719138231343358
280120-19,134,1,10460,0.2887756317883036,0.7911655699266319,1.0444989987422282
280120-19,135,1,11416,0.5399729037319504,0.729923273657289,1.1880966020671242
280120-19,136,1,5472,0.5958076763902109,0.6893424036281179,1.2451328595894278
280120-19,137,0,8208,0.7524783019865137,0.7972027972027972,1.5183330215546849
280120-19,138,1,14214,0.435794320650003,0.7573529411764706,1.111053975539576
280120-19,139,1,13536,0.3462474875370629,0.6483379634064566,1.0659353414649997
280120-19,140,0,6174,0.962744310329564,0.3741818181818181,3.6980419444220223
280120-19,141,1,10639,0.528623885544234,0.7577635327635328,1.178055885181681
280120-19,142,0,10898,0.7553700943655447,0.7776509205080634,1.5260222945529234
280120-19,143,0,6371,0.7923359440675478,0.5184733072916666,1.6391157628898585
280120-19,144,1,6433,0.7448305050824892,0.3990694789081886,1.498680305834109
280120-19,145,1,8340,0.9530481436763838,0.6750849927149102,3.3023046930206945
280120-20,1,1,7028,0.7188770491912003,0.8330962541488858,1.4385648423759965
280120-20,2,1,9060,0.5662509129360335,0.7957839262187089,1.2132492864638915
280120-20,3,1,11925,0.5486245798723525,0.7606199770378875,1.1960737885346322
280120-20,4,1,11682,0.7305479314133975,0.6817226890756303,1.4644259723235695
280120-20,5,1,9901,0.5751119868823048,0.7629064570812144,1.2223822703983884
280120-20,6,1,9904,0.3757432998934893,0.7905491698595147,1.0790701790827224
280120-20,7,1,10811,0.6045414255085694,0.7508160288908952,1.255376615891192
280120-20,8,1,6872,0.5536336092393944,0.8197542645830849,1.2008256410363054
280120-20,9,1,8955,0.4910913083245051,0.7553137651821862,1.1479631479764612
280120-20,10,1,9631,0.4994686820386622,0.7915023011176857,1.1542919638904394
280120-20,11,0,6359,0.43932082074851,0.7764346764346765,1.1131763773824055
280120-20,12,1,8190,0.5599169350485634,0.6940677966101695,1.206929590861336
280120-20,13,1,9258,0.462174281910419,0.7674071618037135,1.1276638198848368
280120-20,14,1,9978,0.4832270750101231,0.7683067683067684,1.1422109040614052
280120-20,15,1,7911,0.6691989509072862,0.7817193675889328,1.3457441771571577
280120-20,16,1,10162,0.422566805653338,0.7428362573099415,1.1033487101298731
280120-20,17,1,7585,0.755518066111635,0.8386775762936753,1.526419699600098
280120-20,18,1,8289,0.4370250691891245,0.7891279512566641,1.111791372564287
280120-20,19,1,9573,0.322210992195325,0.7841579292267365,1.056336673397633
280120-20,20,1,9214,0.687611657634864,0.714485111662531,1.3772612620130764
280120-20,21,1,9769,0.1626095067668589,0.845361716857044,1.013489029402493
280120-20,22,1,12026,0.5911934454585123,0.7218487394957983,1.2398797990285857
280120-20,23,1,10276,0.3581215253345898,0.7838291380625477,1.0710365155536985
280120-20,24,1,9175,0.4719020670959641,0.7585152116402116,1.1342356896993684
280120-20,25,1,9600,0.3980845610952489,0.7801706623323852,1.0900979893102567
280120-20,26,1,8801,0.7858144554398115,0.7726953467954346,1.6169133788566563
280120-20,27,1,10310,0.7040014791320726,0.71602194596847,1.408057032071601
280120-20,28,1,11597,0.2793723699248823,0.798801487808238,1.0414683144756949
280120-20,29,1,10932,0.690277221762454,0.7338882921589689,1.3820840576107327
280120-20,30,1,9694,0.4131847866594211,0.7733546071001197,1.098120100132929
280120-20,31,1,11729,0.3667617430111104,0.7690138998164175,1.0749048454643342
280120-20,32,1,7060,0.884251359970128,0.7703218767048554,2.141275918356996
280120-20,33,1,9471,0.5167735883308877,0.8154111063280242,1.168057680488776
280120-20,34,1,9775,0.2240202966057622,0.7655858395989975,1.0260783149610289
280120-20,35,1,12282,0.7400869250567584,0.7974289053369692,1.486964035216441
280120-20,36,1,8086,0.352476961215407,0.8086808680868087,1.0685810039081265
280120-20,37,1,12290,0.6411118370625697,0.7565870475252401,1.3030207862945635
280120-20,38,1,11745,0.8062286479773627,0.6853991596638656,1.6903196965596143
280120-20,39,1,9839,0.4207681132256254,0.7638975155279503,1.102331374189729
280120-20,40,0,7343,0.883362577743284,0.6273923444976076,2.13360526873281
280120-20,41,1,9946,0.8505799072797433,0.7190572585309427,1.901698123577124
280120-20,42,1,11215,0.4873860721743662,0.7673097974822113,1.145230600510448
280120-20,43,1,11056,0.4967638941148458,0.7834467120181405,1.152225425501975
280120-20,44,1,10005,0.5715818731418302,0.7574381103792869,1.2187021449510442
280120-20,45,1,11417,0.7913123021356931,0.7229609929078015,1.635557894633705
280120-20,46,1,9460,0.655371309005607,0.7818181818181819,1.3239652090009688
280120-20,47,1,8645,0.6140552929392838,0.7567401960784313,1.267004773728624
280120-20,48,1,9980,0.6156810719518616,0.7551452784503632,1.2690428724239708
280120-20,49,1,8299,0.4752231472340353,0.7386080455678178,1.1365375936930129
280120-20,50,0,7748,0.3681194740729164,0.7912581699346405,1.0755249810757646
280120-20,51,1,11627,0.2377376031658893,0.7811744154797098,1.0295168505874313
280120-20,52,1,7344,0.7476385128272639,0.7052045323602842,1.505783928805503
280120-20,53,1,11371,0.5937334161628998,0.7672739541160594,1.2427581202218947
280120-20,54,1,10932,0.582908806343814,0.8008791208791208,1.2307123032211689
280120-20,55,1,10011,0.705161023879349,0.7361029411764706,1.410343347267453
280120-20,56,1,9609,0.6511733609795423,0.7584655458205067,1.3176462839605303
280120-20,57,1,13618,0.5706345805865081,0.7536247924737134,1.217724069846981
280120-20,58,1,9880,0.5378212094550099,0.76,1.1861567126739805
280120-20,59,1,12001,0.9097901317392746,0.5440903114657478,2.4092404892965327
280120-20,60,1,11053,0.2732272761716326,0.7872507122507123,1.0395556023387047
280120-20,61,1,8758,0.6472564252248127,0.7594519597641346,1.3118670950053066
280120-20,62,1,8301,0.6707587237384788,0.8144623233908949,1.348298318898061
280120-20,63,1,10139,0.4977885700649824,0.7406676893856381,1.1530056823217587
280120-20,64,1,9102,0.5432879580556689,0.7702462553947702,1.1911193637884212
280120-20,65,1,9152,0.952352480894824,0.6085106382978723,3.2786928926565926
280120-20,66,1,6196,0.4148480168445049,0.7565323565323565,1.099033079105243
280120-20,67,1,10715,0.6828901991920038,0.6687262060787618,1.3688859846526793
280120-20,68,1,6442,0.7859692519238952,0.7607463391591875,1.6174278859840288
280120-20,69,1,8545,0.7070507963792086,0.7676068990298239,1.4141016104858808
280120-20,70,1,10991,0.3238947537640988,0.7762005649717514,1.0569784101196529
280120-20,71,1,9681,0.5980014727457327,0.7515137401024685,1.247668416174975
280120-20,72,1,7503,0.7555455156671512,0.6869620948544223,1.5264934630849407
280120-20,73,1,8158,0.5343700603956731,0.7331056793673616,1.1830810374854526
280120-20,74,1,12613,0.710509406619538,0.7498810939357907,1.4210849443402631
280120-20,75,1,4886,0.8350904698030036,0.8011149368748975,1.8178095591528616
280120-20,76,1,7326,0.91322944236075,0.7600373482726424,2.454314866204236
280120-20,77,1,10565,0.5118368536665455,0.7787851982898423,1.1640323265931574
280120-20,78,1,11817,0.6601211875627401,0.7760047281323877,1.3312758622498495
280120-20,79,1,7595,0.5409735754078814,0.7681027508090615,1.1890046708435704
280120-20,80,1,9088,0.3137909042506496,0.801410934744268,1.053194638122652
280120-20,81,1,11922,0.5463218317152005,0.7632033800652968,1.1939224425026542
280120-20,82,1,9089,0.5889421607262084,0.7652605876904942,1.237355485892658
280120-20,83,1,7798,0.5695059978769493,0.747364385662258,1.2165639909611328
280120-20,84,1,12481,0.5871750511637894,0.7315514917062306,1.235391526023551
280120-20,85,0,5062,0.7449006123896408,0.7563125653668011,1.4988561162478955
280120-20,86,1,8355,0.7138234461655657,0.6703843376394126,1.4279070414588182
280120-20,87,1,9855,0.5829914876137867,0.766210542683875,1.2308021610131998
280120-20,88,1,11193,0.7457872922504084,0.7175,1.5010864606715684
280120-20,89,0,12400,0.6009152211057661,0.7339015151515151,1.2510747271900626
280120-20,90,1,5825,0.7526970097906475,0.6754406307977736,1.5189094823269016
280120-20,91,1,8983,0.6866389781726426,0.736915504511895,1.3755185333353344
280120-20,92,1,9173,0.6315779258450068,0.7063217063217063,1.289802658923356
280120-20,93,1,6188,0.6249141018847315,0.7473429951690821,1.2809123939752227
280120-20,94,1,5424,0.8943677556430846,0.7071707953063885,2.2354738805298684
280120-20,95,1,9160,0.813288694950721,0.6256830601092896,1.7186253593167131
280120-20,96,1,7584,0.9203652275938532,0.7217358203273696,2.557152988572549
280120-20,97,1,5618,0.8802649995687581,0.7053358443188952,2.1075598137874483
280120-20,98,1,9170,0.6076877119710538,0.7562886597938144,1.2591666083045718
280120-20,99,1,8091,0.6243988386531951,0.7824951644100581,1.2802364902736754
280120-20,100,1,9548,0.3292463657046606,0.7827512707001147,1.05904823796215
280120-20,101,1,10641,0.4966845835046573,0.7778508771929824,1.1521651660834298
280120-20,102,1,10021,0.4335268528376207,0.792549826004429,1.1097046859208444
280120-20,103,1,12513,0.608607714156491,0.8052123552123552,1.2602850822836311
280120-20,104,1,10158,0.3786281841942928,0.783131601264359,1.0804399851610584
280120-20,105,1,11295,0.4084343062806251,0.717233934467869,1.0955449779695918
280120-20,106,1,13716,0.5063316383735644,0.7681451612903226,1.1596369728757885
280120-20,107,0,10136,0.7849660601864001,0.6979754854703208,1.6141039956860888
280120-20,108,1,9845,0.3804182987720369,0.7516414719804551,1.0812978881408355
280120-20,109,1,8537,0.6024165356379771,0.7966592011944755,1.252847279416459
280120-20,110,1,12287,0.44608836749249,0.7811188811188812,1.1173322671809724
280120-20,111,0,5017,0.8417649691789323,0.642381562099872,1.8523863746386129
280120-20,112,1,9795,0.9030069286276698,0.5642281105990783,2.327605953281826
280120-20,113,1,8694,0.82917821736252,0.7039676113360324,1.7889589064758895
280120-20,114,1,9270,0.823143726073723,0.7537811026183119,1.76108091624643
280120-20,115,1,9860,0.6702295769011275,0.6886917650345743,1.347429540004721
280120-20,116,1,8272,0.3856245922835595,0.8045127407119238,1.083827826386878
280120-20,117,1,12191,0.6980895851108689,0.6900826446280992,1.396627706376656
280120-20,118,1,10119,0.4602852278641305,0.6860338983050848,1.1264164949450322
280120-20,119,0,8949,0.906098603993545,0.5962025316455696,2.3636942239409904
280120-20,120,1,14744,0.4774165311473206,0.7178188899707887,1.1380744914183114
280120-20,121,0,9832,0.4219446183611374,0.7709558535246609,1.1029959928361066
280120-20,122,1,8911,0.7930231541329829,0.7227088402270884,1.6415199637181237
280120-20,123,1,9625,0.3607965836944768,0.7033248081841432,1.072219869915617
280120-20,124,1,15127,0.9067235013999508,0.5727754638394548,2.3712100261521574
280120-20,125,1,12063,0.8001753278253361,0.6724080267558529,1.667316479973915
280120-20,126,1,7687,0.9107496959526432,0.5739994026284349,2.4215489267765817
280120-20,127,1,9439,0.2480311876170143,0.7351246105919003,1.0322558825547716
280120-20,128,0,6714,0.7287028567841516,0.6377279635258358,1.4602163766493532
280120-20,129,1,8040,0.6653420672711137,0.7276018099547511,1.3395154023413076
280120-20,130,1,9057,0.6164304849829643,0.6966923076923077,1.2699874874517942
280120-20,131,1,11429,0.8413518955732489,0.7898956389522427,1.850180756875182
280120-20,132,1,8780,0.4277082955905016,0.72658060244952,1.106296486661751
280120-20,133,1,12033,0.7079766904284172,0.6483297413793103,1.415957672196897
280120-20,134,1,12061,0.5511434954956457,0.72464551790435,1.1984509126307243
280120-20,135,0,9787,0.6884025331284311,0.6970797720797721,1.3786849769486376
280120-20,136,0,7459,0.8000945684394599,0.6849403122130395,1.6670170513094704
280120-20,137,0,7762,0.8486164516868832,0.7098308184727938,1.8903283726571327
280120-20,138,1,8910,0.5247499387521048,0.7718295218295218,1.174734157846317
280120-20,139,1,7652,0.7291582794075211,0.685663082437276,1.4612510751605992
280120-20,140,1,10186,0.4110270668120314,0.7639118044097795,1.0969445108861011
280120-20,141,1,10793,0.6409206220506592,0.7356188658669575,1.3027496987925498
280120-20,142,1,8035,0.516876129415924,0.7084288485275966,1.1681421463622297
280120-20,143,1,8367,0.6215379196401618,0.6951645064805583,1.276513050805258
280120-20,144,1,8958,0.2842036329403286,0.7765256588072122,1.043009605373637
280120-20,145,1,8625,0.4114946734023698,0.7912844036697247,1.0971984343115992
280120-20,146,0,4937,0.8665262270240138,0.645359477124183,2.0034798695770992
280120-20,147,1,9343,0.77445732593645,0.6884025935750073,1.580712391044382
280120-20,148,1,7410,0.649254018967652,0.660781166399144,1.314800536896892
280120-20,149,0,8654,0.492684394510256,0.6637521092192054,1.1491504537217507
280120-20,150,1,5631,0.7520405107008132,0.8048885077186964,1.5171815807742977
280120-20,151,1,9717,0.7641368740415144,0.690127840909091,1.5502574822182509
280120-20,152,0,22427,0.4334858702341675,0.7382645335440121,1.1096804084731813
280120-20,153,1,11648,0.5675399411595726,0.7482014388489209,1.214556410859094
280120-20,154,0,9729,0.396484832193002,0.6949285714285715,1.08927564594037
280120-20,155,0,8878,0.7633889139669837,0.5662712080622528,1.5481334787224736
280120-20,156,1,9177,0.7039104183957036,0.6684877622377622,1.4078781138405727
280120-20,157,0,6151,0.966087898887705,0.4288204127161182,3.872765365337405
280120-20,158,0,11283,0.5748206792973581,0.72215821812596,1.2220764599382996
280120-20,159,1,7930,0.8420181834152128,0.7342592592592593,1.8537428623338483
280120-20,160,1,12119,0.6228117067899722,0.7177801468846245,1.278164736223952
280120-20,161,1,15660,0.8206191775452647,0.6542446524064172,1.7498565118088043
280120-20,162,1,8341,0.4834251089742756,0.655069504437289,1.142353563393005
280120-20,163,1,7153,0.7771132107602946,0.6696311552143793,1.5889136217845363
280120-20,164,0,4684,0.8557542768504502,0.5830221558376898,1.9328061209288083
280120-20,165,1,7798,0.7685334055336197,0.6218500797448165,1.562964828734278
280120-20,166,1,7435,0.8876659741057783,0.6296578590785907,2.1716096575739163
280120-20,167,1,10688,0.7823610475858745,0.7980884109916367,1.6055870084728348
280120-20,168,1,8155,0.8159342827487696,0.5985321100917431,1.7296709139717643
280120-20,169,1,9313,0.6687984727650632,0.661434659090909,1.345091684419682
280120-20,170,1,8090,0.456571755022897,0.7428833792470156,1.1239913118357354
280120-20,171,1,10249,0.5972312018770699,0.7288955266339521,1.2467753225782685
280120-20,172,1,8772,0.8280237699911182,0.6049655172413793,1.783507206677189
280120-20,173,0,4718,0.5631301128126419,0.7054425837320574,1.2101142635511266
280120-20,174,0,7578,0.4410702572759959,0.6809849029475198,1.1142401724408848
280120-21,1,1,9560,0.3936772409802202,0.7901479461112488,1.087844851983378
280120-21,2,1,10762,0.3486880402207177,0.7806470332221094,1.0669638870135374
280120-21,3,1,9314,0.508561840886905,0.7920068027210885,1.161405833956593
280120-21,4,1,5825,0.7786303824376868,0.8534798534798534,1.5936690530490425
280120-21,5,1,7532,0.6381291625731849,0.7384313725490196,1.2988205048817734
280120-21,6,1,9922,0.4233244549742427,0.7702220152150288,1.103779380878569
280120-21,7,1,9569,0.670386219292038,0.7534645669291339,1.3476864766444885
280120-21,8,0,4950,0.605329487662684,0.812807881773399,1.256320853699536
280120-21,9,1,11161,0.3042965480596616,0.7882062146892655,1.0497835144710823
280120-21,10,1,13773,0.3621218040899991,0.7670843776106934,1.072810829622298
280120-21,11,1,10280,0.5396412093363802,0.7848526492594289,1.1877964320272578
280120-21,12,1,9292,0.4300602553727426,0.7689506785832506,1.1076648132674751
280120-21,13,1,7744,0.7199921420027711,0.7812752219531881,1.4409591163004545
280120-21,14,1,9531,0.3227962190606206,0.7738085572785581,1.0565592108561033
280120-21,15,1,7912,0.456144084306645,0.8259734836621777,1.1237142712616506
280120-21,16,1,7819,0.323579294681987,0.7667941551436697,1.05685783451832
280120-21,17,1,9413,0.508236251391187,0.7575245453082247,1.161146606081475
280120-21,18,1,9808,0.6611473257022319,0.7620823620823621,1.3328782020718837
280120-21,19,1,10553,0.4202277611158132,0.7723214285714286,1.1020271474318948
280120-21,20,1,10846,0.3200193835903599,0.778942832519391,1.0555081215005893
280120-21,21,1,9931,0.4152928721029822,0.7854318253717179,1.0992782777986057
280120-21,22,1,9119,0.5251161719922434,0.7746347264695889,1.1750459415003351
280120-21,23,1,11659,0.2388414356571263,0.7899051490514906,1.0298039882453207
280120-21,24,0,6608,0.586232252517744,0.7648148148148148,1.2343499233843236
280120-21,25,1,7490,0.6019861316790884,0.8121882454998915,1.2523378928998803
280120-21,26,0,4059,0.8959821880084976,0.8324446267432322,2.251795860412215
280120-21,27,1,9555,0.3655167355254584,0.7693236714975845,1.0743391465379608
280120-21,28,1,12758,0.1230054786198892,0.7607632677400119,1.0076521186196126
280120-21,29,1,10046,0.6469845200985873,0.7619842233009708,1.311470017908242
280120-21,30,1,15458,0.4242610746605498,0.7614778325123153,1.1043135500550605
280120-21,31,1,11156,0.4169124046835797,0.7507907665387981,1.1001745583827225
280120-21,32,1,8722,0.4499728418512299,0.7763239875389408,1.1197678628493957
280120-21,33,1,9344,0.6121503680125036,0.7978142076502732,1.2646359831082057
280120-21,34,0,4436,0.6942985733128321,0.7321340155141113,1.3894927806027142
280120-21,35,1,12623,0.6780254465760427,0.737669471715755,1.360473084105
280120-21,36,1,14873,0.7472736673782217,0.7674406604747162,1.5048537209269357
280120-21,37,1,9720,0.7021986461378164,0.7598499061913696,1.4045317004179865
280120-21,38,1,8344,0.3319874871681141,0.7867986798679868,1.0601263486818506
280120-21,39,1,8641,0.5964386403644963,0.752438174851968,1.2458595806138442
280120-21,40,1,10973,0.2692710561969262,0.7814413901153682,1.0383521265981897
280120-21,41,1,11388,0.3823357389555721,0.7985974754558205,1.0822235872151835
280120-21,42,1,9398,0.6165151647059448,0.7179526355996945,1.270094429019154
280120-21,43,0,5224,0.761416516991977,0.820996385352821,1.5425838511823733
280120-21,44,1,9589,0.5696026687058573,0.7748060762766645,1.2166631400129542
280120-21,45,1,8676,0.8478577196215291,0.8085740913327121,1.8859960334722363
280120-21,46,1,11919,0.662858086759341,0.7468045112781955,1.3355680866669086
280120-21,47,1,10317,0.5142046917908659,0.7669491525423728,1.1659530107148963
280120-21,48,1,9836,0.7300295883855958,0.724834193072955,1.4632386033368414
280120-21,49,1,8893,0.515937594379071,0.7778360885157002,1.167370356619383
280120-21,50,1,7997,0.4993241898681034,0.7633638793432608,1.1541810019242642
280120-21,51,0,9318,0.3629171283057039,0.7848719676549866,1.073167002808369
280120-21,52,1,11087,0.5717966900792482,0.8020109953703703,1.2189244964899637
280120-21,53,1,11590,0.6537928166230444,0.7876316683656133,1.32157377504882
280120-21,54,1,10933,0.4038113334825259,0.7605565217391305,1.093084585268307
280120-21,55,1,9725,0.5371117126840244,0.7879598120239831,1.1855208275502238
280120-21,56,1,9162,0.3811626047353457,0.7865728021978022,1.0816563884662438
280120-21,57,1,9684,0.243639481231307,0.7720640994977278,1.0310704111950766
280120-21,58,1,8831,0.7255738865081104,0.7399865929277694,1.4531836487989462
280120-21,59,1,8013,0.6213667595442762,0.7543777066465825,1.276291856860817
280120-21,60,1,11670,0.5017695566740413,0.7661502100840336,1.15606757805436
280120-21,61,1,10951,0.1832059039734811,0.7798746617290985,1.0172168393583307
280120-21,62,1,7564,0.4920928790468376,0.7812435447221648,1.1487087263248832
280120-21,63,1,6870,0.3040054314337848,0.7537853851217906,1.0496810927835525
280120-21,64,1,9742,0.6186999055871911,0.7920325203252032,1.2728680131192784
280120-21,65,1,8579,0.9328974883030072,0.731684434968017,2.7766823578667323
280120-21,66,1,10461,0.408329327314815,0.7774804905239688,1.0954886108548028
280120-21,67,1,6671,0.6623742254933168,0.6812704248366013,1.3348049389356285
280120-21,68,1,8723,0.2431737273117146,0.7918482207697894,1.030946167218274
280120-21,69,1,10083,0.6354150166896005,0.7193408004565884,1.295050252839738
280120-21,70,0,6501,0.945058380052616,0.6788138247885559,3.0590244576989414
280120-21,71,1,9298,0.3548666046203772,0.7762564701953582,1.0696137298510042
280120-21,72,0,4626,0.8251755479867727,0.7105990783410139,1.7702988663890151
280120-21,73,1,9752,0.5248276434041689,0.7723744653888801,1.174800270870411
280120-21,74,1,8800,0.7553985474148285,0.706090026478376,1.5260986802462817
280120-21,75,1,11261,0.4182083732430077,0.7892486683487524,1.1008958742709711
280120-21,76,1,7591,0.2938206068561866,0.774829029294682,1.0461776743459132
280120-21,77,1,8879,0.6032754415800087,0.7854046881910659,1.253866753591562
280120-21,78,1,11832,0.3634128185964335,0.7643410852713178,1.0733895649975649
280120-21,79,1,10086,0.5638890710714615,0.7248293208767517,1.2108728525960777
280120-21,80,1,9181,0.2879482002651064,0.7871227709190672,1.0442272143489415
280120-21,81,1,10684,0.4508204569149868,0.7804806779165754,1.1203042641067067
280120-21,82,1,9307,0.5741167755232681,0.7775271512113617,1.2213390964600406
280120-21,83,1,9938,0.5067659267460237,0.7390496021417416,1.1599801816699096
280120-21,84,1,9188,0.3088450581962721,0.7804960924226979,1.051400483535652
280120-21,85,1,12309,0.6890422841935719,0.7126563223714683,1.3798410795101836
280120-21,86,1,8135,0.3941859798485209,0.7674528301886793,1.0881029419765151
280120-21,87,1,10017,0.4044337538750353,0.7722611980572045,1.0934132507087904
280120-21,88,1,10779,0.223024546860919,0.7874780829924021,1.0258379560626285
280120-21,89,1,10216,0.8255917184745811,0.6551237655508529,1.772207703572562
280120-21,90,1,8763,0.4889476426070773,0.7833199249128453,1.14637732902776
280120-21,91,1,10838,0.221709052697705,0.7784241901888961,1.0255223141371697
280120-21,92,1,11561,0.4206082809856569,0.7705278592375366,1.1022413191553475
280120-21,93,1,7095,0.5270222317068892,0.7815598149372108,1.1766761643641486
280120-21,94,1,17226,0.7820453169925602,0.7760857812218418,1.604565779143951
280120-21,95,1,15832,0.7719899482338539,0.7494437869822486,1.5732305687861492
280120-21,96,1,9376,0.5672834630869851,0.7789963443004321,1.2142957584278304
280120-21,97,1,10240,0.4235814049937976,0.7961436790545794,1.1039257289470692
280120-21,98,1,10117,0.3553260487536894,0.7794298921417565,1.0698134313895948
280120-21,99,1,12631,0.6448553328453169,0.7734843845682793,1.308378797059593
280120-21,100,1,8577,0.5233785869104272,0.8133712660028449,1.1735708176510766
280120-21,101,1,9592,0.4755858870216061,0.7668692037096259,1.136790846959836
280120-21,102,1,8746,0.3948571343868928,0.7801266613147801,1.088444219358906
280120-21,103,1,15789,0.7997431818529073,0.6658653846153846,1.665716454250447
280120-21,104,1,14657,0.4166582547990973,0.7753385526872619,1.1000335309430858
280120-21,105,0,20087,0.8217316390694649,0.6498123706004141,1.7547718698730164
280120-21,106,1,6902,0.7575527549853673,0.7381818181818182,1.5319238880343944
280120-21,107,1,11274,0.2299991266019827,0.7831342039455405,1.0275476954843152
280120-21,108,1,9493,0.3057350734195329,0.7918752085418752,1.0502915034178335
280120-21,109,1,8651,0.5157236452357155,0.7733083042817556,1.1671948289070375
280120-21,110,0,18685,0.8812413115038675,0.6504107490949597,2.115655980581451
280120-21,111,1,9991,0.3080970301943958,0.789802371541502,1.0511323996876862
280120-21,112,1,8810,0.5489626918644331,0.7127831715210357,1.1963914148880692
280120-21,113,1,12118,0.3119678687796981,0.7759989754098361,1.052528926609057
280120-21,114,1,15587,0.3326100613796971,0.7785714285714286,1.060372920960995
280120-21,115,1,8277,0.5049657209467759,0.7298941798941799,1.1585614121232706
280120-21,116,1,6370,0.7112252956919194,0.8155165791832032,1.4225476756149928
280120-21,117,1,8048,0.3392241454727526,0.7736229933672979,1.063031862902377
280120-21,118,0,4047,0.7430329428584155,0.6995678478824546,1.4941991222041864
280120-21,119,1,14229,0.2819743198351946,0.7924812030075188,1.042294266236406
280120-21,120,1,11781,0.3775876517916849,0.7610465116279069,1.0799441078233916
280120-21,121,0,10444,0.6060576252807837,0.7379875635952515,1.2571962846208196
280120-21,122,1,11050,0.5208304070265111,0.7620689655172413,1.1714263289654698
280120-21,123,1,15561,0.7539632449958967,0.7651947285601888,1.5222632419912625
280120-21,124,0,8380,0.6209421022185018,0.8600164203612479,1.2757438217210495
280120-21,125,1,6708,0.7303922941908346,0.7848367848367849,1.4640690617622727
280120-21,126,0,17199,0.7914891512130762,0.6660857441617288,1.6361705849115464
280120-21,127,1,10870,0.4570176276402291,0.7249566493263973,1.124280638443318
280120-21,128,0,11958,0.6940246837999193,0.7247272727272728,1.388983020493901
280120-21,129,1,8709,0.5527366730328139,0.801638438880707,1.1999674062020844
280120-21,130,1,10104,0.5681422379528761,0.7269587740125188,1.2151696350114212
280120-21,131,1,15171,0.796573453189827,0.6861601085481682,1.6541454606649009
280120-21,132,1,10899,0.5429810139832748,0.7801717967072298,1.1908377340993463
280120-21,133,1,17087,0.7966009090409423,0.6808112200175312,1.654244459094037
280120-21,134,1,8172,0.6147096123710327,0.8539184952978056,1.2678232084051675
280120-21,135,0,8342,0.4064949346883969,0.6908488612836439,1.0945073916105597
280120-21,136,1,15694,0.8075938277006763,0.6753012048192771,1.695665074818712
280120-21,137,1,11920,0.564342013161862,0.72484037701429,1.2113267424862173
280120-21,138,1,7584,0.6103589482272568,0.7154716981132075,1.2624270776107678
280120-21,139,1,7797,0.3449271823404067,0.7609798945930119,1.0653831532084588
280120-21,140,1,9976,0.5267161276527734,0.7557575757575757,1.176413502327056
280120-21,141,0,6613,0.5746232874198077,0.6547524752475248,1.221869459212441
280120-21,142,1,8138,0.4637835618385279,0.7673738802451674,1.1287337354189035
280120-21,143,0,7733,0.6361489852450616,0.6897689768976898,1.2960649951129557
280120-21,144,1,9537,0.7054549763201611,0.7413712686567164,1.4109253153830286
280120-21,145,1,12873,0.8167163114937208,0.6979127134724857,1.7329839243604954
280120-21,146,1,9344,0.6438899559584782,0.6293103448275862,1.3069877511843704
280120-21,147,0,17922,0.8008516271347542,0.667486033519553,1.66983151195401
280120-21,148,1,5466,0.8416260611239237,0.7655462184873949,1.8516436703633272
280120-21,149,1,10354,0.4696813660319797,0.6986504723346829,1.1327132022464663
280120-21,150,1,8726,0.5410863604062863,0.7359986504723347,1.189107254823216
280120-21,151,1,10239,0.5742364041700784,0.7629657228017884,1.221464253765159
280120-21,152,0,10057,0.6426807182998088,0.6985968324534593,1.305254484905145
280120-21,153,1,7454,0.5628684103074879,0.8334078711985689,1.2098532552507597
280120-21,154,1,15774,0.6756464327589902,0.6196574481458202,1.3564364997853442
280120-21,155,1,16424,0.7841208878810648,0.7045298558682224,1.611322789392213
280120-21,156,0,8636,0.4497766698996367,0.7337298215802889,1.119643971650999
280120-21,157,1,5008,0.954568972833327,0.4121132323897301,3.3558166289834306
280120-21,158,0,9425,0.459314134914796,0.7738095238095238,1.125778881306687
280120-21,159,1,6991,0.6392612694840994,0.7273200166458593,1.3004076769623318
280120-21,160,0,10275,0.463236589162889,0.7602101213376738,1.128369326522839
280120-21,161,1,15254,0.7904645030296354,0.7669180492709905,1.6326321300489426
280120-21,162,0,7998,0.3761156359547568,0.6921079958463136,1.0792460915952835
280120-21,163,1,9045,0.5798642822245534,0.702251552795031,1.2274259686053328
280120-21,164,0,10953,0.5553887135689357,0.7182295081967213,1.2025144031681918
280120-21,165,1,8565,0.5374607584079749,0.7458202716823407,1.1858334263796406
280120-21,166,0,9567,0.6563407049245358,0.79725,1.3254431808158718
280120-21,167,1,9505,0.3033021865874694,0.75779319142151,1.049434202401479
280120-21,168,0,4991,0.9123681297422228,0.5692290145985401,2.4427735619268582
280120-21,169,1,10181,0.4519577577101415,0.7437901811805961,1.1210267915817995
280120-21,170,1,8904,0.2719062459541626,0.7706422018348624,1.0391513287051943
280120-21,171,0,6635,0.7083051718135476,0.8116207951070337,1.416618495298742
280120-21,172,1,14732,0.6933394985587226,0.720039100684262,1.3877110927759886
280120-21,173,1,8689,0.2611070364614142,0.7881179138321995,1.035936798085069
280120-21,174,0,9858,0.7544026271374407,0.6928104575163399,1.5234335198076434
280120-21,175,0,10730,0.4377589576511566,0.7392862064213862,1.1122327695664824
280120-21,176,1,9170,0.5231853243638558,0.7513929859062602,1.1734073918441288
280120-21,177,1,8218,0.3626920604263567,0.7749174917491749,1.073066094489299
280120-21,178,1,10392,0.4426348452111101,0.7743666169895678,1.1151977486517883
280120-21,179,1,9421,0.3976738878984741,0.7791745926722355,1.0898863882836043
280120-21,180,1,16888,0.8785281593229604,0.6627943485086342,2.0934053946123665
280120-21,181,1,9955,0.7219458780590237,0.6693786982248521,1.4451921125557825
280120-21,182,1,8637,0.4859960474915298,0.7742716270730614,1.1442158081964553
280120-21,183,0,9045,0.5806476752271413,0.7153590635874724,1.2282674250648242
280120-21,184,1,6941,0.5808573764464566,0.7945283882783882,1.228493155736658
280120-21,185,1,8506,0.3685707224602236,0.7865002311604253,1.0757318319396008
280120-21,186,0,7038,0.7637409980703407,0.5481308411214953,1.5491319546640745
280120-21,187,0,6687,0.4134688832143421,0.6687,1.0982756255404622
280120-21,188,1,8501,0.7419024315879601,0.5896920088790233,1.491406840854539
280120-22,1,1,14152,0.6258300416485634,0.757277397260274,1.2821179195963044
280120-22,2,1,9806,0.4135083352279259,0.7887709137709138,1.0982972367750887
280120-22,3,1,7698,0.7096188780509547,0.8295258620689655,1.4192737099961956
280120-22,4,1,10780,0.4171117292878209,0.787551139684395,1.1002852615055183
280120-22,5,1,8868,0.8126787212804861,0.8193661646493579,1.7161135672975327
280120-22,6,1,10523,0.3732681423118259,0.7889488678962363,1.077907371257236
280120-22,7,0,12674,0.5449151515229538,0.776593137254902,1.1926183728003612
280120-22,8,1,12600,0.5964090565393708,0.7532281205164992,1.2458254614188886
280120-22,9,1,14140,0.5729837994849573,0.7949626131444313,1.220156953190638
280120-22,10,1,8442,0.622203144471119,0.8341897233201581,1.2773744086444452
280120-22,11,1,11480,0.5973210951874799,0.8304398148148148,1.2468793916097438
280120-22,12,1,12916,0.3284666984562597,0.7763418885616398,1.0587438161951734
280120-22,13,1,11590,0.3484901249085998,0.7924786324786325,1.0668800972090295
280120-22,14,1,16919,0.3403149130782123,0.7778850574712644,1.063477343133578
280120-22,15,1,12725,0.4417941675079976,0.7593388232485977,1.11468249971688
280120-22,16,1,10405,0.5118878127108482,0.78033598320084,1.1640734692748111
280120-22,17,1,14077,0.306135857563145,0.8080941446613088,1.0504335916254883
280120-22,18,1,13867,0.3814457079624813,0.7619230769230769,1.0817930249267176
280120-22,19,1,12052,0.5584273160397015,0.7716737098220002,1.205467827813963
280120-22,20,1,15492,0.2827053594822809,0.768452380952381,1.042528058558036
280120-22,21,1,11176,0.2836443503995746,0.7826330532212885,1.0428294754928935
280120-22,22,1,11007,0.5808926661633973,0.7466422466422467,1.2285311632322846
280120-22,23,1,13292,0.3817638684230809,0.7535147392290249,1.081946764306614
280120-22,24,1,11242,0.5008187188341985,0.7742424242424243,1.1553318217431086
280120-22,25,1,12112,0.5465756314790164,0.7492267722380305,1.1941585434842166
280120-22,26,1,11525,0.1795159938526947,0.7807207695434223,1.016513201193426
280120-22,27,1,12321,0.5258140621902948,0.7936231884057972,1.1756413643993309
280120-22,28,1,11621,0.2248784986665929,0.787330623306233,1.0262864674760572
280120-22,29,1,10834,0.1909159020653245,0.791438381181971,1.0187382674034324
280120-22,30,1,11122,0.338901724415889,0.7666115246760408,1.062900563698567
280120-22,31,1,8089,0.557881049635693,0.7697211913597869,1.20493407886544
280120-22,32,1,11753,0.5176888149913733,0.8125691371681416,1.168812820078049
280120-22,33,1,12592,0.4504036995393153,0.7874921826141338,1.120040302612054
280120-22,34,1,11263,0.5945122736746407,0.7828051153739227,1.2436472393766234
280120-22,35,1,11813,0.3460752789489257,0.7622273841786037,1.0658631506594702
280120-22,36,1,12561,0.6495738272332057,0.720943580324858,1.31527284441867
280120-22,37,1,8375,0.5347563341759793,0.8351615476665337,1.1834231162333209
280120-22,38,1,12504,0.4545081783133791,0.7815,1.1226588243168094
280120-22,39,1,11901,0.7014646319931921,0.7155483405483406,1.403106517536692
280120-22,40,1,15078,0.4881048997848171,0.7770562770562771,1.145757583411285
280120-22,41,1,10474,0.2865492738582124,0.7786202795123401,1.0437699654264792
280120-22,42,1,11916,0.1365214151785392,0.7628192817361245,1.009451372229219
280120-22,43,1,13007,0.429974136919196,0.7712879506641366,1.1076144889923911
280120-22,44,1,10627,0.4999573495929502,0.7590714285714286,1.1546677088810329
280120-22,45,1,13843,0.5315477867811407,0.7487964515605561,1.1805980903730795
280120-22,46,1,11588,0.484671514098198,0.7811257162116616,1.1432540200610084
280120-22,47,1,10180,0.384801411040247,0.7835591133004927,1.0834243345804897
280120-22,48,1,10717,0.5842020763937511,0.7741818969876472,1.232121547935207
280120-22,49,0,4782,0.9144131200453204,0.7449758529365945,2.4704642392740928
280120-22,50,1,13213,0.3085430664152145,0.7469613884334897,1.0512921505306276
280120-22,51,1,10058,0.2029500739378442,0.787688934137364,1.0212532120660416
280120-22,52,1,13296,0.324943797501022,0.7689994216310005,1.057380521506149
280120-22,53,1,10990,0.4179294065983669,0.7837683639994295,1.100740296769018
280120-22,54,1,13109,0.4388320476572925,0.7881794131794132,1.1128804629392504
280120-22,55,1,14044,0.5468945474622948,0.7402487876871179,1.1944555741012357
280120-22,56,1,12821,0.3112094543789021,0.7586839457956092,1.052253491158535
280120-22,57,1,10783,0.3670869923974819,0.7746408045977011,1.0750530948631671
280120-22,58,1,9921,0.7009910992327653,0.7576174112256586,1.402190179914673
280120-22,59,1,11616,0.4001661134294051,0.8006617038875103,1.091175786304421
280120-22,60,1,9495,0.5307250471102961,0.7938963210702341,1.1798796707436172
280120-22,61,0,21476,0.5745405927635877,0.8050682261208577,1.2217827914393566
280120-22,62,1,12261,0.5738179845481574,0.7920031005748983,1.2210267785746716
280120-22,63,1,14147,0.5850524283805697,0.7771368929905516,1.233052506690655
280120-22,64,1,9517,0.5953318308202505,0.7734254368143031,1.2445861462894876
280120-22,65,1,8580,0.5271399359318263,0.790929203539823,1.1767772515979904
280120-22,66,1,9922,0.6473221251222838,0.7585626911314984,1.3119631191176773
280120-22,67,1,9564,0.3897162197571547,0.784577522559475,1.08585296859775
280120-22,68,1,11392,0.4819645150441619,0.8065132743362832,1.141304009117699
280120-22,69,1,11237,0.5391888073900758,0.7942465366129489,1.1873876899743392
280120-22,70,1,10747,0.7066346518843487,0.7634981528843422,1.4132705630344298
280120-22,71,1,7160,0.8250636392824247,0.696294855586891,1.7697867931561075
280120-22,72,1,11227,0.6113496081519341,0.8240604815032296,1.2636463758590606
280120-22,73,1,8770,0.8041075514705271,0.6920770202020202,1.682131487967257
280120-22,74,1,9505,0.7028286617676853,0.8640909090909091,1.4057596201176754
280120-22,75,0,11399,0.5891279367739085,0.7566544971788914,1.237562845174564
280120-22,76,1,10689,0.1597941124028762,0.787577365163572,1.0130168981485366
280120-22,77,1,12235,0.5187978228122507,0.7260696694558186,1.1697316075713975
280120-22,78,1,8131,0.747313799696405,0.6921178072863466,1.5049559354703348
280120-22,79,1,13858,0.5606128559050211,0.7607597716293368,1.2076156621655458
280120-22,80,1,11316,0.5142377860024686,0.7941052631578948,1.1659799856411228
280120-22,81,1,13458,0.5386948066563569,0.8480151228733459,1.1869422361930848
280120-22,82,1,10974,0.5503161047848257,0.7876830318690784,1.1976673316691244
280120-22,83,1,7394,0.9264256207253162,0.8573747680890538,2.6561987857512626
280120-22,84,1,11810,0.5385613037228835,0.7558883768561188,1.1868220090459447
280120-22,85,1,12450,0.5907686159138695,0.7091592617908408,1.2394015262521
280120-22,86,1,7897,0.8102803463524133,0.7133694670280036,1.706361014709152
280120-22,87,1,6793,0.809854831396416,0.7403007846556233,1.704651016585066
280120-22,88,1,10166,0.6293237967263945,0.7560050568900126,1.286764132261159
280120-22,89,1,10721,0.7631291777481511,0.733059829059829,1.5473984229537252
280120-22,90,1,10312,0.7296853595408558,0.741017533774073,1.462452136307712
280120-22,91,1,6257,0.7962027715737978,0.7050140845070423,1.6528109529139472
280120-22,92,1,8332,0.9067727169503476,0.6312121212121212,2.3718052256660958
280120-22,93,1,8791,0.708367676129073,0.7053678889512959,1.4167443780384072
280120-22,94,0,16850,0.3146766223973244,0.7797676893886807,1.0535199316920585
280120-22,95,1,8113,0.8820721285302503,0.7826548331082385,2.122626776295093
280120-22,96,1,11178,0.5418273962200659,0.7728152654867256,1.1897824602774865
280120-22,97,1,13768,0.482702043668137,0.7710573476702509,1.1418332240917743
280120-22,98,1,10826,0.6272879215334028,0.7587608634707037,1.2840474300468658
280120-22,99,1,12613,0.4079523766718974,0.7892003503941935,1.095286403057655
280120-22,100,1,13021,0.5911442736365822,0.7416837548416496,1.2398243954915182
280120-22,101,1,8450,0.2184896318313843,0.6921690694626474,1.024758923719352
280120-22,102,1,6321,0.8616963806821687,0.8091397849462365,1.9707375882435791
280120-22,103,1,8729,0.2956427618813236,0.792033390799383,1.0467931510378212
280120-22,104,1,10743,0.5372894531358946,0.7905658988888071,1.1856799523065764
280120-22,105,1,6051,0.7506108933943035,0.7147413182140326,1.5134443172223777
280120-22,106,1,9320,0.605822984428396,0.7497988736926791,1.2569138640189366
280120-22,107,0,4483,0.7782375231820121,0.730606258148631,1.592432685605168
280120-22,108,1,11992,0.6686389186355172,0.7219747140276942,1.3448320983139734
280120-22,109,1,10566,0.4732132317345834,0.7593244699964068,1.135140883565664
280120-22,110,1,9021,0.6939346007311741,0.7461538461538462,1.3888155253765024
280120-22,111,1,12435,0.583221588579703,0.8224206349206349,1.2310524049346177
280120-22,112,0,10249,0.6852317037585077,0.7612150920974451,1.3730131539075563
280120-22,113,1,11744,0.685559351093863,0.7508951406649617,1.3735947853737231
280120-22,114,0,11565,0.6289649340166776,0.8065978518621844,1.286283368153364
280120-22,115,1,9689,0.5176564931160107,0.7739436057193066,1.1687861040565468
280120-22,116,1,12045,0.2872042938678946,0.7536603679139031,1.0439837113033568
280120-22,117,1,11858,0.6193075057205759,0.7389082751744765,1.2736443646545488
280120-22,118,1,11186,0.5643893236130694,0.8619201725997843,1.2113742024186454
280120-22,119,0,12889,0.4698816869393523,0.7546252927400469,1.1328499942676302
280120-22,120,1,7602,0.8401586977164611,0.7564179104477612,1.8438596306272408
280120-22,121,1,9377,0.6481350289597037,0.7168960244648318,1.3131537797904065
280120-22,122,1,11395,0.4724082252288509,0.7722282461371646,1.13458457383074
280120-22,123,1,9850,0.6861419417607694,0.6884260553536483,1.3746315028827023
280120-22,124,1,11511,0.6130309384390329,0.7895061728395062,1.265728412855003
280120-22,125,0,8485,0.5151460437189251,0.7080273698264352,1.166721712463174
280120-22,126,1,7625,0.709966527768842,0.7667940466613034,1.4199796955866602
280120-22,127,1,7298,0.8446508175095384,0.8585882352941177,1.868049712939983
280120-22,128,0,4460,0.9069053621956912,0.7874293785310734,2.37341179712815
280120-22,129,1,10945,0.4746074124549694,0.7234450393284421,1.1361085364252248
280120-22,130,1,5659,0.8518660749896645,0.7543321780858437,1.909272630676855
280120-22,131,1,10077,0.763141078043956,0.6162548923679061,1.5474320725468675
280120-22,132,1,7610,0.8729773871375545,0.5818042813455657,2.0501857565782866
280120-22,133,1,9629,0.7328843244393879,0.7695812020460358,1.4698246477309167
280120-22,134,1,11308,0.3374431888935875,0.7536656891495601,1.062308770005154
280120-22,135,1,13244,0.6349081411951394,0.7163953048087845,1.2943515479192509
280120-22,136,1,12905,0.6181924527383014,0.7365867579908676,1.2722212925994218
280120-22,137,1,8101,0.9462765481784108,0.6067710283873867,3.0925431689209817
280120-22,138,0,8878,0.6142519117962041,0.7430532306662203,1.2672504500080413
280120-22,139,1,11287,0.4233474078760023,0.7774486843917895,1.1037924479201295
280120-22,140,1,11987,0.5036770115079399,0.7490938632670916,1.157552039057285
280120-22,141,1,10541,0.6181607388567358,0.7696407710280374,1.2721809253397989
280120-22,142,1,11767,0.3560312293516129,0.7660807291666667,1.0701206654280229
280120-22,143,1,14311,0.6184935827001439,0.7543221589711153,1.272604883055463
280120-22,144,1,9123,0.7908448199223014,0.6337176993609336,1.633942276939536
280120-22,145,1,13021,0.5012977465272098,0.7543158382574441,1.1557021422808265
280120-22,146,1,10503,0.448639039536867,0.7810664088644307,1.1189273807897009
280120-22,147,1,9478,0.9219042182913496,0.6915219611848825,2.581192186639966
280120-22,148,1,11585,0.4007306663541719,0.7431522227211496,1.0914696262072152
280120-22,149,1,8075,0.5430353814819189,0.6355765446674537,1.1908875916311732
280120-22,150,1,11226,0.6672507538822534,0.7256625727213962,1.3425825513983238
280120-22,151,0,5942,0.4004025993875592,0.6818129661503155,1.0912987937978516
280120-22,152,0,9898,0.7136616994832609,0.6990112994350283,1.427571053678039
280120-22,153,1,7553,0.5387925160156518,0.624679513687867,1.1870302712007184
280120-22,154,1,5707,0.9194646507383708,0.7952898550724637,2.5434117162653087
280120-22,155,1,12286,0.5545545469213549,0.7647681294740118,1.201710213223239
280120-22,156,1,8119,0.7735711104586392,0.658902775523454,1.5780101003552245
280120-22,157,1,11447,0.6155802585788868,0.7226641414141414,1.2689160482139874
280120-22,158,1,16500,0.820708815789906,0.67171470444553,1.7502507991239815
280120-22,159,1,14481,0.4190934263551508,0.744600987248046,1.1013905866278746
280120-22,160,0,5436,0.2266035448880959,0.798941798941799,1.0267076635580128
280120-22,161,0,7120,0.7009302519539576,0.6612798365375685,1.4020726087138642
280120-22,162,1,13393,0.4224017829547,0.758208786231884,1.10325507531809
280120-22,163,1,8469,0.8839510263032211,0.5991086587436333,2.13867377224142
280120-22,164,1,14292,0.6774411001732207,0.7288861689106487,1.3594769407252874
280120-22,165,1,9879,0.3899615714204257,0.7158695652173913,1.0859754473400285
280120-22,166,1,10137,0.6345229403039879,0.7518914107699154,1.2938216936715852
280120-22,167,1,8610,0.668380633056502,0.7252358490566038,1.3444123308766651
280120-22,168,0,13123,0.758291200904748,0.711466522092708,1.5339399850969235
280120-22,169,1,8699,0.5643440851699709,0.7227484214024593,1.2113288208409012
280120-22,170,1,8493,0.8154586179032984,0.645021645021645,1.7276666049259712
280120-22,171,1,9427,0.5978255144160957,0.623478835978836,1.2474641299629003
280120-22,172,1,8176,0.6512619800758682,0.617989417989418,1.3177783269341736
280120-24,1,1,11084,0.5083695385205023,0.7862665815421721,1.1612526855853365
280120-24,2,1,11535,0.4383272441778273,0.8286637931034483,1.112575436288233
280120-24,3,1,5979,0.765711747324938,0.73003663003663,1.5547653029442947
280120-24,4,1,8225,0.7231019177401842,0.8221711315473811,1.447719896672547
280120-24,5,1,11024,0.4875866144006813,0.7742660486023318,1.1453774696851478
280120-24,6,1,11343,0.3892358675376418,0.7818444995864351,1.0856135212951397
280120-24,7,1,13868,0.3823895177321608,0.7908302919708029,1.082249651933241
280120-24,8,1,13095,0.4560965591371785,0.8061438069441025,1.1236835136255507
280120-24,9,1,8868,0.6687472481133898,0.7589216944801027,1.345008321494981
280120-24,10,1,11724,0.6073728037847193,0.7542460113226969,1.25878483644824
280120-24,11,1,10028,0.7079686999191439,0.7395280235988201,1.4159416126091533
280120-24,12,1,14487,0.5113998531952314,0.7667513496348047,1.163679853595972
280120-24,13,1,10432,0.6622209004108579,0.7429141147984618,1.3345635029868217
280120-24,14,1,8966,0.3449002513645767,0.7909315455187015,1.06537192079288
280120-24,15,1,6828,0.3817567250472403,0.7821305841924399,1.0819433104058305
280120-24,16,0,19005,0.0504261169689897,0.775967662910338,1.0012738264597238
280120-24,17,1,9929,0.3294583114336581,0.777586341921842,1.059131162613277
280120-24,18,1,6458,0.6347784408715326,0.715567867036011,1.2941730330142005
280120-24,19,1,10710,0.6434230811433587,0.8258154059680777,1.3063173497676392
280120-24,20,1,12298,0.7755091061814968,0.7226466094723234,1.5839416668744437
280120-24,21,1,13287,0.4373601898257304,0.794296987087518,1.1119927736925526
280120-24,22,1,11477,0.5255781584501481,0.7873362145846196,1.1754399073249395
280120-24,23,1,9327,0.6009904417258423,0.7125286478227655,1.251163253659112
280120-24,24,1,7955,0.5732733307790691,0.7556041033434651,1.2204585006240658
280120-24,25,1,9913,0.2353276320916886,0.7833886518097044,1.0288953953212536
280120-24,26,1,11920,0.4605706343872638,0.7879428873611846,1.126604353594156
280120-24,27,1,8774,0.795428117141756,0.7794953802416489,1.6500344731045444
280120-24,28,1,9862,0.4503707008310782,0.7810866466022494,1.1200194206268317
280120-24,29,1,16723,0.3641130121363906,0.779191128506197,1.073704702328849
280120-24,30,1,9796,0.5855631097399752,0.7693395115055368,1.2336132643116513
280120-24,31,1,12960,0.7010731040119381,0.7397260273972602,1.4023486953188686
280120-24,32,1,12057,0.4169399842937899,0.7596396169354839,1.1001898707086712
280120-24,33,1,11359,0.5466638443193063,0.7943356643356644,1.19424066328406
280120-24,34,1,8672,0.4899484860770828,0.7735260012487736,1.1471160410469792
280120-24,35,0,10247,0.8409088616100994,0.647437922537436,1.84782509592784
280120-24,36,1,6432,0.6822948018213416,0.7680917124432768,1.3678446879547186
280120-24,37,1,14526,0.5557453174708781,0.7914351095129127,1.2028590545965543
280120-24,38,0,6364,0.5436594040426744,0.7730806608357629,1.191460656229551
280120-24,39,1,8754,0.4088050901913634,0.8031192660550459,1.0957442513543354
280120-24,40,1,11878,0.643619110336289,0.7485977185353249,1.30659864986846
280120-24,41,1,13629,0.5774796773473176,0.752817057003977,1.2248821679363808
280120-24,42,1,9640,0.7252278491756535,0.7934156378600823,1.4524139560683422
280120-24,43,1,10732,0.638708622904548,0.7454848569046958,1.2996318088923162
280120-24,44,1,11642,0.5155153318794691,0.7916496668026656,1.167024070855068
280120-24,45,1,11267,0.6139696222357647,0.7328130081300813,1.266897797012129
280120-24,46,1,9384,0.7017947229962607,0.7447619047619047,1.4037467102353909
280120-24,47,1,8376,0.5985978260879852,0.7574606619641888,1.2483619728526725
280120-24,48,1,9655,0.6681561243237664,0.7468285891089109,1.3440479085296413
280120-24,49,1,12001,0.5088911206788128,0.7559208868732679,1.161668345652958
280120-24,50,1,8964,0.260603018945246,0.7410714285714286,1.0357906635982703
280120-24,51,1,11900,0.6124190570278095,0.7882882882882883,1.26496885059208
280120-24,52,1,9663,0.4134028613181057,0.7848440545808967,1.0982394671793527
280120-24,53,1,8597,0.7673699256025204,0.8040591096146652,1.5595644965708435
280120-24,54,1,8453,0.2871554786573748,0.7673384168482208,1.0439677605793536
280120-24,55,1,12496,0.4884400338922572,0.7883414295628036,1.146003789650082
280120-24,56,1,7543,0.5292291754414872,0.7256373256373256,1.1785796616937871
280120-24,57,1,12173,0.3767303319648874,0.7551488833746898,1.0795370786009328
280120-24,58,1,5204,0.7080485894322172,0.7975478927203065,1.4161022099139573
280120-24,59,1,9760,0.860704953554004,0.7721518987341772,1.9642348260350937
280120-24,60,1,11231,0.5824368645738578,0.7868151884545327,1.23020001828441
280120-24,61,0,5343,0.8193488325905908,0.7559422750424448,1.744301786404712
280120-24,62,1,8918,0.7417419490929652,0.7050359712230215,1.4910120715106985
280120-24,63,1,8468,0.6113742867890605,0.7539173789173789,1.2636768205759057
280120-24,64,1,8733,0.6796161641746294,0.7580729166666667,1.3632003184793338
280120-24,65,1,8779,0.8100681843767882,0.7632585637280473,1.7055076535528109
280120-24,66,1,5102,0.8280854528750524,0.8063853327011222,1.78379704386811
280120-24,67,1,7810,0.4990709402877644,0.7518290335001925,1.1539866748713534
280120-24,68,1,8903,0.3130567048909631,0.7570578231292517,1.0529259146166143
280120-24,69,1,10723,0.3748977579179624,0.7778180763092993,1.0786716629334168
280120-24,70,0,4075,0.8952423682608861,0.7672754660139334,2.2442683554053824
280120-24,71,1,9614,0.6060002144461125,0.7666666666666667,1.257127155560243
280120-24,72,1,8522,0.6476654027499225,0.8399369209540706,1.3124653406021674
280120-24,73,1,8460,0.7277805940145206,0.7970604861503674,1.4581297238525648
280120-24,74,0,4182,0.8818329863374191,0.7401769911504424,2.1206125705189875
280120-24,75,0,4793,0.8572795308131317,0.7641900510204082,1.942308592527715
280120-24,76,1,9206,0.7557904357410257,0.7380150713484047,1.5271522141067977
280120-24,77,1,12658,0.6260007620365988,0.7497038616441601,1.2823431875347204
280120-24,78,1,13947,0.7061816616573683,0.7609668267132257,1.412368152078589
280120-24,79,1,10032,0.2914143378883989,0.6852459016393443,1.0453723717644354
280120-24,80,1,8395,0.6546718907547278,0.7604166666666666,1.322903270072049
280120-24,81,1,8004,0.6855402997864684,0.773109243697479,1.373560938102874
280120-24,82,1,6893,0.8174664658411189,0.6224489795918368,1.7361828642450023
280120-24,83,1,17144,0.1888746089048679,0.7933731315655513,1.0183286811432213
280120-24,84,1,14870,0.591363674742776,0.7289215686274509,1.2400716950506034
280120-24,85,1,7712,0.8721758535303598,0.6231919191919192,2.0441851520610728
280120-24,86,0,16345,0.4643464290318119,0.7626446435237029,1.1291095521593852
280120-24,87,1,15484,0.3640585712333127,0.7741225877412259,1.073680168307907
280120-24,88,1,12354,0.5530020344267069,0.7146824019437695,1.2002209810950075
280120-24,89,1,9972,0.4615357611885843,0.7753071062043229,1.1272411752169065
280120-24,90,0,7508,0.884524798127407,0.6097125223323047,2.14365408860063
280120-24,91,1,16431,0.5894888429016601,0.7366840028694405,1.237966166263344
280120-24,92,1,10575,0.532979703513082,0.7833333333333333,1.1818542463885882
280120-24,93,1,8134,0.5657661014324145,0.8142142142142142,1.2127595268438205
280120-24,94,1,11432,0.4240543522018031,0.7884137931034483,1.1041954846715272
280120-24,95,1,6197,0.7714054653920003,0.743937575030012,1.5714772147961094
280120-24,96,1,10806,0.7434559411325355,0.8067189249720045,1.4952490350526055
280120-24,97,1,12054,0.7917034454183183,0.7706175680859225,1.6369141104333198
280120-24,98,0,4295,0.8730366519198209,0.738734090127279,2.050631757506562
280120-24,99,1,10504,0.5119658449470931,0.7436460176991151,1.164136486370238
280120-24,100,0,17114,0.327590725772358,0.7709009009009009,1.0584029646098272
280120-24,101,0,13929,0.4915529302374853,0.7959428571428572,1.148306414406968
280120-24,102,1,6504,0.7626360856477505,0.7894161912853501,1.5460065296701315
280120-24,103,1,9698,0.4134241748881903,0.77466251298027,1.0982511390089515
280120-24,104,1,12274,0.6156159831516794,0.7780172413793104,1.268960983350777
280120-24,105,1,7481,0.9322113413247468,0.4983346656008526,2.7630844974160818
280120-24,106,1,8298,0.8718991164393697,0.5203812868430955,2.042126860512577
280120-24,107,1,10202,0.8300455136224832,0.5650825301872161,1.793092681082715
280120-24,108,1,13203,0.4450426686932577,0.7957449373191899,1.1166829057678942
280120-24,109,1,7538,0.9351840763750796,0.6079032258064516,2.8235663794737937
280120-24,110,1,12790,0.5155135947780848,0.7779805352798054,1.1670226475281338
280120-24,111,1,11850,0.5532953058372853,0.7601513887997947,1.2005015551506175
280120-24,112,1,7602,0.9115770235183532,0.6980716253443526,2.432324610736876
280120-24,113,1,13450,0.6571500892690768,0.7719237832874196,1.3266826737310815
280120-24,114,1,11548,0.5252226641000406,0.7122240039472061,1.175136688379672
280120-24,115,1,6968,0.8184353828234786,0.7454000855798032,1.7403454182756315
280120-24,116,1,8823,0.8941164855275433,0.6602559305545161,2.2329679211951707
280120-24,117,1,14781,0.3835982054577772,0.738976102389761,1.082836927155763
280120-24,118,0,6149,0.7602119494196369,0.748599951302654,1.5392308142764908
280120-24,119,1,11350,0.5865705296542594,0.5397821848100062,1.2347231558927672
280120-24,120,0,7064,0.8838824466541038,0.6444079547527823,2.138081038473121
280120-24,121,1,17266,0.5636800553147456,0.7577792407285495,1.2106636942024829
280120-24,122,1,12449,0.4378756299603704,0.7919211195928754,1.1123030588202605
280120-24,123,1,8643,0.5058224194951578,0.5913382594417077,1.159235310089515
280120-24,124,0,4499,0.7818684832631392,0.5571517027863777,1.603994841530775
280120-24,125,1,9254,0.6210043248116576,0.6951622596153846,1.275824054597589
280120-24,126,0,4210,0.7752581609169332,0.696443341604632,1.5831689946322889
280120-24,127,1,6576,0.7670552382324409,0.6163074039362699,1.558649493156691
280120-24,128,1,17987,0.5438133315208284,0.7392322867006411,1.1916022424738293
280120-24,129,0,9009,0.576749398668311,0.7711864406779662,1.224108380116669
280120-24,130,1,9849,0.6793098731278715,0.7073906485671192,1.3626734195532306
280120-24,131,0,11375,0.5709361429819862,0.7730207271491675,1.2180350001107747
280120-24,132,0,9067,0.579544734001523,0.6746279761904762,1.2270835579689712
280120-26,1,1,11557,0.6301566357725995,0.7583333333333333,1.2878830174135307
280120-26,2,1,12648,0.7186540434203534,0.7004873726185201,1.4380878893003932
280120-26,3,1,11476,0.6141809303450884,0.8296703296703297,1.2671617327621345
280120-26,4,1,12098,0.4907697303464118,0.7900992685475444,1.1477243917719278
280120-26,5,1,14972,0.4066439066242944,0.8110509209100758,1.0945868139249662
280120-26,6,1,7729,0.4007456863977672,0.7661578112609041,1.0914774527785065
280120-26,7,1,9859,0.4528958551235821,0.7875229650930585,1.1216251919784872
280120-26,8,1,9790,0.8841083816205206,0.7336080929186961,2.1400358335055607
280120-26,9,1,12874,0.4291619561361691,0.7861984732824427,1.1071407143160428
280120-26,10,1,12449,0.3547427531674096,0.772031007751938,1.069559960028591
280120-26,11,1,13763,0.3210884707125314,0.7839485076327182,1.055911346775168
280120-26,12,1,9824,0.2446086868614464,0.7763553026710921,1.0313298622418077
280120-26,13,1,11987,0.4301707200736661,0.7733548387096775,1.107729389344619
280120-26,14,1,12845,0.3593060870813313,0.7976279185295578,1.0715589554144158
280120-26,15,1,12307,0.6744777855150419,0.75115966796875,1.35447186765607
280120-26,16,1,14662,0.3202035550621091,0.7755209986247752,1.0555774562774105
280120-26,17,1,10172,0.3214318487345455,0.7628618569071547,1.056041241605955
280120-26,18,1,11152,0.4173698839792872,0.800976800976801,1.10042876670709
280120-26,19,1,10165,0.4974603470269409,0.7771406727828746,1.1527554037326864
280120-26,20,1,11631,0.4469951602160068,0.7901494565217392,1.1178975250271457
280120-26,21,1,9560,0.4253711386148721,0.7636392683121656,1.1049491751155769
280120-26,22,1,8191,0.4252234813142994,0.7646564600448096,1.1048644670970216
280120-26,23,1,10960,0.5212732106546942,0.8284202569916855,1.1717973882759352
280120-26,24,1,9887,0.3343645620702104,0.7887514958117272,1.0610712137807197
280120-26,25,0,4528,0.9057732160137076,0.7861111111111111,2.359810918209159
280120-26,26,1,7149,0.4273579041013433,0.776474421635712,1.1060937097641457
280120-26,27,1,10970,0.2618255191219593,0.8223388305847077,1.036145709953736
280120-26,28,1,14112,0.5110986026622768,0.7747035573122529,1.163437234378186
280120-26,29,1,12070,0.4842675843020316,0.7603149606299212,1.1429617165689887
280120-26,30,1,11113,0.6160114395482765,0.756501021102791,1.2694588904477826
280120-26,31,1,8179,0.6220177797309632,0.7510560146923784,1.2771341236171212
280120-26,32,1,10524,0.5944138494622225,0.7771377935312361,1.2435347116601705
280120-26,33,1,9027,0.7348311740690456,0.7742516510849987,1.4743824690906426
280120-26,34,1,12082,0.4538795421166321,0.7676960223662473,1.122255039788479
280120-26,35,1,11347,0.6479623626711695,0.7489274635337602,1.312900479151493
280120-26,36,1,8844,0.44924185209247,0.76730869338886,1.1193066936087468
280120-26,37,1,16136,0.5219068456957301,0.7727599252909343,1.1723295232419808
280120-26,38,1,9123,0.6118827750143472,0.8313285948605795,1.2643048794747085
280120-26,39,0,11920,0.6069072710610937,0.7700258397932817,1.2582214557542497
280120-26,40,1,11234,0.5863435272675048,0.7566002155172413,1.2344726354288773
280120-26,41,1,10725,0.5664363040880743,0.7768361581920904,1.2134368376586806
280120-26,42,1,11014,0.5698508668128438,0.7867142857142857,1.2169178890355774
280120-26,43,1,6998,0.6094331050580636,0.7432030586236194,1.2612925204818592
280120-26,44,0,9653,0.3313704219964445,0.776463963963964,1.0598825833030658
280120-26,45,1,12711,0.6376511691815575,0.778860294117647,1.2981529602750073
280120-26,46,1,8266,0.7469355681454836,0.7917624521072797,1.5039936465285626
280120-26,47,1,10241,0.5738234180471453,0.7694214876033058,1.2210324544702444
280120-26,48,1,10857,0.5339588922125136,0.731850353892821,1.1827175095598594
280120-26,49,1,9239,0.4161445909649112,0.7709445927903872,1.099748927338584
280120-26,50,1,12292,0.6114784448084707,0.7660476131123022,1.2638053525534567
280120-26,51,1,6129,0.6561840812959808,0.795974025974026,1.3252039040500527
280120-26,52,1,11186,0.4007213506350024,0.7642276422764228,1.0914647722495423
280120-26,53,1,9652,0.5416951395256251,0.7820450494247285,1.1896618005792343
280120-26,54,1,10504,0.4094888595519369,0.7808504311626524,1.0961124951757728
280120-26,55,1,8295,0.6685525060346458,0.7592677345537757,1.3446915981601186
280120-26,56,1,16543,0.4361224344461397,0.7778718201909061,1.111250216672276
280120-26,57,1,7531,0.9549883486534384,0.5036784376672017,3.3710519100202365
280120-26,58,1,10782,0.4047549080119349,0.7745689655172414,1.093583148418973
280120-26,59,0,4457,0.7004771271074512,0.7068992862807296,1.4011983148571625
280120-26,60,1,13542,0.392619361698027,0.7732100034258308,1.0873098284142717
280120-26,61,1,12006,0.4347533391145715,0.7632549268912905,1.1104330395029889
280120-26,62,1,10056,0.4855528492240178,0.7914994096812279,1.143893424568981
280120-26,63,0,8605,0.5933058019273129,0.7586845353553165,1.242271274008024
280120-26,64,1,11536,0.6420620791924492,0.7614018876641806,1.304371672614864
280120-26,65,1,10291,0.4568089811669966,0.7802714383198119,1.124145184842137
280120-26,66,0,9117,0.7020660018264928,0.7605105105105106,1.404273722480179
280120-26,67,1,9344,0.4404525721172129,0.7881241565452092,1.1138637399973437
280120-26,68,0,5411,0.8897469648528205,0.7920081967213115,2.1908008198207285
280120-26,69,1,10363,0.5827114162823854,0.7579170628245447,1.230497911262031
280120-26,70,1,9648,0.4437373213855057,0.783625730994152,1.115876025593798
280120-26,71,1,13219,0.701854681411983,0.7562356979405034,1.4038631225903215
280120-26,72,1,13340,0.696150177164292,0.7784780578898226,1.3929590690826623
280120-26,73,1,10812,0.6436625317874142,0.7514595496246872,1.3066609954402033
280120-26,74,1,13757,0.2401483016969686,0.7777589326096789,1.0301459734263656
280120-26,75,1,6603,0.922935929049241,0.7028954651905471,2.5977157015205647
280120-26,76,1,11385,0.3878330461714443,0.7851724137931034,1.08491683153783
280120-26,77,1,16275,0.441708148374842,0.7915086081120514,1.1146298742998186
280120-26,78,1,10247,0.2969755172440658,0.7753480629539952,1.0472464243129278
280120-26,79,1,13756,0.5143110950237216,0.7742879657773275,1.1660397523084818
280120-26,80,1,7120,0.9338631028101644,0.4930747922437673,2.796180664492243
280120-26,81,1,14204,0.6612219820847335,0.7113381410256411,1.3329951030745502
280120-26,82,1,9020,0.5808178599966725,0.7615027437737442,1.2284506029197837
280120-26,83,1,9229,0.5739698518716736,0.780993483963781,1.2211854709959409
280120-26,84,1,15771,0.6995655120914285,0.6964758876523582,1.3994460236151254
280120-26,85,1,9739,0.2602391212974436,0.7695164348925411,1.0356853692364276
280120-26,86,1,9069,0.5120736731033173,0.7723556463975473,1.1642235986437943
280120-26,87,1,8630,0.9139274777047844,0.5536665169692693,2.463797421167809
280120-26,88,1,14202,0.8465446402448372,0.6271860095389508,1.878577271334453
280120-26,89,1,12292,0.7033668758618267,0.7997397527651269,1.4068120458774132
280120-26,90,1,6084,0.8349030405201506,0.76954211990893,1.8168702022210568
280120-26,91,1,10667,0.4000367598817022,0.7797514619883041,1.091108551758713
280120-26,92,1,9250,0.2619125732351783,0.7861635220125787,1.036171070108873
280120-26,93,0,14588,0.6563114085859638,0.7223212517330164,1.325398410069655
280120-26,94,1,10500,0.7180433000147092,0.741682559864378,1.436784843186957
280120-26,95,1,6891,0.878944302712693,0.7324617346938775,2.0967682411355217
280120-26,96,1,9089,0.5723797751669709,0.7780345831193289,1.2195290689760547
280120-26,97,0,10965,0.3677162985809647,0.7679647009385068,1.0753404817553742
280120-26,98,0,8976,0.4215600826407593,0.8006422263848006,1.102778428606316
280120-26,99,0,8131,0.7186052010208711,0.6392295597484277,1.437983510786637
280120-26,100,1,16663,0.6045382488443258,0.7192868859535526,1.255372816479351
280120-26,101,1,8645,0.6998361255745555,0.7042196155099381,1.3999652681409385
280120-26,102,1,12729,0.4529756717980009,0.7535965898999467,1.121676207594707
280120-26,103,1,10614,0.7456673384393125,0.7154701718907988,1.500783992316494
280120-26,104,1,16778,0.8090375385317776,0.7612522686025408,1.7013834682272022
280120-26,105,1,10103,0.918326376629884,0.586463110233935,2.526375140981643
280120-26,106,0,7264,0.898416041736531,0.606951871657754,2.277150511269441
280120-26,107,1,7468,0.7995716933555306,0.7992294520547946,1.6650830303825397
280120-26,108,0,21265,0.6721207781053937,0.8069596235579842,1.3505455315766628
280120-26,109,0,11778,0.6422091866239431,0.7684478371501272,1.3045813589707675
280120-26,110,0,7790,0.4029916454706292,0.6869488536155203,1.09265297665092
280120-26,111,0,6583,0.6418421099267966,0.7608645399907535,1.3040584073627024
280120-26,112,1,11662,0.4923887143663235,0.7471330642578,1.1489295179454575
280120-26,113,1,14231,0.7534945661200609,0.6769896769896769,1.52101865010952
280120-26,114,1,7589,0.8062905232444747,0.6958554923895104,1.690560682331109
280120-26,115,1,10523,0.436285184150773,0.7692251461988304,1.1113476488373093
280120-26,116,0,10938,0.6205251707913889,0.787699841567046,1.2752068071787148
280120-26,117,1,9585,0.6755317516749739,0.7034862385321101,1.356243178368771
280120-26,118,0,6412,0.8221733869511489,0.603539156626506,1.756737094911064
280120-26,119,0,9740,0.4611231190059809,0.7980989839396919,1.126968605387789
280120-26,120,1,9510,0.6615080374420755,0.6460597826086957,1.3334434312357932
280120-26,121,0,8255,0.4995712754115883,0.7784064120697785,1.1543707888345962
280120-26,122,1,6116,0.6685353224736039,0.7730030333670375,1.3446636664419074
280120-26,123,1,11153,0.6468942465412446,0.803183062076912,1.3113383033388697
280120-26,124,1,6419,0.6285019920011077,0.7839521250610649,1.28566436971327
280120-29,1,1,9375,0.7749214715576126,0.6727181400688863,1.5821344781723952
280120-29,2,0,17532,0.3851633186774242,0.785483870967742,1.083601566074066
280120-29,3,1,6261,0.3626226198795118,0.8094376212023271,1.0730349794658438
280120-29,4,1,13022,0.4568193578279583,0.7376649861213391,1.1241519187676727
280120-29,5,1,11113,0.752349215042553,0.7526073411892185,1.51799316603667
280120-29,6,1,12834,0.4492198438129496,0.7792349726775957,1.1192928294060946
280120-29,7,1,13576,0.6848190609829253,0.7559861899988863,1.3722820854740354
280120-29,8,1,16265,0.5322982811232193,0.7425584368151936,1.1812555439719274
280120-29,9,1,7520,0.4267735279283625,0.7752577319587629,1.1057561395444648
280120-29,10,1,11699,0.6656227107093375,0.8602205882352941,1.3399645125901054
280120-29,11,1,11268,0.3477299182133642,0.8093083387201034,1.0665588799400838
280120-29,12,1,11812,0.1268905776333858,0.768210197710718,1.0081491509069056
280120-29,13,1,7625,0.6723367467455662,0.7278541428025964,1.3509033049553458
280120-29,14,1,14393,0.5609665471961697,0.7505736337088027,1.207965123467092
280120-29,15,1,6963,0.7965533317018064,0.658252977878616,1.6540729214314085
280120-29,16,1,10346,0.6664521302478703,0.7521628498727735,1.341295578383787
280120-29,17,1,8584,0.5616957844668102,0.7789473684210526,1.2086872952608982
280120-29,18,1,13507,0.2889575254387134,0.7636250565355043,1.0445588779802486
280120-29,19,0,14860,0.6078809645927022,0.6595064796733534,1.259401163917363
280120-29,20,1,7587,0.6572591101189238,0.76497277676951,1.3268500113139197
280120-29,21,0,7813,0.8633604147920962,0.6739993098688751,1.98181586144598
280120-29,22,1,9338,0.7561494273799529,0.6490130664442592,1.5281197083477434
280120-29,23,0,16689,0.6359537114926787,0.7197567602535904,1.2957946736654384
280120-29,24,1,13564,0.7483642848587966,0.6644459684530224,1.5076408496289615
280120-29,25,1,12343,0.698743790300372,0.7814993035329872,1.3978740896497714
280120-29,26,1,8608,0.6496661189331765,0.7811252268602541,1.3154092829852786
280120-29,27,1,13472,0.3241574455651761,0.7676353276353276,1.0570789380670649
280120-29,28,1,10781,0.6404400171687792,0.7696316390633924,1.3020694430145037
280120-29,29,1,11182,0.4312378715586267,0.7847017543859649,1.1083546684391443
280120-29,30,1,8581,0.7966756176694219,0.6575478927203066,1.654513945650819
280120-29,31,0,5013,0.7131632972489744,0.779020979020979,1.4265377162659738
280120-29,32,1,7001,0.8821482662445256,0.6504087699739873,2.1232693763733392
280120-29,33,1,11548,0.5743363822946081,0.7662906436629064,1.2215689019275862
280120-29,34,1,5890,0.7631184208808554,0.6925338036449148,1.5473680088898023
280120-29,35,1,12560,0.7220107334078337,0.7191114164662773,1.4453334673066194
280120-29,36,1,9232,0.877007034932587,0.5950370609087979,2.0812627630575813
280120-29,37,0,7753,0.4554215989869346,0.7627151992129857,1.1232473067105744
280120-29,38,1,13876,0.59540622404855,0.7535161553081727,1.2446715426234518
280120-29,39,1,15246,0.6307161020298534,0.7781747652102899,1.2886371118126951
280120-29,40,1,14753,0.7247222551130962,0.7418787086392437,1.4512922142444102
280120-29,41,1,12952,0.53826986715011,0.7671167969675432,1.1865597838035629
280120-29,42,1,11155,0.5520290101054194,0.7039631452732551,1.1992925542816664
280120-29,43,1,7647,0.9434921922137178,0.6317746199603437,3.017549272515017
280120-29,44,1,12233,0.7774015060137681,0.709241651205937,1.5898132683478363
280120-29,45,0,17586,0.651055337373629,0.7322618254497002,1.3174705175980388
280120-29,46,1,11419,0.3151143547524988,0.8064265536723164,1.053681145796292
280120-29,47,1,12915,0.3376575313043941,0.7649253731343284,1.0623955165489762
280120-29,48,1,9930,0.7749261795109891,0.7739069441197101,1.5821489268233897
280120-29,49,1,6936,0.9714227171958928,0.7372448979591837,4.213079510119935
280120-29,50,1,14368,0.5305062778451506,0.7843651053608472,1.1796890481954982
280120-29,51,1,10428,0.27754809812337,0.7006651884700665,1.040894948185559
280120-29,52,1,8653,0.81035693000877,0.6978225806451613,1.7066694204221566
280120-29,53,1,11839,0.4237037849184285,0.7584726760202447,1.1039954831738197
280120-29,54,1,10489,0.7157820707976479,0.7730689858490566,1.432000606476429
280120-29,55,1,9949,0.3959454722978826,0.7531985767279885,1.0889995513044106
280120-29,56,1,13297,0.7914287008776223,0.6691324476650563,1.6359610630176225
280120-29,57,0,16367,0.2915033144519683,0.7574509440947798,1.0454019985378389
280120-29,58,1,10970,0.6492490578969407,0.7671328671328671,1.3147932159982252
280120-29,59,0,12564,0.565629658570127,0.8103715170278638,1.2126218738975545
280120-29,60,1,8913,0.9257423635047654,0.665447215170972,2.644419474008559
280120-29,61,1,11750,0.6764264800064249,0.7112590799031477,1.3577545199699026
280120-29,62,1,14476,0.5994622509652467,0.6985138004246284,1.2493705834639903
280120-29,63,0,17004,0.5493442677584138,0.7473628691983122,1.19675041119044
280120-29,64,1,10966,0.798955746430324,0.6935677692745557,1.6628149782930122
280120-29,65,1,7616,0.9351909063513356,0.5128619528619529,2.8237101748973066
280120-29,66,1,8055,0.574235574369258,0.7491629464285714,1.2214633853926025
280120-29,67,1,12325,0.5782288226599058,0.7916880781089414,1.225678493526687
280120-29,68,1,11164,0.7302388855636115,0.7418433118479634,1.4637175914593914
280120-29,69,1,12834,0.6253439949231435,0.71959629941127,1.2814775595910524
280120-29,70,1,6770,0.757871576342415,0.6141146589259797,1.532793114102691
280120-29,71,1,16000,0.7443710234111502,0.6684491978609626,1.497529986473433
280120-29,72,1,12248,0.6919812619997309,0.7068328716528163,1.3852037445117509
280120-29,73,1,9649,0.5922369317087136,0.7977017195767195,1.2410583736611371
280120-29,74,1,12338,0.8248748812551895,0.7438355338518117,1.7689242348612402
280120-29,75,1,14894,0.6963909248451715,0.7888771186440678,1.3934123497006758
280120-29,76,1,8845,0.7015264010852461,0.691447779862414,1.4032262256591377
280120-29,77,1,8940,0.939613036730665,0.5,2.921937065204479
280120-29,78,0,6884,0.9554179291578172,0.7455057396577864,3.386882146417125
280120-29,79,0,6363,0.6461878481846753,0.6899804814573846,1.3103096269604546
280120-29,80,1,9117,0.8553210704614784,0.6515866209262435,1.9301355872861483
280120-29,81,1,11356,0.7903514558108824,0.7136752136752137,1.632243424182571
280120-29,82,0,14365,0.2798978108818394,0.7885924462011419,1.041634333405885
280120-29,83,1,8676,0.9480509793180326,0.6288323548597521,3.143483308277472
280120-29,84,1,15848,0.4902817504272567,0.7737525632262474,1.1473626728399655
280120-29,85,0,16585,0.6656208981385349,0.6905812791472352,1.339961609897817
280120-29,86,1,11108,0.7906289217106411,0.711094040074259,1.6331980688697665
280120-29,87,0,13079,0.6549606392929573,0.7452421652421652,1.3233412348141
280120-29,88,1,14719,0.6687022631277867,0.7962241696418911,1.3449351310394408
280120-29,89,1,7717,0.4913800953064915,0.7125577100646353,1.1481778188787788
280120-29,90,1,12710,0.8719076116239494,0.5628625835879721,2.042189943092851
280120-29,91,1,8052,0.7956042908093938,0.6967206022324133,1.6506644400142774
280120-29,92,1,7926,0.934649836267138,0.5258757961783439,2.8123895432585218
280120-29,93,0,4338,0.9703311600815588,0.8048237476808905,4.135995947392982
280120-29,94,0,17946,0.6124961352519628,0.7145246058289536,1.2650644150568355
280120-29,95,1,11908,0.3748240836640386,0.7749072688228021,1.0786370025956296
280120-29,96,0,6230,0.5967264383795026,0.815018315018315,1.2461917344500846
280120-29,97,1,6273,0.7225487806398184,0.7063393761963743,1.4465082546853256
280120-29,98,1,11805,0.6519241511360753,0.6581735057983943,1.318766793912029
280120-29,99,0,11451,0.8944781407799623,0.692154255319149,2.2365776640246766
280120-29,100,1,8575,0.8452944281728527,0.718475073313783,1.8716049584584065
280120-29,101,1,8783,0.5816633722397926,0.7088781275221954,1.2293626818229018
280120-29,102,1,9827,0.6538218836609084,0.7799206349206349,1.3216176429073687
280120-29,103,1,22348,0.8054257154605757,0.7053847610630642,1.6872034970670249
280120-29,104,1,10267,0.8485236770771021,0.6857009283376745,1.8897968211066172
280120-29,105,0,10361,0.8637072206965049,0.7634099616858238,1.9841510545838967
280120-29,106,1,14271,0.8187111231540111,0.6423170402376451,1.741536412997246
280120-29,107,1,9593,0.8787493637296083,0.5973225404732254,2.095190728495062
280120-29,108,1,21713,0.719194036473667,0.6379046947529232,1.4392438707645334
280120-29,109,1,11900,0.6738846156194329,0.7608695652173914,1.353479236069445
280120-29,110,1,13030,0.5680462284858442,0.7732478784641861,1.2150717778299376
280120-29,111,0,5390,0.7961087162582811,0.730055532981173,1.6524729521453814
280120-29,112,1,12876,0.822480201625887,0.6096590909090909,1.758106552170919
280120-29,113,1,9571,0.7768569802504127,0.6580720572057206,1.588115595651425
280120-29,114,1,16960,0.6983548881724132,0.7555911966497372,1.397132615661871
280120-29,115,1,21448,0.913550361506199,0.526124711769612,2.458659916135414
280120-29,116,1,12645,0.3039673017320795,0.6544692303710988,1.0496676873359825
280120-29,117,0,8626,0.7777658048207549,0.7441338854382332,1.5909527568451638
280120-29,118,1,14164,0.696395872819053,0.6287286931818182,1.3934216720499124
280120-29,119,1,7888,0.5338229647211294,0.6973125884016973,1.182597466571307
280120-29,120,0,18144,0.831702467123408,0.5893970893970893,1.8010827220997296
280120-29,121,1,5969,0.9376840009003644,0.6627803686431268,2.8777876343259496
280120-29,122,1,9371,0.8783205629533122,0.6553605147213092,2.091734442817073
280120-29,123,1,22256,0.8340794817442398,0.6455505279034691,1.8127623644691715
280120-29,124,1,9287,0.8357214503445115,0.6966991747936985,1.8209842044806568
280120-29,125,0,15075,0.713640354975117,0.75,1.4275267392626318
280120-29,126,0,6910,0.7159152974919362,0.7350281884905862,1.4322807428569158
280120-29,127,1,8510,0.8550130986759037,0.6512090602999694,1.928244608002288
280120-29,128,1,11178,0.4309563828403903,0.7155751872479355,1.1081894816585849
280120-29,129,0,8344,0.8444160465214333,0.6695554485636335,1.866758564658742
280120-29,130,0,6697,0.7730291639827342,0.7418032786885246,1.5763659003683812
280120-29,131,0,8295,0.7592986724693372,0.6952476741262258,1.5367066467603954
280120-29,132,0,9960,0.763833020171635,0.7904761904761904,1.549393314920295
280120-29,133,1,11928,0.897873556159613,0.594616151545364,2.271419019109263
280120-29,134,1,9488,0.875423365596978,0.5723938223938224,2.068864473169161
280120-29,135,1,9088,0.8601834118814954,0.6760898675792293,1.9608427481476685
280120-29,136,1,13197,0.7863350929792747,0.6762143881943021,1.6186462142573486
280120-29,137,1,11174,0.7004441831557292,0.719047619047619,1.401134836051844
280120-29,138,1,13696,0.8169195462291619,0.6694037145650049,1.733848557203235
280120-29,139,1,9501,0.9207608333961638,0.5406282007511096,2.56326439332698
280120-29,140,0,10774,0.5960873137801114,0.7615210630477806,1.245454683769868
280120-29,141,0,4015,0.8279975857853132,0.5126404494382022,1.783384220861635
280120-29,142,1,12512,0.5411463827984729,0.8434108527131783,1.189161867942052
280120-29,143,0,11376,0.7761136578674596,0.7175023651844844,1.5858087967036356
280120-29,144,1,15311,0.484036965308907,0.7757118249062722,1.1427950390248525
280120-29,145,1,12422,0.811101983882944,0.5521870554765291,1.7096800674743886
280120-30,1,0,5695,0.8374001305513433,0.8399705014749262,1.829523668308472
280120-30,2,1,10240,0.397228976318509,0.7624153078698533,1.0896575310449768
280120-30,3,1,8945,0.5210268422315012,0.7856829161176987,1.1715908547523388
280120-30,4,1,8715,0.198534275841856,0.7831595974119339,1.0203103538701088
280120-30,5,1,9045,0.5814432987267619,0.7612995539096036,1.229124958703772
280120-30,6,1,11133,0.3084745823657185,0.7862288135593221,1.051267602758838
280120-30,7,1,8946,0.6189581069150007,0.7670410700505873,1.2731976592149858
280120-30,8,1,13650,0.5177792927127769,0.7442748091603053,1.16888762410474
280120-30,9,1,8458,0.7003989731682708,0.7809787626962142,1.4010477410563091
280120-30,10,1,10903,0.3738982692230827,0.790874800522269,1.0782023141397732
280120-30,11,1,7416,0.6765300630615151,0.776138147566719,1.3579299445721789
280120-30,12,1,12485,0.1593760405466614,0.7680241141732284,1.01294754779499
280120-30,13,1,9849,0.3852791458630129,0.8079573420836751,1.0836583419343686
280120-30,14,1,10230,0.4962568626401205,0.7616707616707616,1.151840516602617
280120-30,15,1,7283,0.747532104824713,0.7232373386295928,1.505512406481675
280120-30,16,1,8770,0.3711662365567799,0.7519506130498157,1.076928867920693
280120-30,17,1,10320,0.4988249537742928,0.7541103397880892,1.153798109274088
280120-30,18,1,12040,0.5664362401960474,0.7456955283042239,1.2134367729966689
280120-30,19,1,13600,0.0911591733673058,0.7864908628267407,1.0041810740936574
280120-30,20,1,11466,0.5399702004611096,0.7639925373134329,1.1880941540505203
280120-30,21,1,11570,0.5610022978137285,0.7491582491582491,1.2080004756797642
280120-30,22,1,7026,0.8633836105812921,0.5651544401544402,1.98197176221704
280120-30,23,1,10780,0.598885133968563,0.7504873294346979,1.248696771088173
280120-30,24,1,6918,0.5271483655303701,0.8318903318903319,1.1767844930071305
280120-30,25,1,13513,0.4482927266541401,0.7757175660160734,1.1187098718491515
280120-30,26,1,9822,0.7474601393347897,0.707891891891892,1.5053288765822206
280120-30,27,1,10216,0.5351264367008697,0.7710188679245283,1.1837513846226548
280120-30,28,1,5809,0.4872570672023674,0.7711403159431833,1.1451361841608652
280120-30,29,1,8044,0.6856397709732929,0.7456433073785688,1.3737377003111777
280120-30,30,1,6060,0.7934544346341769,0.6715425531914894,1.643035280070079
280120-30,31,0,11561,0.6071300361994937,0.7704251632680261,1.2584908944751534
280120-30,32,1,12325,0.6358241772530283,0.7578552542581319,1.295615495807785
280120-30,33,1,14203,0.2575968034133963,0.7735838779956427,1.0349261747702518
280120-30,34,1,9536,0.897868198129918,0.680462394748109,2.2713626430641107
280120-30,35,1,10927,0.6488088676878844,0.7669146546883773,1.3141443496774428
280120-30,36,1,12342,0.3206700824645309,0.8092053501180173,1.0557533289717724
280120-30,37,1,9331,0.5204570476579096,0.7687427912341407,1.1711139808356472
280120-30,38,1,12746,0.2986558659046227,0.7840797244094488,1.0478216673303218
280120-30,39,0,8218,0.9113223356947686,0.5668759053597296,2.428991022596664
280120-30,40,1,12687,0.5218872406471301,0.7625773877501953,1.1723130380994875
280120-30,41,1,8267,0.5202396563141879,0.7793174962292609,1.1709323318928968
280120-30,42,1,8045,0.819710217902611,0.6958138730323473,1.7458757239140577
280120-30,43,1,15919,0.6902911604913957,0.7610919869956014,1.3821094595249572
280120-30,44,1,11022,0.6682359971155662,0.7533834586466165,1.3441775099724236
280120-30,45,0,9459,0.6779015288994402,0.740604447228312,1.3602615851883744
280120-30,46,1,15781,0.335600737226642,0.752336003051106,1.0615662531830954
280120-30,47,1,11821,0.5987887013244798,0.7401076884547959,1.2485843507325536
280120-30,48,1,9854,0.4540383812415087,0.7674454828660436,1.1223569711765609
280120-30,49,1,11489,0.5623605793658725,0.7250410198157263,1.2093475984744246
280120-30,50,0,8535,0.9052007359166642,0.6239035087719298,2.353028279562729
280120-30,51,1,9327,0.7014973740019176,0.7250466417910447,1.4031699662205217
280120-30,52,1,8577,0.905682114122252,0.7673107890499195,2.358727347046893
280120-30,53,1,9514,0.5221905730637787,0.7193950850661626,1.1725682460973028
280120-30,54,1,9344,0.3663718652377929,0.7875263379688159,1.074727392149322
280120-30,55,1,10362,0.6554734469515414,0.7262405382674516,1.3241205959554727
280120-30,56,1,8282,0.873014729586075,0.7126140079160214,2.050466742127457
280120-30,57,1,10364,0.3752044590547317,0.7279112234864448,1.07881606082364
280120-30,58,1,9538,0.5131694137241697,0.7898964803312629,1.1651109796401606
280120-30,59,1,9709,0.558692791510264,0.7903133903133903,1.205727665144022
280120-30,60,1,11548,0.6120991837672783,0.8114679221418031,1.264572619452595
280120-30,61,0,12249,0.5762551672706607,0.7483504398826979,1.2235860886189072
280120-30,62,1,10571,0.4327443843580923,0.7731295253419147,1.1092418348934163
280120-30,63,1,8310,0.6940374545954997,0.7263986013986014,1.389006772419049
280120-30,64,1,9094,0.9007363597878808,0.5567187021732476,2.3022048255522605
280120-30,65,1,10118,0.3116929625948542,0.8290724352671255,1.0524289857114628
280120-30,66,0,8289,0.3380868066201948,0.7813914027149321,1.0625694782653283
280120-30,67,1,11353,0.6673499226046182,0.7407189926273896,1.3427427271509738
280120-30,68,1,7845,0.5975122358945437,0.7693439246837305,1.2471008129799808
280120-30,69,1,10192,0.3733998042921317,0.7711864406779662,1.077968937043101
280120-30,70,1,11399,0.4628586074587471,0.7374175184370553,1.1281179613583965
280120-30,71,1,9581,0.3220541869416341,0.7437509703462195,1.0562771393198562
280120-30,72,1,10641,0.6459903518664668,0.7256546644844517,1.310022660906739
280120-30,73,1,7477,0.7208391093175859,0.7207441681125891,1.4427881893206134
280120-30,74,1,10475,0.2104706173599997,0.7920604914933838,1.0229130647101232
280120-30,75,1,14423,0.4560575063278594,0.7824978298611112,1.1236582434731954
280120-30,76,0,4000,0.7658627482156524,0.7465472191116088,1.555200077679148
280120-30,77,1,10900,0.6067799433813994,0.7731593133777841,1.258067572561694
280120-30,78,1,12234,0.5978355415703668,0.7773541746092261,1.2474757670976184
280120-30,79,1,13858,0.2011154470664464,0.743774151996565,1.0208586474723262
280120-30,80,1,8774,0.9338937167603956,0.7757736516357207,2.796805910661789
280120-30,81,0,4086,0.5184283227977071,0.8107142857142857,1.1694250261528312
280120-30,82,1,9071,0.4699718512699832,0.7454799474030244,1.1329115994990162
280120-30,83,1,10434,0.2877387716704986,0.7756467439785906,1.0441585810952605
280120-30,84,1,9536,0.879057207711192,0.8094389270859859,2.097683698361103
280120-30,85,1,11123,0.3825888756639272,0.7534886871697601,1.082346322272565
280120-30,86,1,9652,0.9150460162678312,0.5324947589098532,2.4792397049932218
280120-30,87,1,10577,0.6112848065261726,0.7783501361395246,1.26356644987626
280120-30,88,0,8452,0.8440056050599769,0.839825119236884,1.8645085732014943
280120-30,89,1,8921,0.2558677764948364,0.8019597267170083,1.0344344741320328
280120-30,90,1,8680,0.5431375207307454,0.7530799930591706,1.1909812885242406
280120-30,91,1,5386,0.7899279136439395,0.7543417366946779,1.6307900583026742
280120-30,92,0,9954,0.6751249398416294,0.6711165048543689,1.3555583334950996
280120-30,93,1,9416,0.8837344931359064,0.8205664488017429,2.136804109488477
280120-30,94,1,11228,0.4347235394554514,0.7893700787401575,1.1104153014455285
280120-30,95,0,17017,0.8821842381946873,0.5556571428571428,2.12357320096266
280120-30,96,1,11299,0.4596045736750693,0.7978956288397712,1.1259693270002131
280120-30,97,1,10428,0.1989431326888015,0.7954233409610983,1.0203966727348863
280120-30,98,1,8606,0.9080104848583168,0.7091298615688859,2.3869342525967308
280120-30,99,1,8672,0.8827821223127286,0.5393034825870647,2.1286440252198107
280120-30,100,1,9340,0.8972818800515433,0.5543684710351378,2.2652207934078428
280120-30,101,0,6960,0.6571762289907483,0.6966269642678411,1.3267227876448522
280120-30,102,1,5376,0.9305567654001416,0.4703412073490813,2.731138605476001
280120-30,103,1,8977,0.6482935392898299,0.7469007404942175,1.313386502288962
280120-30,104,1,7728,0.8335864874447422,0.736,1.810318569912014
280120-30,105,1,5855,0.661921367236104,0.7785904255319149,1.3340923767446946
280120-30,106,1,11396,0.717094767544719,0.7112276103101791,1.4347702982592512
280120-30,107,0,6377,0.5740580874254714,0.6784042553191489,1.221277719678292
280120-30,108,0,8887,0.4354818111982657,0.7093710089399745,1.1108673010432837
280120-30,109,1,8451,0.8816953447345837,0.704954954954955,2.1194561100576585
280120-30,110,1,8593,0.6247757746313406,0.8140394088669951,1.280730781397828
280120-30,111,0,6235,0.441292828724508,0.700561797752809,1.1143760358949557
280120-30,112,1,5730,0.6525727751312892,0.7507861635220126,1.319738175170187
280120-30,113,1,8797,0.8443014496289427,0.6283571428571428,1.8661294284027856
280120-30,114,0,4607,0.5322104906872444,0.7038961038961039,1.181178532475586
280120-30,115,1,14642,0.7761174263093688,0.494027937107767,1.58582046064868
280120-30,116,1,6715,0.511660242902173,0.5432847896440129,1.1638898022181456
280120-30,117,1,8071,0.6290729000869906,0.751839776432231,1.286427923503249
280120-30,118,1,4703,0.8133742312996634,0.7224270353302611,1.7189786204159376
280120-30,119,0,17126,0.8686351696694317,0.5385534591194968,2.0183579339183177
280120-30,120,1,8339,0.9587435167250066,0.3282683147659725,3.517751129369834
280120-30,121,0,5371,0.9140397773599728,0.4973148148148148,2.4653339402009693
280120-30,122,1,9270,0.3833629768229927,0.7592137592137592,1.0827224144033003
280120-30,123,0,10013,0.8503754668338416,0.5941022902575056,1.9005034614762089
280120-30,124,0,8354,0.6162798979465164,0.746759631715384,1.269797414874064
280120-30,125,1,8381,0.5041069082307558,0.7102542372881356,1.1578881729244364
280120-30,126,1,9845,0.6252144875038237,0.764600807704256,1.2813071809862846
280120-30,127,0,9625,0.8413392354417801,0.6602867531042053,1.8501132992026792
280120-30,128,1,9087,0.690691386543082,0.7681318681318682,1.3828396479211749
280120-30,129,0,8889,0.5459898776589798,0.722918022121015,1.1936140139278273
280120-30,130,0,4560,0.9517243106367644,0.6976744186046512,3.2578157763472944
280120-30,131,1,14642,0.5606192689762517,0.711917148830651,1.2076219938786297
280120-30,132,0,5740,0.8034749394318211,0.6360110803324099,1.6797164470972452
280120-30,133,1,6998,0.6226844631159095,0.6829982432168651,1.2779993022232083
280120-31,1,1,13060,0.4415780684120038,0.7694120419465065,1.1145503266404695
280120-31,2,1,9245,0.3763947696948636,0.7787230458221024,1.0793781408647103
280120-31,3,1,8760,0.3456341650418334,0.7872034507548527,1.0656784638351264
280120-31,4,1,10390,0.4571760269286254,0.7722036417688591,1.124383545522594
280120-31,5,1,10841,0.6927161327158572,0.7358810752104262,1.3865580396968826
280120-31,6,1,11172,0.726107097510027,0.7474909674829385,1.454372793278443
280120-31,7,1,8370,0.5889988385628311,0.771570796460177,1.2374187305097837
280120-31,8,1,16752,0.4385463367781721,0.7450631560220601,1.1127077486947476
280120-31,9,1,9213,0.4263243435769382,0.74799058212227,1.1054971877171371
280120-31,10,0,11393,0.4885442241863378,0.7938819594453348,1.146080399840656
280120-31,11,1,9706,0.3623428537651957,0.7672727272727272,1.072909709193692
280120-31,12,1,12552,0.573565205251464,0.773573277455935,1.2207628692498025
280120-31,13,1,12045,0.465808334152626,0.7647619047619048,1.1300895334093777
280120-31,14,1,10153,0.5952445170240594,0.7701001213592233,1.2444859543997386
280120-31,15,1,9232,0.3904756034646639,0.7855684138869979,1.086232435019327
280120-31,16,1,12805,0.5463154694022296,0.7797466812812082,1.1939165270746137
280120-31,17,1,9336,0.6074222942390097,0.7544242424242424,1.2588447989872835
280120-31,18,1,15671,0.5461143664923327,0.7701115533932872,1.193729630295276
280120-31,19,1,12406,0.471785301851828,0.7891857506361323,1.1341553046110229
280120-31,20,1,8313,0.373553487715786,0.7621012101210121,1.0780408409796252
280120-31,21,1,7268,0.7685493312333275,0.8212429378531073,1.563011562724765
280120-31,22,1,6426,0.4383078296056156,0.7934312878133103,1.112563717081586
280120-31,23,1,8132,0.5155376502669451,0.7744761904761904,1.1670423587387209
280120-31,24,1,10683,0.3044696886551954,0.787483414418399,1.0498444901369186
280120-31,25,1,11087,0.3675129426510144,0.7834228377614472,1.0752475356293445
280120-31,26,1,8992,0.4547068797361014,0.7599729546991211,1.122786660901147
280120-31,27,1,10267,0.4520932273181444,0.7909861325115563,1.1211130701468266
280120-31,28,1,11001,0.4987553814483194,0.7813210227272728,1.1537448109218778
280120-31,29,1,11907,0.4018205337189784,0.7817095588235294,1.0920387292785974
280120-31,30,1,13512,0.5212234710704401,0.8308430178933776,1.1717556743348911
280120-31,31,1,9756,0.4073626234079789,0.7792954708842559,1.0949706402015462
280120-31,32,1,9407,0.6239448169307236,0.7520786696514231,1.2796422679671489
280120-31,33,1,10064,0.5197777875750924,0.7667809523809523,1.170546933290925
280120-31,34,1,5967,0.7497790593837337,0.7640204865556979,1.5112856771534406
280120-31,35,1,8679,0.5066524586850772,0.7557471264367817,1.1598904524833449
280120-31,36,0,5622,0.8344458449346384,0.7654186521443158,1.8145858073503345
280120-31,37,1,5326,0.766969155910601,0.7299890350877193,1.5583995408479645
280120-31,38,1,7070,0.8613621060164725,0.8177191764978025,1.968537034379627
280120-31,39,1,8695,0.5602193388684004,0.7715173025732032,1.2072274663032236
280120-31,40,1,10829,0.4643296296695477,0.7586520947176685,1.129098323476539
280120-31,41,1,8598,0.5848584323959182,0.8380116959064328,1.2328398163091916
280120-31,42,1,7630,0.4246412811933093,0.7192684766214178,1.1045309466562254
280120-31,43,1,6857,0.7388154773992417,0.7271474019088017,1.4838825664743749
280120-31,44,1,10331,0.7053787986653912,0.7614239386792453,1.4107744061378005
280120-31,45,1,8550,0.5984714125361505,0.7566371681415929,1.2482148000040385
280120-31,46,1,7284,0.6054039554748983,0.7540372670807454,1.256410253221928
280120-31,47,1,7655,0.5770594833198502,0.7733885633461305,1.2244366404685734
280120-31,48,1,9387,0.4688159113213437,0.7634189980481457,1.1321234522093255
280120-31,49,1,11239,0.4495272406229283,0.8092597926267281,1.1194865834499566
280120-31,50,1,10433,0.6614197065754809,0.7369499187681006,1.3333049232741467
280120-31,51,1,6788,0.7541974169283856,0.7416147711132962,1.522886529470248
280120-31,52,1,11860,0.4703972753137411,0.7731421121251629,1.133202567851142
280120-31,53,1,8910,0.5049801112668588,0.7859915314043754,1.158572712738089
280120-31,54,1,9601,0.7018315352999799,0.7323417238749047,1.403818178609983
280120-31,55,1,10972,0.4137778914027142,0.7578394805912418,1.098444985038176
280120-31,56,1,7597,0.3000484200378593,0.791106945746121,1.0483015718768296
280120-31,57,1,15144,0.2987228340792059,0.8372401592215833,1.047844679874225
280120-31,58,1,9649,0.6190293372957745,0.7735289401956069,1.27328866847192
280120-31,59,0,16706,0.4972501840978551,0.7628310502283105,1.1525953212318143
280120-31,60,1,7473,0.6018929749975945,0.7421052631578947,1.252227770879831
280120-31,61,1,10476,0.523069409666831,0.7787689562890276,1.1733094342707648
280120-31,62,1,7224,0.8585622747802453,0.6231884057971014,1.95042300067274
280120-31,63,0,4922,0.806114073211765,0.7035448827901658,1.6898737826498882
280120-31,64,1,8400,0.6416096235097845,0.7407407407407407,1.3037276777977649
280120-31,65,0,12102,0.7495037182055213,0.7062737087831923,1.5105737141189808
280120-31,66,1,14131,0.4058368683162351,0.7584263632460283,1.0941571072636935
280120-31,67,1,9209,0.6555288652497545,0.7450647249190938,1.3242049392893411
280120-31,68,1,12125,0.7411229704432581,0.7637314184933233,1.489493180099642
280120-31,69,1,6376,0.7134734634043832,0.7288523090992227,1.427180435095515
280120-31,70,1,12601,0.499178357850666,0.7836442786069652,1.154069076009335
280120-31,71,1,10381,0.720122724463719,0.768962962962963,1.4412405228299427
280120-31,72,1,8386,0.5233892745381582,0.7356140350877193,1.1735798590290762
280120-31,73,1,6820,0.8527655736326667,0.7835477941176471,1.9146309695704176
280120-31,74,1,10383,0.365223427547718,0.773062318516864,1.0742062846280132
280120-31,75,0,8584,0.5240648683782156,0.7160493827160493,1.1741521886859154
280120-31,76,1,8910,0.7092223010104296,0.788286295673715,1.4184700712978084
280120-31,77,1,8225,0.3251196611852521,0.7679738562091504,1.0574481045081072
280120-31,78,1,7351,0.9124724054989086,0.6303919046393963,2.444161589024762
280120-31,79,1,7646,0.7775768301079043,0.7426184926184927,1.5903612913849747
280120-31,80,1,8289,0.5305744858255658,0.7816124469589816,1.179748462235923
280120-31,81,0,10298,0.4907757647230291,0.7151885547607473,1.147728869195962
280120-31,82,1,9045,0.2488013052673117,0.7341124908692477,1.032466372809368
280120-31,83,1,11521,0.2029848087806764,0.7314920634920635,1.021260721320336
280120-31,84,1,9336,0.7565150598963257,0.7367424242424242,1.529107466181754
280120-31,85,1,8650,0.4194507850403354,0.7857207739122536,1.1015908229288425
280120-31,86,1,6443,0.7563809508043968,0.7960217445021003,1.528744892027562
280120-31,87,0,9065,0.439761452934354,0.8333333333333334,1.1134436312916869
280120-31,88,1,15099,0.3412480420203255,0.7930147058823529,1.0638600239855631
280120-31,89,1,8799,0.6315450671015421,0.7907081236520489,1.2897581328998402
280120-31,90,0,10606,0.3390827856069291,0.7747826722185697,1.0629742757056302
280120-31,91,1,5669,0.8099434312797067,0.679247543733525,1.7050065712565623
280120-31,92,1,9878,0.5707707023014083,0.7701543739279588,1.217864370281791
280120-31,93,1,10323,0.5397171399191214,0.7108524996556949,1.187865109784848
280120-31,94,1,8487,0.4469431727699599,0.7121161268669239,1.117865063935935
280120-31,95,1,12172,0.3999467791371217,0.7748917748917749,1.0910618022981071
280120-31,96,1,16816,0.4753857215762689,0.781122259383129,1.136651053049884
280120-31,97,1,7128,0.4783384113771096,0.7252747252747253,1.1387244340639109
280120-31,98,1,13137,0.6085223092230184,0.7573503977862331,1.2601810561273763
280120-31,99,1,9398,0.5448877552842496,0.8091261300043048,1.1925930507095046
280120-31,100,1,12268,0.7262295632525738,0.6761463844797179,1.4546464472220646
280120-31,101,1,9403,0.7070875656476509,0.6668794326241134,1.414175133383908
280120-31,102,1,14714,0.8201330648403674,0.7574774774774775,1.747723650069904
280120-31,103,1,9792,0.7097176927849426,0.7474809160305343,1.4194742345737952
280120-31,104,1,7583,0.8663506495669401,0.765959595959596,2.0022576088734243
280120-31,105,1,6690,0.6627877001271163,0.6623106623106623,1.335456956599529
280120-31,106,0,10133,0.9384866121723964,0.7082051998881744,2.895901420008512
280120-31,107,0,10839,0.6794251212559314,0.8068934713020174,1.362871576235414
280120-31,108,1,16706,0.8568896212059698,0.6881126946206442,1.939864475696316
280120-31,109,1,15341,0.4888247632747434,0.7966453757075349,1.1462868354072606
280120-31,110,0,8648,0.6930352364795417,0.7206666666666667,1.3871478039227667
280120-31,111,0,10928,0.2223851355667051,0.7653733015828548,1.025684264988663
280120-31,112,1,9010,0.4768522334936827,0.7798165137614679,1.1376778172498716
280120-31,113,1,12603,0.4712708542493976,0.7815813953488372,1.133801581788821
280120-31,114,0,8629,0.6292145591046866,0.7830308529945553,1.2866177018104086
280120-31,115,0,10800,0.3096152060621448,0.8031531196549416,1.051677389290988
280120-31,116,1,10289,0.4404028561412668,0.835688758934373,1.113833481377794
280120-31,117,0,6751,0.658476190089041,0.6890884964785138,1.3287243264656692
280120-31,118,1,8341,0.6697038826400583,0.8007872503840245,1.3465687675669504
280120-31,119,0,7529,0.4609370520535219,0.7936959730128611,1.1268458436582318
280120-31,120,1,10076,0.6981800811023868,0.6959524796242575,1.3967998499837715
280120-31,121,0,8821,0.6407540426544778,0.7578178694158075,1.302513741160973
280120-31,122,0,10623,0.4614104921364491,0.7566239316239316,1.12715838235594
280120-31,123,0,7836,0.6060179084061075,0.7364661654135338,1.2571484591515494
280120-31,124,1,6172,0.834447260743885,0.7904713114754098,1.814592866271516
280120-31,125,1,7238,0.5839556074863189,0.7311111111111112,1.231852362268176
280120-31,126,1,12134,0.5025603700719259,0.7790190035952748,1.156681645409105
280120-31,127,1,6731,0.5046777256397885,0.7404840484048405,1.1583353886625862
280120-31,128,1,10594,0.7307508617815697,0.7017753047164812,1.464891843179929
280120-31,129,0,8994,0.7199642769727572,0.614344262295082,1.440899094819239
280120-31,130,0,7862,0.6900346580753538,0.7361423220973783,1.381642316178065
280120-31,131,0,7400,0.6116186785477111,0.7326732673267327,1.2639784988782157
280120-31,132,1,8356,0.4823651554072583,0.766043270993766,1.1415912976029503
280120-31,133,0,14066,0.7080818866606217,0.6772593769560402,1.4161691669100127
280120-31,134,1,9279,0.5372581360556463,0.7738949124270225,1.185651906757639
280120-31,135,0,6381,0.6453677851363494,0.758288770053476,1.3091198642922943
280120-31,136,1,10216,0.2210612752517906,0.7341717570966583,1.025367677840005
280120-31,137,0,8207,0.600091621641376,0.7740992265610263,1.250107391146611
280120-31,138,1,5120,0.7630132138577841,0.6197046719922537,1.5470706627014097
280120-31,139,1,8943,0.790297640322176,0.6287260967379078,1.6320584999890102
280120-31,140,1,9260,0.3905620008697308,0.7134052388289677,1.08627568011697
280120-31,141,1,5755,0.495354234002604,0.760438689217759,1.151157217328972
280120-31,142,1,8272,0.4824579736273165,0.7808930425752856,1.1416579201007229
280120-31,143,0,9012,0.2913239751078505,0.7655453618756372,1.0453422952521445
280120-31,144,1,9098,0.5239562390120366,0.7658249158249159,1.1740600569324864
280120-31,145,0,8728,0.1788728116460397,0.7624039133473096,1.016392163689962
280120-31,146,0,12035,0.5153403045582615,0.7661701044053986,1.1668807091656082
280120-31,147,0,7089,0.8980798654220851,0.5786938775510204,2.2735932155675806
280120-31,148,0,16016,0.645287677365574,0.7689279370108982,1.3090038970038458
280120-31,149,0,21695,0.7837061092541343,0.7091027945742768,1.609964217473794
280120-31,150,0,9470,0.7077392634681992,0.7034615956024365,1.4154807939254457
280120-31,151,1,5856,0.4747342164288148,0.730265619154508,1.1361968109679716
280120-31,152,1,9057,0.7915798677317533,0.6469285714285714,1.6364851910686866
280120-31,153,0,9033,0.3301433293842131,0.726943505552873,1.059399677305816
280120-31,154,1,7144,0.7969705479129706,0.6014986949566389,1.6555793435603388
280120-31,155,0,8025,0.5262124288700201,0.6572481572481572,1.1759820023109713
280120-31,156,0,6235,0.5325719787625267,0.7875457875457875,1.1814958152303396
280120-31,157,0,4938,0.8468145670902147,0.6299272866437046,1.8800942454387144
280120-31,158,0,8195,0.6602375477885806,0.6786749482401656,1.3314571462092213
280120-31,159,0,12145,0.5870838427466404,0.7361498363437993,1.235290570659848
280120-31,160,1,11331,0.5777881149277408,0.7153409090909091,1.2252097175346324
280120-31,161,0,11555,0.6690254182666266,0.6528248587570622,1.34546127863348
280120-31,162,0,6837,0.5367524731214826,0.6870666264697015,1.1851995691240578
280120-31,163,0,4946,0.8403572683802583,0.7111430625449318,1.8449064723731496
280120-31,164,0,7561,0.7126995182692989,0.5721095641646489,1.425578822435635
280120-31,165,0,10944,0.5733476003955669,0.7686472819216182,1.2205359131823277
280120-35,1,1,12195,0.3691707237309937,0.7939453125,1.0760074484947084
280120-35,2,1,14486,0.2824762375413661,0.7774796049806784,1.042454701464989
280120-35,3,0,14828,0.4639368181536044,0.7730163695130852,1.1288359796947285
280120-35,4,1,11511,0.4866968116943261,0.7562081198265668,1.1447267039185434
280120-35,5,1,10031,0.5433724090184512,0.7723877723877723,1.191196912877915
280120-35,6,1,16289,0.5647871605931265,0.7436880792585491,1.2117736747684087
280120-35,7,1,11881,0.5631621810057891,0.7800026260504201,1.2101462666457492
280120-35,8,1,9380,0.7882980782747171,0.8411047345767575,1.6252405327748114
280120-35,9,1,14018,0.5309762572467092,0.8056784872693833,1.180098771374222
280120-35,10,1,6376,0.8659871991689269,0.7725675511935054,1.9997353690292008
280120-35,11,1,14522,0.4007903062693823,0.7683597883597884,1.0915007058075457
280120-35,12,1,12737,0.2818532902185225,0.7838153846153846,1.0422556335507
280120-35,13,1,14155,0.5667727790942017,0.7634020062560674,1.213777612326943
280120-35,14,1,10898,0.4379315965137054,0.7835777969513948,1.1123367872590038
280120-35,15,1,9048,0.7656442865800281,0.7884967320261438,1.5545712096636382
280120-35,16,1,12120,0.3494832643353956,0.7949626131444313,1.0673012338430667
280120-35,17,1,12648,0.5205597378524375,0.7815126050420168,1.171199843027253
280120-35,18,1,9767,0.6665452197294982,0.7408222087378641,1.341445321236874
280120-35,19,1,9957,0.3265247386420772,0.7538042243924596,1.0579898455855354
280120-35,20,1,12868,0.3216274856085678,0.7798787878787878,1.0561153316930183
280120-35,21,1,12213,0.3178664429042585,0.7820824795081968,1.05470157065984
280120-35,22,1,12098,0.2572134736306253,0.7808183813088938,1.0348168171506629
280120-35,23,1,12246,0.3248462666600797,0.7781166603126192,1.057343062532109
280120-35,24,1,11703,0.5070691851558243,0.7513482280431433,1.1602201957217555
280120-35,25,1,12339,0.4720903816801645,0.7731203007518797,1.134365409688939
280120-35,26,1,12525,0.5462920001065071,0.7724805723448871,1.193894707603801
280120-35,27,1,12652,0.5444367949375005,0.7415743508586835,1.1921766466336157
280120-35,28,1,14786,0.7048816235018276,0.8303009883198562,1.4097910808283132
280120-35,29,0,8686,0.6185790314873109,0.8228495642288746,1.2727138281353594
280120-35,30,1,13007,0.4343978814427457,0.7758888093533762,1.1102215901772772
280120-35,31,0,10794,0.3581334732005463,0.7954310980103169,1.0710417726271204
280120-35,32,1,8434,0.8623676557327113,0.791478978978979,1.9751816223341676
280120-35,33,1,9997,0.1587772566617536,0.7899020227560051,1.0128485618016498
280120-35,34,0,13725,0.3657467996974122,0.7823187414500684,1.0744434696105063
280120-35,35,1,11480,0.4477497843070155,0.7840994467591011,1.118369458577824
280120-35,36,1,9452,0.7347803049614391,0.750396951413147,1.474262683603
280120-35,37,1,12844,0.4742790718341019,0.7963789682539683,1.135880167300399
280120-35,38,1,10882,0.6655731613819705,0.7693721719457014,1.3398851728001036
280120-35,39,1,7846,0.574235488480288,0.6696824854899283,1.2214632955114222
280120-35,40,1,11400,0.7257379825696201,0.7429614181438999,1.4535492050933438
280120-35,41,1,13539,0.4599503846364378,0.7911991584852734,1.1261963644339557
280120-35,42,1,9130,0.3513460390946725,0.7757009345794392,1.0680957236926334
280120-35,43,1,9274,0.7449203092855611,0.7587956144657175,1.498905524918678
280120-35,44,1,11816,0.188747416896684,0.7874183659869386,1.0183033219839777
280120-35,45,1,10527,0.7471977081363215,0.6898427260812582,1.504660329435679
280120-35,46,1,11085,0.8495456741022308,0.6361914600550964,1.8956804449749192
280120-35,47,1,11449,0.4478642833540571,0.7521350676652214,1.1184411868646245
280120-35,48,1,8449,0.4606630490311471,0.8285770324605276,1.1266652273476376
280120-35,49,1,7564,0.8516587664480371,0.8060528559249787,1.9080448510050196
280120-35,50,1,11502,0.6149203280818455,0.7797966101694915,1.2680872991152692
280120-35,51,1,12367,0.6709291526748851,0.8122824302134647,1.348578641578005
280120-35,52,1,10742,0.4921224469091082,0.7493024553571429,1.148730782099899
280120-35,53,1,6323,0.6797666462423974,0.6148983759603228,1.3634594972388268
280120-35,54,1,11924,0.4470544401507963,0.7643589743589744,1.11793454762528
280120-35,55,1,11875,0.4931083154860174,0.8146395005831104,1.1494676667290034
280120-35,56,0,15396,0.1753106252084155,0.8084436042848141,1.0157304432636935
280120-35,57,1,12612,0.5828789777742687,0.7727941176470589,1.2306798935665713
280120-35,58,1,10514,0.4771894824621655,0.7971794677382668,1.1379147807958558
280120-35,59,1,11779,0.6425794547032355,0.7374780866516404,1.305109798485972
280120-35,60,1,12078,0.7882386484877638,0.6871870732817479,1.6250394612349044
280120-35,61,0,5361,0.7291824189114798,0.7768439356614983,1.4613059984270145
280120-35,62,1,10070,0.7793628823298966,0.7143363836277222,1.5959836901666449
280120-35,63,1,10165,0.5183017542464127,0.7851239669421488,1.1693201153481996
280120-35,64,1,10977,0.6480887178054976,0.7704239191465468,1.3130858205318303
280120-35,65,1,9615,0.3632712013067039,0.7874692874692875,1.073325934490952
280120-35,66,1,13906,0.3795391287152335,0.8051181102362205,1.0808757895869063
280120-35,67,1,12633,0.3513151699580858,0.7650799418604651,1.068082508821442
280120-35,68,1,11903,0.4267305945678723,0.7685304752066116,1.1057313690888235
280120-35,69,1,12867,0.7707966110945439,0.7956836311916393,1.5696583750505058
280120-35,70,1,15903,0.5927041044005914,0.7514175014175014,1.2415877915929447
280120-35,71,1,9685,0.5488441078291804,0.751008064516129,1.196279964567836
280120-35,72,1,14828,0.4977343625475209,0.7684494195688225,1.1529643250608952
280120-35,73,0,14816,0.4021380415704605,0.7779878176853602,1.0922049830232472
280120-35,74,1,14886,0.5862534171685623,0.752540316465295,1.2343732588168022
280120-35,75,1,12346,0.5482004340359463,0.7655009920634921,1.195675974805902
280120-35,76,0,7131,0.6261261977292811,0.8716538320498717,1.2825088165595175
280120-35,77,1,13582,0.4618859820680046,0.756783863598373,1.1274728594839822
280120-35,78,0,4771,0.6940468730863565,0.7304041641151255,1.3890242905787549
280120-35,79,0,13535,0.5082868932163711,0.7264383855732074,1.1611869037949454
280120-35,80,1,13055,0.6388259400217932,0.7618908666472133,1.299796339805357
280120-35,81,1,15993,0.4150180542799884,0.7883762200532387,1.0991267512302578
280120-35,82,1,13906,0.5364400210793129,0.7681175430844013,1.1849205383758228
280120-35,83,1,12689,0.5263026310967315,0.7752321603128055,1.1760592099683
280120-35,84,1,8400,0.7545341623213103,0.7879924953095685,1.5237845169495616
280120-35,85,1,11416,0.9258778595645896,0.687710843373494,2.646742272551584
280120-35,86,1,10743,0.5548382159020386,0.7760601025789208,1.2019833715827275
280120-35,87,1,9316,0.7874858604021077,0.7594358848944323,1.6225002669537647
280120-35,88,1,13903,0.5952893764572935,0.7723888888888889,1.24453742538614
280120-35,89,0,16168,0.5806644946006376,0.7516853410200381,1.2282855225069642
280120-35,90,0,9763,0.7000989105910558,0.7291262135922331,1.400470237697964
280120-35,91,1,10394,0.5131818888036185,0.762862385321101,1.165121105150197
280120-35,92,0,16799,0.3881652429184458,0.7177526169621876,1.085081463566332
280120-35,93,1,12529,0.5996185301553145,0.7906727249779124,1.249553346647563
280120-35,94,0,14899,0.3371650223527145,0.7547619047619047,1.0621963069576752
280120-35,95,1,14384,0.4185788510085804,0.783527617387515,1.1011027494223236
280120-35,96,0,7387,0.8330710425527145,0.8110452349582784,1.8077755615852475
280120-35,97,1,12505,0.4531702664319744,0.782051282051282,1.1218006515498948
280120-35,98,0,12315,0.4876066429131434,0.7716165413533834,1.1453921441963242
280120-35,99,1,6440,0.91646617314625,0.7900871058765796,2.499299095818138
280120-35,100,0,12836,0.3401834783801713,0.7717652717652718,1.0634235584129033
280120-35,101,0,20040,0.5202128384018737,0.7589759127404939,1.1709099343612144
280120-35,102,0,10456,0.8142505877686951,0.6838456507521256,1.7226126799276762
280120-35,103,1,11266,0.3653850620902221,0.7765370829886958,1.0742794821454544
280120-35,104,0,13429,0.3146571010807001,0.7766018968309044,1.0535127490546607
280120-35,105,0,9910,0.7540813089351076,0.6396024267458371,1.5225773688998945
280120-35,106,0,13197,0.5292304763101293,0.7697287839020123,1.1785807887749902
280120-35,107,0,14098,0.4405583690677558,0.8056,1.1139281507426877
280120-35,108,0,8863,0.7132092194712809,0.6539994096812278,1.4266328028091495
280120-35,109,0,12321,0.6768374491221273,0.781392694063927,1.3584510816415023
280120-35,110,1,10747,0.355757697471633,0.7608495575221239,1.070001388946369
280120-35,111,0,18361,0.4712669007678526,0.7855645402815215,1.1337988662370229
280120-35,112,0,11021,0.5310214531975965,0.7502382573179034,1.18013821437612
280120-35,113,0,24040,0.6454648808814764,0.7374233128834355,1.309260484702254
280120-35,114,1,12316,0.5814056015239577,0.7608104768964665,1.2290842610887531
280120-35,115,0,11626,0.6362171094810919,0.7327156992500158,1.2961593602356971
280120-35,116,0,11340,0.4745680499463258,0.7041728763040238,1.1360811432082445
280120-35,117,0,8123,0.9391610559436844,0.555608755129959,2.9114023340226303
280120-35,118,1,9157,0.531376986096652,0.773787392259591,1.1804487469996392
280120-35,119,0,12230,0.6253177703224272,0.6864616075437808,1.281443050443195
280120-35,120,0,4150,0.9092765578290064,0.6404320987654321,2.4027346977795423
280120-35,121,1,13041,0.594050931375849,0.7658562367864693,1.243120214567598
280120-35,122,1,12715,0.6732557922216323,0.7641225961538461,1.352430270464402
280120-35,123,0,18135,0.6082565847323471,0.7855750487329435,1.2598576524979872
280120-35,124,1,12411,0.700939078740168,0.744287856071964,1.402089661666456
280120-35,125,0,10512,0.5139288202153699,0.7551724137931034,1.1657282895130792
280120-35,126,1,7080,0.8589239621589939,0.6695035460992907,1.952731626782352
280120-35,127,0,18877,0.4230612655165096,0.7376421398147787,1.1036296314187986
280120-35,128,1,9381,0.407814717522902,0.8528181818181818,1.095212632939502
280120-35,129,1,4012,0.8573274411981223,0.7944554455445545,1.9426096295448343
280120-35,130,0,16154,0.5160819880929522,0.7938473635068062,1.167488905747303
280120-35,131,0,9189,0.7382833032661529,0.6106459330143541,1.4826000334052605
280120-35,132,0,10910,0.5676990509800668,0.6202740349081812,1.214718253948993
280120-35,133,0,8934,0.7825779071205957,0.6495092693565976,1.6062898097487217
280120-35,134,1,9945,0.7911269176179015,0.6082568807339449,1.634916518565589
280120-35,135,0,9677,0.7661726002176468,0.6433320037229092,1.5560936425262677
280120-35,136,1,11873,0.4708100681035967,0.7248473748473748,1.1334853634267594
280120-35,137,0,10232,0.5322670718022185,0.7702499247214695,1.181228163361172
280120-35,138,1,10999,0.6108478669112123,0.7245718050065876,1.2630281473178206
280120-35,139,0,10243,0.6221376589597308,0.7804190476190476,1.2772894972646418
280120-35,140,0,4884,0.8692526861542307,0.616822429906542,2.0227844468335907
280120-35,141,1,9208,0.6844284960128842,0.6508340401470173,1.371591611084
280120-35,142,0,5750,0.5323657960702435,0.7025904203323559,1.1813147883011934
280120-35,143,1,12326,0.3291407034292784,0.6715702299226327,1.0590069243594915
280120-35,144,0,7010,0.7149125723381662,0.6072944641774235,1.4301776115926108
280120-36,1,1,15677,0.3552097741855725,0.7832234212629896,1.0697628566029964
280120-36,2,1,12016,0.4823142996820221,0.7690732206861239,1.1415548050699396
280120-36,3,1,10337,0.7376517628311464,0.797608024691358,1.4810835289269997
280120-36,4,1,8064,0.6197676128218113,0.7532224920605268,1.2742337135442738
280120-36,5,1,9156,0.6799048536603495,0.7157598499061913,1.3636977159563068
280120-36,6,1,10689,0.390367667998006,0.7745652173913044,1.0861784300204662
280120-36,7,1,12625,0.6764467717625678,0.7718879921741257,1.357788877901069
280120-36,8,1,10384,0.5920131964903007,0.7332815479132829,1.2408052157380298
280120-36,9,1,9952,0.43118931459784,0.7725508461419034,1.1083261606559338
280120-36,10,1,9431,0.7869171963380422,0.7482545223738496,1.620591604280769
280120-36,11,1,8724,0.3655723631562626,0.7210513265559138,1.0743643621995915
280120-36,12,1,10939,0.2937048635916107,0.7661437176075081,1.0461387443343535
280120-36,13,1,5798,0.9046859137416264,0.7371900826446282,2.3469820637797074
280120-36,14,1,11825,0.3947884438703239,0.7759186351706037,1.088409249281315
280120-36,15,1,16247,0.5978016889588892,0.808469347133758,1.2474364811304606
280120-36,16,1,12310,0.3224101613737924,0.781885162601626,1.056412348049012
280120-36,17,1,10029,0.586263273633061,0.7788909599254427,1.2343841269624445
280120-36,18,1,13191,0.7094532894205974,0.7227945205479452,1.4189379342415578
280120-36,19,1,7554,0.939212541317362,0.719702743902439,2.9125963486008475
280120-36,20,1,9180,0.7276351922742004,0.7225501770956316,1.4578018032851503
280120-36,21,1,9246,0.9091136117260284,0.794057025077293,2.4006822988316205
280120-36,22,0,8598,0.9436701217196072,0.5159315931593159,3.0221729510502717
280120-36,23,1,11072,0.948972119481626,0.818692694469092,3.1709794080723355
280120-36,24,1,10371,0.5097468685847404,0.7918002748511223,1.1623522030472335
280120-36,25,1,13037,0.6464904502059313,0.7795383879454676,1.3107498501373205
280120-36,26,1,7114,0.8546552555914146,0.7169925418262447,1.926055230106541
280120-36,27,1,11065,0.7383040869930605,0.6860313720627441,1.4826500422217497
280120-36,28,1,10417,0.2455819726920806,0.7741527942925089,1.0315916404821115
280120-36,29,1,9916,0.9157250327851209,0.5756080571196378,2.488766296285725
280120-36,30,1,9610,0.660130517524898,0.7799058594384028,1.331290393999515
280120-36,31,1,8325,0.511960830210412,0.7662923416789397,1.1641324359840637
280120-36,32,1,12849,0.2157624161386732,0.7968372093023256,1.0241222870711288
280120-36,33,1,11856,0.9295100746612496,0.6779893635271916,2.711520857490933
280120-36,34,1,11869,0.354569145913337,0.7845716552088842,1.069484634073719
280120-36,35,1,9708,0.821323287582745,0.6388523295604106,1.7529620059626514
280120-36,36,1,7330,0.8012123257660845,0.7511785201885632,1.671178418671289
280120-36,37,1,13910,0.4079846088096643,0.7870763311265773,1.0953036816795183
280120-36,38,1,10403,0.4367631855656474,0.7688839615668884,1.111634169021957
280120-36,39,1,12665,0.5180800856553535,0.6925306211723534,1.1691365072119335
280120-36,40,1,11030,0.7017350243627453,0.7932398417835311,1.403630840905196
280120-36,41,1,12496,0.2459393339048217,0.7510969525755845,1.03168806869076
280120-36,42,1,12967,0.6757454132194289,0.7181944059817225,1.3566034470635662
280120-36,43,1,9638,0.7124444292448815,0.6971932870370371,1.4250524978578198
280120-36,44,1,10748,0.6810964107167508,0.746855673684942,1.3657587321333728
280120-36,45,1,11714,0.647859888198048,0.7731502871097617,1.3127502507639484
280120-36,46,1,13776,0.3437303227624537,0.7972222222222223,1.0648851531742245
280120-36,47,1,8994,0.920612026743074,0.6994323042227234,2.5609601497528978
280120-36,48,1,9336,0.4155763818684713,0.8261946902654868,1.0994347677240517
280120-36,49,0,12350,0.7312016826119795,0.7687519452225334,1.465928857873268
280120-36,50,1,10622,0.3171586962852389,0.7503002048456594,1.0544380196424878
280120-36,51,1,10977,0.7518357171996312,0.7249851396869428,1.5166440787355304
280120-36,52,1,8827,0.9019050495037256,0.568018018018018,2.315166651508598
280120-36,53,1,9028,0.5515100277004281,0.8988450816407806,1.1987989060979516
280120-36,54,1,9892,0.6700311765549479,0.7401421623643846,1.3471044057641512
280120-36,55,1,13101,0.2718768290254925,0.7752529735487307,1.0391423539257731
280120-36,56,1,11549,0.4711561845710775,0.7706526091018284,1.1337228351065811
280120-36,57,1,8282,0.9188361136324869,0.7226245528313411,2.533959335581277
280120-36,58,1,10398,0.6209948440430328,0.7858816415992744,1.2758118281307875
280120-36,59,1,8563,0.2024338259427442,0.7766893424036281,1.0211417764296415
280120-36,60,1,8245,0.6315054175202037,0.7696975354742345,1.289704414012094
280120-36,61,1,13680,0.6901054668591234,0.6669591926283458,1.3817712087735745
280120-36,62,1,10664,0.252443608270067,0.7296113847837986,1.0334725124776605
280120-36,63,1,9831,0.4605954282765676,0.821989966555184,1.1266206832228376
280120-36,64,1,13257,0.7594680166967905,0.7793650793650794,1.5371735235217896
280120-36,65,1,7663,0.4834282028545241,0.843014301430143,1.142355793044506
280120-36,66,1,10000,0.2324290267386029,0.7762769756249029,1.0281577874639238
280120-36,67,0,10619,0.8694107612559662,0.6975170782974252,2.0239227666416064
280120-36,68,0,17419,0.5661608871254171,0.7692545486663134,1.2131582652360342
280120-36,69,1,12317,0.3664693551559742,0.7830260648442466,1.0747717388621738
280120-36,70,1,8833,0.7583091561736168,0.8379660373778579,1.533989130063805
280120-36,71,1,9354,0.9427653741368452,0.5142385926333151,2.998889051471862
280120-36,72,1,13164,0.548872458927468,0.7747175141242938,1.1963066051128377
280120-36,73,1,10728,0.912796107944756,0.7726879861711322,2.4484865683790025
280120-36,74,1,10886,0.5837063075798617,0.6713950906623906,1.2315803795149256
280120-36,75,1,8925,0.9210703272695844,0.7589285714285714,2.5680780389910502
280120-36,76,1,9770,0.7019982382702389,0.7688675533170694,1.4041420037993295
280120-36,77,1,9554,0.8576337287783152,0.7516915814319434,1.9445378493353456
280120-36,78,1,6779,0.8832168465994008,0.8355725379021324,2.132356113983088
280120-36,79,1,10382,0.7529448252467488,0.7458333333333333,1.5195636607957823
280120-36,80,1,8216,0.7239105949869387,0.7391812865497076,1.4494984663667645
280120-36,81,1,13254,0.5657285260965481,0.7955582232893157,1.2127216102698388
280120-36,82,1,8426,0.565238620804633,0.7717530683275325,1.2122278113272071
280120-36,83,0,17394,0.6039769241588226,0.7974509444342563,1.2547023047768548
280120-36,84,1,13794,0.7159716832164483,0.6348490427098674,1.432399370614481
280120-36,85,0,17091,0.2586264968462683,0.7910668826660495,1.035220908034766
280120-36,86,1,15856,0.5977646756724307,0.7072572371649047,1.2473935339917452
280120-36,87,1,11982,0.361075061560367,0.7430697674418605,1.072343791657201
280120-36,88,1,13640,0.3236135397676152,0.7955672207640712,1.0568709160843588
280120-36,89,1,11763,0.524753889618329,0.7788003177966102,1.174737518834697
280120-36,90,1,9626,0.2669873739712993,0.7744167337087691,1.0376672947277024
280120-36,91,1,6361,0.7203513754362029,0.7531375799194885,1.4417337884156949
280120-36,92,1,5864,0.9524871030307102,0.7433134744581062,3.2832213067168783
280120-36,93,1,10963,0.6411385299453516,0.7148539384454877,1.303058648968037
280120-36,94,1,17765,0.8636780891472621,0.7308293565904229,1.9839545455673824
280120-36,95,1,9886,0.4348066755687595,0.7823678379233935,1.1104647928463356
280120-36,96,1,11311,0.5952371522445863,0.8208272859216256,1.2444775051520922
280120-36,97,1,15957,0.8599178405134459,0.6118012422360248,1.9591230115497416
280120-36,98,0,5190,0.8241664357238697,0.7334652345958168,1.765699849106772
280120-36,99,0,11035,0.6313615644932309,0.7629286504424779,1.2895096006391331
280120-36,100,0,13289,0.5369985621205773,0.7354178195904815,1.1854195886246537
280120-36,101,1,13072,0.5353548711124922,0.7725768321513002,1.1839542480452216
280120-36,102,1,6371,0.7833064803092876,0.7824858757062146,1.6086591895858229
280120-36,103,1,13658,0.6329194381023249,0.837811311495522,1.2916264402354007
280120-36,104,0,10867,0.6565458031453009,0.8151065106510651,1.3257567956125729
280120-36,105,1,6272,0.5814645513727332,0.7304914977870953,1.229147905845025
280120-36,106,0,8562,0.6231928047353456,0.822241428983002,1.2786608022600652
280120-36,107,0,28280,0.8678098789689539,0.6012671684313475,2.012492014831475
280120-36,108,0,16096,0.7309107262805723,0.7806770782811135,1.4652592514394802
280120-36,109,1,7513,0.6735344637366039,0.7034644194756554,1.3528947117996983
280120-36,110,1,12158,0.7555443555132773,0.6480119390256902,1.5264903452048455
280120-36,111,1,11718,0.5529653151763759,0.6842627737226278,1.2001858759553468
280120-36,112,0,5662,0.9013917506282434,0.7273895169578622,2.3094447293755542
280120-36,113,1,13768,0.4385207615142911,0.7981449275362319,1.1126922976717677
280120-36,114,1,15081,0.4769491344732804,0.7453296431748542,1.137745871139132
280120-36,115,1,8740,0.7557269674333927,0.6539468761690984,1.5269814037558562
280120-36,116,1,11425,0.6360428299923799,0.733217815428058,1.295918010947937
280120-36,117,0,25841,0.7361837046433595,0.6275895567698846,1.4775811887068395
280120-36,118,1,10835,0.4853487955597383,0.7593916456405944,1.1437451857650738
280120-36,119,1,9817,0.5300062666094698,0.7760474308300396,1.1792540094538395
280120-36,120,0,10635,0.7137883629239459,0.6992110453648915,1.427834138291765
280120-36,121,1,12315,0.62289274010549,0.7635788690476191,1.2782701416192932
280120-36,122,0,17515,0.736454643155886,0.8222618656401108,1.4782251722391695
280120-36,123,1,10449,0.6051283555878282,0.7857572567303354,1.256079542448299
280120-36,124,0,8372,0.7030034058126854,0.7583333333333333,1.4061009679807637
280120-36,125,1,7387,0.8391250795324539,0.6623923959827833,1.8384431044909813
280120-36,126,1,13475,0.391746862703566,0.7628509963768116,1.086870235858881
280120-36,127,0,10034,0.691417170530059,0.5744875758616741,1.3841678383845448
280120-36,128,1,9075,0.7855874344638709,0.6904290931223371,1.6161598847393992
280120-36,129,0,7459,0.9619154980697188,0.4781410256410256,3.658353859507712
280120-36,130,0,4705,0.858183980515191,0.5755351681957187,1.948018147863092
280120-36,131,0,11631,0.8438127386528151,0.5852664419061038,1.8634544847845491
280120-36,132,1,14110,0.6288517547948813,0.7212226538540176,1.2861319118640795
280120-36,133,0,11588,0.8561495116325585,0.5409897292250233,1.9352534571839093
280120-36,134,0,10279,0.8939949130605369,0.7243833685694151,2.231758731660577
280120-38,1,1,11168,0.7044504933991056,0.758232059202933,1.408940603292949
280120-38,2,1,11873,0.6609831044632742,0.747999747999748,1.332621210188027
280120-38,3,1,9306,0.2175345169000924,0.8052959501557633,1.0245349181122911
280120-38,4,1,14673,0.3480901065816106,0.7819344524380496,1.0667109500969107
280120-38,5,1,11640,0.4952471649408424,0.7839439655172413,1.1510763280278495
280120-38,6,1,10201,0.6451083502313493,0.7860224996147326,1.3087444595214428
280120-38,7,1,9964,0.4633241498600975,0.7695991349347339,1.1284276093449046
280120-38,8,0,8201,0.4820660993759449,0.7901531939493207,1.1413768094126442
280120-38,9,1,8344,0.5699222284042561,0.7510351035103511,1.2169911843130492
280120-38,10,1,7592,0.4497156597663457,0.7934782608695652,1.1196054604667756
280120-38,11,1,9137,0.5522611337546374,0.7765595784463709,1.1995136946914275
280120-38,12,1,8127,0.5478655688450975,0.813432088879992,1.1953623962528783
280120-38,13,1,8028,0.7577519123397536,0.8028,1.532466649038372
280120-38,14,1,6800,0.5793044957362021,0.7906976744186046,1.2268264443862154
280120-38,15,1,10096,0.2868251957649039,0.7636336131911353,1.04385992866297
280120-38,16,1,10332,0.4372942495325733,0.7446486486486487,1.1119531239794616
280120-38,17,1,9546,0.4703096012534637,0.7288135593220338,1.1331425633821377
280120-38,18,1,13265,0.399958094863582,0.7729736029368918,1.091067680470953
280120-38,19,1,9630,0.2699155655048904,0.7961309523809523,1.0385467048680337
280120-38,20,1,12660,0.6843222846768175,0.7105972159856309,1.3714040897663633
280120-38,21,1,7701,0.367762232107733,0.7860569562110851,1.0753614866499706
280120-38,22,1,9086,0.4297485913351533,0.7670747150696496,1.1074827691660345
280120-38,23,0,8099,0.4183144079510234,0.77875,1.100955053536634
280120-38,24,1,13558,0.7228894108261243,0.6952820512820512,1.447253932340666
280120-38,25,1,13074,0.2620150683445411,0.7798854688618468,1.0362009416498508
280120-38,26,1,9764,0.3515616967501822,0.7998034076015728,1.0681880913797006
280120-38,27,1,11890,0.4843858428260453,0.7046343487021454,1.1430472458213892
280120-38,28,1,10699,0.5223052513455688,0.7836372958324178,1.1726648124711472
280120-38,29,0,6551,0.3235423299267775,0.7911835748792271,1.0568437161417104
280120-38,30,1,6421,0.8020501780096045,0.7494164332399627,1.6743220717763565
280120-38,31,1,11675,0.5519182729912893,0.7700171481334916,1.1991871326615462
280120-38,32,1,10404,0.4628593599939598,0.7291841883936081,1.128118461438245
280120-38,33,1,9694,0.4605988532372976,0.7730462519936204,1.1266229390784477
280120-38,34,1,9593,0.4838295513268359,0.7409438479956747,1.1426452627057098
280120-38,35,1,11561,0.4965860475722364,0.7705278592375366,1.1520903260219932
280120-38,36,1,9212,0.3035524328333313,0.7975757575757576,1.0495219716461683
280120-38,37,1,8297,0.3456272156702379,0.8055339805825242,1.0656755569047889
280120-38,38,1,5075,0.9169644255991892,0.7868217054263565,2.506460565255118
280120-38,39,1,6844,0.4032625391320596,0.7759637188208617,1.092795462761873
280120-38,40,1,8254,0.8713298535885446,0.6896724598930482,2.037914359467366
280120-38,41,1,9998,0.4781387181838698,0.7714506172839506,1.138583445751442
280120-38,42,1,7838,0.8448335645695706,0.6762726488352028,1.8690568555771443
280120-38,43,1,5339,0.3996995264029294,0.7950856291883842,1.0909334273022455
280120-38,44,1,13125,0.5728849720944046,0.8270321361058601,1.220054110269614
280120-38,45,1,11600,0.6558450175393291,0.7228315054835494,1.3246865491314164
280120-38,46,1,10386,0.4017076965123144,0.8214172730148687,1.0919796952561762
280120-38,47,1,11093,0.6274007094387358,0.7722779170147591,1.2841972562255444
280120-38,48,1,9183,0.4387211378541449,0.7954781704781705,1.1128133942715035
280120-38,49,1,11370,0.435914490147464,0.7406683603674028,1.1111258183444888
280120-38,50,1,8499,0.4743049504344622,0.764986498649865,1.1358981557800905
280120-38,51,1,7849,0.8914614145096461,0.6180801637924246,2.2070347854233483
280120-38,52,1,10441,0.3883928336765923,0.7585730892182505,1.0851943790209324
280120-38,53,1,8631,0.7122195807397869,0.7366848753840901,1.4245892075371764
280120-38,54,1,7773,0.3727122834584867,0.7118131868131868,1.0776478043062725
280120-38,55,0,11734,0.4361553141352473,0.7286388474913065,1.111269895517628
280120-38,56,1,11264,0.5246126015667547,0.7572946080408767,1.1746173592238014
280120-38,57,1,12019,0.3684329355775379,0.7696593237704918,1.0756686313240538
280120-38,58,0,7677,0.3732594852053383,0.7833673469387755,1.077903324282172
280120-38,59,1,13215,0.4674630695814517,0.7305140961857379,1.1312055947667683
280120-38,60,1,8194,0.5655342950433992,0.7646509891750654,1.212525712138957
280120-38,61,1,10209,0.7624310248892464,0.752931632126263,1.5454290561066617
280120-38,62,1,12225,0.4775542499601145,0.7731469769795092,1.138171435413772
280120-38,63,1,6455,0.7667535774595158,0.7895058708414873,1.5577742282375708
280120-38,64,1,15560,0.2916954650651073,0.7665024630541872,1.0454660189191174
280120-38,65,1,11353,0.3332145080844294,0.7825337744692583,1.060612920908062
280120-38,66,1,8663,0.3353372818215552,0.7569244211446047,1.0614605383436213
280120-38,67,1,12286,0.3360226954343305,0.8055337004982953,1.061735808196287
280120-38,68,1,11621,0.5675018564773303,0.7920528898582334,1.2145176882601847
280120-38,69,1,7737,0.572974354308169,0.7859609914668834,1.2201471223489315
280120-38,70,1,10106,0.4352855738890188,0.7863367569249922,1.1107501970752078
280120-38,71,1,13691,0.5164279279313412,0.8149404761904762,1.1677732089258266
280120-38,72,1,9934,0.2943982193024663,0.8065275635300804,1.0463722475165482
280120-38,73,1,9009,0.6493351544146376,0.7446069923134143,1.3149202912653406
280120-38,74,1,10371,0.8149950551486174,0.7175176421751764,1.72572109811848
280120-38,75,1,9773,0.7933688325078727,0.8871641249092229,1.6427341151644774
280120-38,76,1,10057,0.4403743791946468,0.7494038748137108,1.1138161521114458
280120-38,77,1,9459,0.5542162310687551,0.7707790091264668,1.2013848586021785
280120-38,78,1,9441,0.4413914191484615,0.7335664335664336,1.114436255875353
280120-38,79,1,11184,0.261293637688879,0.7899978809069718,1.035990988451282
280120-38,80,1,10942,0.1413302205623845,0.7925539620454874,1.0101392640109377
280120-38,81,1,8411,0.2369837176169225,0.7851941747572816,1.0293216455568386
280120-38,82,1,14787,0.4214630076395509,0.7711201501877347,1.1027235568007847
280120-38,83,1,16080,0.7754110742853582,0.6796280642434489,1.5836396576690386
280120-38,84,0,16139,0.2784417323334281,0.7285572408811846,1.0411752285838778
280120-38,85,1,9808,0.4443831586332535,0.7625563675944643,1.1162747249447331
280120-38,86,0,6817,0.8981712939030683,0.6522196708763873,2.2745588961243883
280120-38,87,1,10944,0.4060833022075201,0.7800427655024946,1.0942881765268282
280120-38,88,1,6563,0.7792989102063825,0.7444419237749547,1.5957810547793985
280120-38,89,1,8239,0.6107384657394892,0.8434684684684685,1.262893534691999
280120-38,90,1,10717,0.2615599322841547,0.7697335344394168,1.0360684041512525
280120-38,91,1,10842,0.4835501706000956,0.7354497354497355,1.1424437127171017
280120-38,92,1,12714,0.3212511295790113,0.7647518796992481,1.055972854938568
280120-38,93,1,10896,0.5011175906303609,0.7871126200967998,1.1555627863723164
280120-38,94,1,7956,0.7513234123160769,0.795281887245102,1.5153026179312226
280120-38,95,1,8867,0.4809210080985025,0.7494083840432725,1.140557873131098
280120-38,96,1,6798,0.5351805065679875,0.7707482993197279,1.1837993846587676
280120-38,97,1,12295,0.2193760308968619,0.7623387896825397,1.024967823552051
280120-38,98,1,12951,0.3858562601680796,0.7857662904987259,1.0839416180043977
280120-38,99,0,4478,0.5318607603561567,0.7086564329799019,1.1808720175871912
280120-38,100,1,7197,0.6267201636724689,0.7987791342952275,1.2832944308005554
280120-38,101,1,11049,0.7972477539862657,0.7314796425024827,1.656582954293187
280120-38,102,1,11444,0.3956026681555203,0.7888061759029501,1.088824376475834
280120-38,103,1,7312,0.4326365545512642,0.7701706340846851,1.1091781615752367
280120-38,104,1,10512,0.3010359046418958,0.7812709030100334,1.0486436355679325
280120-38,105,1,9681,0.7135828405534519,0.6696873270614278,1.4274073577902948
280120-38,106,1,13407,0.6098881271171612,0.7194912525491038,1.261849521081624
280120-38,107,1,9679,0.5647279908017822,0.7341474514563107,1.211714218906497
280120-38,108,1,9650,0.4669427371892811,0.7715062360089543,1.1308538655560256
280120-38,109,0,4555,0.8945755904091389,0.7568959787304752,2.237553573888846
280120-38,110,1,10445,0.6172989837264673,0.7970848595848596,1.2710862929220637
280120-38,111,1,9091,0.5758839703543699,0.842695587690026,1.223194550193161
280120-38,112,1,5925,0.5664285880839057,0.8702996474735605,1.2134290287937797
280120-38,113,1,8728,0.6072211374748628,0.7785905441570027,1.2586011616040185
280120-38,114,1,5926,0.8988625771539333,0.7667227325656618,2.281903585848013
280120-38,115,1,10567,0.5259330555217758,0.7526353276353276,1.175743055952151
280120-38,116,1,9823,0.6582183349569581,0.730225988700565,1.328326274032882
280120-38,117,1,6790,0.7017745698253711,0.7625786163522013,1.403707590550331
280120-38,118,1,10380,0.6038248910880857,0.7591603890879837,1.2545209906300463
280120-38,119,1,7432,0.8949272654609458,0.7428285857071464,2.2410869677809173
280120-38,120,1,7761,0.9477641764835516,0.5312842278203724,3.135072510956989
280120-38,121,1,5309,0.8901064880021915,0.834748427672956,2.19417285097679
280120-38,122,1,7503,0.4876308341087115,0.8638038222426894,1.145409870182284
280120-38,123,1,6157,0.90382112993165,0.5552849927849928,2.336937477427036
280120-38,124,0,8011,0.606293823123318,0.7027192982456141,1.2574808821881642
280120-38,125,0,6467,0.7701235732644642,0.623625843780135,1.5676567914667496
280120-38,126,1,7676,0.5931862630504312,0.7214285714285714,1.2421353418989725
280120-38,127,1,8019,0.7786645186425196,0.717262969588551,1.5937766486460498
280120-38,128,1,15263,0.5008646704024307,0.8073952602623783,1.1553673146061096
280120-38,129,1,9720,0.7634561472648892,0.6597882161281564,1.5483239610734665
280120-38,130,1,7553,0.7772390762814149,0.7297584541062802,1.5893061654924958
280120-38,131,1,7758,0.6460364405865467,0.7571735311341011,1.310089604016678
280120-38,132,1,7024,0.8045335843999118,0.511170948257041,1.683764857174152
280120-38,133,1,8401,0.3938491992515818,0.7479522792022792,1.0879320308672766
280120-38,134,0,6103,0.873961293811717,0.6546878352284917,2.057632086284279
280120-38,135,1,8783,0.9092742076040056,0.6613704819277109,2.402705055315722
280120-38,136,1,7430,0.4675565874622879,0.6613262127280819,1.1312688864262834
280120-38,137,1,10401,0.6174647107829577,0.7653984840679962,1.2712964674519571
280120-38,138,0,11203,0.5245157139304079,0.7876124859392576,1.1745350003232378
280120-38,139,1,9452,0.7034242777577187,0.7026464466250372,1.406924476901062
280120-38,140,1,13337,0.1371548570278329,0.7712815174647236,1.0095405440539784
280120-38,141,1,11659,0.7569021650338322,0.8318350456621004,1.5301558446627357
280120-38,142,1,9361,0.7096916856456486,0.7038345864661654,1.419421447380158
280120-38,143,1,7579,0.9004811269468935,0.7825503355704698,2.2994051235038886
280120-38,144,1,14792,0.6407456228910686,0.7051868802440885,1.3025018197031033
280120-38,145,1,5136,0.87058350652704,0.6308032424465734,2.032434860676479
280120-38,146,1,11071,0.6241341781277043,0.6664860634519294,1.2798899502120902
280120-38,147,1,9663,0.4358427362823803,0.730882686634899,1.1110829165533829
280120-38,148,0,4102,0.644600781169579,0.5771774307021247,1.3080113709184509
280120-38,149,1,7223,0.8886658876422456,0.8017538017538017,2.180762177934508
280120-38,150,0,8329,0.9746484875246324,0.3671427311998589,4.469440543526913
280120-38,151,1,12974,0.5628130586386249,0.6653333333333333,1.2097980875826686
280120-38,152,0,6436,0.788145349233202,0.6662525879917184,1.6247239786096257
280120-38,153,1,8610,0.8416554996042579,0.6142541199971463,1.851800985222479
280120-38,154,1,7379,0.6674785998758299,0.6596048985429517,1.342950685631033
280120-38,155,1,9099,0.6295790322691438,0.7343825665859565,1.2871065636280072
280120-38,156,1,11089,0.6473756904142717,0.7147276828875282,1.31204143063877
280120-38,157,0,7152,0.9522470608021986,0.4929693961952026,3.2751602723983115
280120-38,158,1,12378,0.606245737581386,0.7904214559386973,1.2574229186909645
280120-38,159,1,10752,0.5952751107988665,0.7174696383291072,1.2445210560877815
280120-38,160,0,10597,0.2596228222902311,0.7487987563595252,1.0355074507395232
280120-38,161,0,4320,0.9084542347010764,0.5491990846681922,2.392434162484788
280120-38,162,1,10634,0.6700519509329093,0.7333793103448276,1.347138434827679
280120-38,163,0,8112,0.765781963758556,0.6370847404382314,1.5549674201054626
280120-38,164,0,5328,0.9181800391639684,0.6297872340425532,2.524211161056606
280120-38,165,1,5746,0.9531170288765396,0.4027193720213064,3.304671564079017
280120-39,1,1,12909,0.551086876508849,0.8339147286821705,1.198397204995781
280120-39,2,1,10615,0.1949089055819487,0.7624075271134094,1.01955366396416
280120-39,3,1,10034,0.6348183927928216,0.8382623224728488,1.2942280096569414
280120-39,4,1,6907,0.7596712533181798,0.8156589513462447,1.53773454043169
280120-39,5,1,12752,0.3438811423643295,0.7844488188976378,1.064947773817806
280120-39,6,1,8506,0.6546455778935548,0.8218357487922705,1.322863390758637
280120-39,7,1,15000,0.3999852250548974,0.813140348024069,1.0910817748376331
280120-39,8,1,12246,0.4643183696833874,0.783744,1.129090797723995
280120-39,9,1,11342,0.4839074656670457,0.8018381053375752,1.1427015112248091
280120-39,10,1,12118,0.433041185894561,0.7699834794764265,1.1094172343381807
280120-39,11,1,13970,0.2894204718576359,0.7841266277503368,1.0447114962209425
280120-39,12,1,11855,0.5654846603648263,0.803021066178961,1.212475677463198
280120-39,13,1,11284,0.5098073515944218,0.7774562491387625,1.1624006263148368
280120-39,14,1,12198,0.4592989430152192,0.7814722275610225,1.1257689256883143
280120-39,15,1,9130,0.5690126298544451,0.7870689655172414,1.2160586141250118
280120-39,16,1,8288,0.7404018033308812,0.7588353781358725,1.48773096409498
280120-39,17,1,9727,0.58750714173649,0.7917785917785918,1.2357594471853006
280120-39,18,1,8480,0.6757950369851774,0.7524401064773736,1.3566871783426788
280120-39,19,1,6590,0.6513185316367324,0.770850391858697,1.3178626192385718
280120-39,20,1,10956,0.1178628704099371,0.773674175552574,1.007019042960266
280120-39,21,1,9191,0.3354189575977029,0.7202978056426332,1.061493299533062
280120-39,22,1,10760,0.3456307030643392,0.7736554501006615,1.0656770156755766
280120-39,23,1,10088,0.3099734896031548,0.7762388427208372,1.0518065195254895
280120-39,24,1,8796,0.7027034660046217,0.7542445549648431,1.4055152656082213
280120-39,25,1,10473,0.4030495213855359,0.7602351916376306,1.0926834058133228
280120-39,26,1,13308,0.4553295761614173,0.7714782608695652,1.1231879244090648
280120-39,27,1,12600,0.4131460937430432,0.7941009642654566,1.0980989315192666
280120-39,28,1,9895,0.3413223427485511,0.7822134387351779,1.0638905579139468
280120-39,29,1,8886,0.7937771836532045,0.6682207850804632,1.6441725580802753
280120-39,30,1,11009,0.4257443876741991,0.7779112492933861,1.1051635187059163
280120-39,31,0,5564,0.8555222425733682,0.753929539295393,1.931374182374861
280120-39,32,1,9044,0.308645632199184,0.7902140672782875,1.0513289281427125
280120-39,33,1,12807,0.3896072917079186,0.78167724609375,1.085798630056232
280120-39,34,1,6056,0.3152389859897771,0.8291347207009858,1.0537271012447025
280120-39,35,1,9039,0.4325901341699465,0.7912289915966386,1.1091507586799365
280120-39,36,1,10951,0.5188820559941958,0.8086693250627677,1.169801561843112
280120-39,37,1,10868,0.4941493904288253,0.7640607424071991,1.1502489624033931
280120-39,38,1,8966,0.8675120016069368,0.7261094914156139,2.0103886782249503
280120-39,39,1,8171,0.6646546422038855,0.7723062381852552,1.3384180271620938
280120-39,40,1,10745,0.7548877058777669,0.7856255026687139,1.524729443523018
280120-39,41,0,5146,0.575195643172359,0.775,1.222470162646
280120-39,42,1,14100,0.2716500546962972,0.746031746031746,1.0390732079810208
280120-39,43,1,9918,0.2204987239749654,0.820279546770325,1.0252338101846772
280120-39,44,1,9758,0.256236201322054,0.8067129629629629,1.0345389105011842
280120-39,45,1,11736,0.3219469694025321,0.7759338842975206,1.0562364546275338
280120-39,46,1,9580,0.3071623120835878,0.7639553429027113,1.0507986089807697
280120-39,47,1,13797,0.5266138602288479,0.7682926829268293,1.1763258217871584
280120-39,48,0,5908,0.6334725327308355,0.7709774239853843,1.29238175712041
280120-39,49,1,13307,0.4681735975344723,0.746661429693637,1.1316870547925524
280120-39,50,1,5118,0.8851326066199104,0.7478082992402104,2.1489715419573314
280120-39,51,1,7581,0.3868569451747228,0.7438186813186813,1.084434337161209
280120-39,52,1,12859,0.313180330080647,0.78485107421875,1.0529711040738312
280120-39,53,1,8516,0.3291734464322654,0.7802822063404801,1.0590197248312394
280120-39,54,1,13290,0.3796102304779129,0.7685634975711312,1.0809098716212744
280120-39,55,1,10703,0.4422657202400269,0.7832991803278688,1.1149713044201646
280120-39,56,1,12102,0.4609390612991977,0.7162642045454546,1.1268471688230473
280120-39,57,1,8724,0.2833468781508269,0.7622542595019659,1.0427338501608827
280120-39,58,1,8814,0.6542569850672839,0.7544940934771444,1.322275052225378
280120-39,59,1,8988,0.7652037401450092,0.7443478260869565,1.553305904854535
280120-39,60,1,12779,0.3279517255244981,0.7866904703275055,1.0585432838521185
280120-39,61,1,12057,0.6590757774576885,0.7395571367233025,1.3296519024055935
280120-39,62,1,15770,0.5679754258963935,0.7506306820886287,1.2149996383712958
280120-39,63,1,10401,0.528682359525653,0.7798020692757535,1.1781064279581364
280120-39,64,1,7432,0.641177636882282,0.7291993720565149,1.3031141292357746
280120-39,65,1,5266,0.8630687693833378,0.7629672558678644,1.979859179371804
280120-39,66,0,4069,0.8807978795889275,0.7777140672782875,2.111966116709188
280120-39,67,1,7855,0.6139405562662188,0.779265873015873,1.266861511980782
280120-39,68,1,9823,0.5188377610174898,0.7796031746031746,1.1697647726133484
280120-39,69,1,11943,0.4977885363737553,0.7808434128800261,1.1530056566144824
280120-39,70,1,9224,0.6362287997816516,0.8517868685935913,1.2961755566304354
280120-39,71,1,14794,0.6440161275633194,0.7340114115604068,1.307169186073539
280120-39,72,1,9774,0.3035814051085083,0.7861969111969112,1.0495321392346406
280120-39,73,1,8510,0.6438828336311143,0.8505747126436781,1.3069775125831269
280120-39,74,1,13406,0.3624425922550878,0.7761695229272811,1.072954352760838
280120-39,75,1,12570,0.6050778842182021,0.7560902255639098,1.256019023061158
280120-39,76,1,11311,0.3646127987549546,0.718249936499873,1.0739301834231032
280120-39,77,1,12349,0.307053377983757,0.7537691509491546,1.0507597949126308
280120-39,78,1,11430,0.669113183055435,0.719954648526077,1.3456043241602451
280120-39,79,1,7751,0.7211675112175693,0.7450735364798616,1.443499848225763
280120-39,80,1,11429,0.3156667805100885,0.8428466076696165,1.0538850265748885
280120-39,81,1,11174,0.479423080131614,0.7695592286501377,1.1394921834289973
280120-39,82,1,12065,0.3340017593864626,0.7306807170542635,1.0609264033858052
280120-39,83,0,9423,0.8318876862057523,0.6252820172528202,1.8019835229209635
280120-39,84,1,8983,0.6337432943993923,0.8049283154121863,1.292752238978878
280120-39,85,1,9099,0.8140164381202488,0.6710671878457113,1.7216390727873472
280120-39,86,1,6449,0.8929615633381643,0.6192625312079892,2.2215660169697267
280120-39,87,1,7523,0.7960641578820457,0.5716565349544073,1.6523129117686726
280120-39,88,1,8011,0.9125021601839908,0.5338531254165001,2.444558120440106
280120-39,89,1,8681,0.4972953932225655,0.8037962962962963,1.152629745982754
280120-39,90,0,7813,0.562230009277962,0.7568536278213698,1.2092177635162773
280120-39,91,1,10238,0.5920777706753232,0.7554604486422668,1.2408782561448248
280120-39,92,1,10007,0.6116663592567343,0.7323624121779859,1.264037395418755
280120-39,93,1,7845,0.6445686675856415,0.7067567567567568,1.3079650496681177
280120-39,94,0,5914,0.4876529213004925,0.7385114885114885,1.1454260559560565
280120-39,95,1,9533,0.8268878054934689,0.6107373950925747,1.778198463413301
280120-39,96,1,10521,0.3448895339143634,0.7890355482225889,1.0653674510839404
280120-39,97,0,6877,0.8536760572773828,0.6530864197530865,1.92010678550092
280120-39,98,1,9365,0.4594446140281673,0.7906289573659772,1.1258644118581065
280120-39,99,0,7398,0.4726672404188548,0.7807091599831152,1.1347633769143488
280120-39,100,1,7646,0.895561660231416,0.5936335403726708,2.247507047964992
280120-39,101,0,6033,0.6147335203867191,0.7872895732741746,1.2678531595525466
280120-39,102,0,5049,0.8674733893190236,0.7913793103448276,2.01011656899629
280120-39,103,1,8032,0.6182820190676996,0.7742433005590901,1.2723353297361673
280120-39,104,1,7040,0.8349732228500707,0.6736842105263158,1.8172217463238376
280120-39,105,1,8134,0.951242263599527,0.3971291866028708,3.2420718501807904
280120-39,106,0,10988,0.5646158590768519,0.753015350877193,1.2116015861393186
280120-39,107,1,7472,0.3195461564392039,0.7327645385897813,1.0553302117960464
280120-39,108,1,9302,0.5231228895176017,0.8008609556607835,1.1733546234535488
280120-39,109,1,5244,0.4851934690507508,0.7356902356902357,1.1436324261337072
280120-39,110,1,10016,0.3823001681773577,0.7776397515527951,1.0822063503347354
280120-39,111,1,9482,0.3723453427677578,0.777850697292863,1.077476770134971
280120-39,112,1,7216,0.712418331451136,0.7244979919678715,1.424998693824877
280120-39,113,0,6459,0.7911463607625143,0.7423284679921848,1.6349837436777337
280120-39,114,1,10310,0.5980564402735313,0.6598822324628776,1.2477322659392942
280120-39,115,1,11335,0.3680009121576502,0.7620168067226891,1.075470694471034
280120-39,116,1,11545,0.3812198655574146,0.789887794198139,1.0816840123717966
280120-39,117,1,15083,0.6126145868833257,0.7149018864347332,1.2652113414998525
280120-39,118,1,11103,0.6558802962771055,0.8432444748234222,1.324740337921192
280120-39,119,1,9768,0.3332137981561837,0.7933723196881092,1.0606126386746262
280120-39,120,1,7832,0.5344962108100106,0.7476135929744178,1.183192694758638
280120-39,121,1,9623,0.6134228235476336,0.7918861092824226,1.2662160002010578
280120-39,122,0,9863,0.2923046466444239,0.7663558663558664,1.045669341746141
280120-39,123,0,7582,0.8891914710710153,0.5687068706870687,2.1856238302638773
280120-39,124,1,9078,0.8871667156839295,0.6312056737588653,2.1670865219473385
280120-39,125,1,8550,0.3994029506213649,0.7833974711379879,1.0907796079235548
280120-39,126,0,7881,0.7248309076492513,0.6957097457627118,1.451532992178597
280120-39,127,1,6624,0.4980112519364608,0.7760074976569822,1.1531756699396067
280120-39,128,1,7738,0.5424586384394121,0.7585530830310754,1.190359264354961
280120-39,129,1,9624,0.3784415443497731,0.7282082324455206,1.0803508891065892
280120-39,130,0,7806,0.8613383213197817,0.6505,1.9683807712787296
280120-39,131,0,5807,0.5478518019282389,0.6345061188811189,1.1953495138466752
280120-39,132,1,19667,0.9162452475242894,0.4395449669229394,2.496144512330775
280120-39,133,1,7999,0.9300307669191672,0.684728642355761,2.721224215785958
280120-39,134,1,8586,0.9369197253303292,0.5663962002770632,2.8608652410194155
280120-39,135,1,9938,0.4456382768840179,0.7597859327217126,1.1170524428007105
280120-39,136,1,6799,0.9169340932327766,0.6792207792207792,2.506022720233177
280120-39,137,1,11325,0.7228406001198937,0.814748201438849,1.447146987862255
280120-39,138,1,8179,0.8062090898163695,0.6884680134680135,1.6902435486153211
280120-39,139,1,6070,0.9617634838741904,0.4157534246575342,3.6512159442449463
280120-39,140,1,7591,0.8345661523337545,0.7453849175176748,1.81518597108476
280120-39,141,1,7684,0.9140211799111044,0.5155662909286097,2.46507927241224
280120-39,142,1,9157,0.821323728397407,0.673506913798176,1.7529639562047143
280120-39,143,0,8051,0.7206122624005639,0.7057328190743338,1.4422974069240675
280120-39,144,0,5883,0.9459056740962823,0.6231991525423729,3.0822172818238225
280120-39,145,0,5885,0.7867804057890517,0.7319651741293532,1.620133690164074
280120-39,146,1,10815,0.320571222266415,0.7902813299232737,1.0557160316769072
280120-39,147,0,8872,0.3663167931341626,0.7902378195421751,1.0747023483097513
280120-39,148,1,10998,0.3169273744079582,0.7456271186440678,1.0543520500277692
280120-39,149,1,11688,0.4407359425472942,0.7304086989126359,1.1140363200054206
280120-39,150,1,11424,0.333127545456726,0.7028423772609819,1.0605783548869476
280120-39,151,1,7109,0.6557086803995477,0.6511265799596996,1.3244787673580534
280120-40,1,1,15947,0.3521044841528503,0.7490019256963036,1.0684209281774817
280120-40,2,1,12476,0.4000147076757591,0.7680374292046294,1.0910970930149575
280120-40,3,1,11864,0.2804064365074921,0.7779672131147541,1.0417954123392577
280120-40,4,1,13693,0.5551719583335043,0.76275623885918,1.2023051657327055
280120-40,5,0,18453,0.6104524610798417,0.7855348857009067,1.2625419374117413
280120-40,6,1,14426,0.5781255069266689,0.7747583243823846,1.2255685173443005
280120-40,7,1,9626,0.7222274599386715,0.7757898130238555,1.4458062244801364
280120-40,8,1,11965,0.6985788015655294,0.7773518711018711,1.3975593304458025
280120-40,9,1,15668,0.3831753347476,0.7837134853941576,1.0826311438752476
280120-40,10,1,15505,0.4382689871070832,0.7997214772023933,1.1125402732769616
280120-40,11,1,13269,0.5200442797234012,0.8558436532507739,1.170769214954678
280120-40,12,1,14685,0.2187541294705332,0.7767375436369407,1.0248211566298924
280120-40,13,1,11821,0.554278774677625,0.780676264694228,1.2014449712335542
280120-40,14,1,13679,0.4920482385388789,0.7831787472804306,1.1486754322165542
280120-40,15,1,7022,0.8631594982190758,0.7771997786386275,1.9804671974519643
280120-40,16,1,12785,0.6064468275857606,0.7576296296296297,1.2576654014857978
280120-40,17,1,13612,0.5441143259402287,0.778540379775795,1.191879366310134
280120-40,18,1,12674,0.6814524551927491,0.7460560395573346,1.3663770946704992
280120-40,19,1,12620,0.3728065750192928,0.7949105568153187,1.0776917947760285
280120-40,20,1,8657,0.3650670261912506,0.749913374913375,1.07413550206521
280120-40,21,1,12680,0.6342340578389868,0.7679263565891473,1.2934249654154328
280120-40,22,1,10804,0.4653819683815566,0.7697349672271302,1.129803139207074
280120-40,23,1,14809,0.4641785683849141,0.795327604726101,1.1289973875045751
280120-40,24,0,17773,0.5374339797981256,0.754692144373673,1.1858094280038471
280120-40,25,1,9074,0.7810774842161952,0.8258099745176556,1.6014499791017704
280120-40,26,1,10625,0.5721443614737293,0.7567663817663818,1.2192847975587986
280120-40,27,1,14288,0.6543683338049399,0.7504201680672269,1.3224435208482517
280120-40,28,1,13816,0.4059042220107147,0.7875056999544003,1.0941929176771352
280120-40,29,1,10218,0.6311353768039983,0.7460572429906542,1.289203553439262
280120-40,30,1,13473,0.5636713402374255,0.7518415178571428,1.2106549772150146
280120-40,31,1,12590,0.3737037815703216,0.7807751937984496,1.0781112015796273
280120-40,32,1,11740,0.3778895651187521,0.7959322033898305,1.0800877771827782
280120-40,33,1,8214,0.845275442995191,0.6521117815179422,1.871499756521053
280120-40,34,1,14981,0.4727112928442651,0.771500669481924,1.1347938053038231
280120-40,35,1,9338,0.8772129777256026,0.7162141432735082,2.082893153010479
280120-40,36,1,11421,0.5268025538220876,0.7844093406593406,1.1764876296912308
280120-40,37,1,14858,0.4113306264352471,0.7816708754208754,1.0971092992724765
280120-40,38,1,11378,0.403571975667639,0.7588368680805656,1.0929584073117518
280120-40,39,1,13361,0.4682458176589743,0.7281992587747983,1.1317360671851435
280120-40,40,1,13120,0.4297219669265554,0.7896003851709196,1.107467228029695
280120-40,41,1,14266,0.4048122985807643,0.7782869612656846,1.0936135318607525
280120-40,42,1,10339,0.9518684513776168,0.6304268292682926,3.2625697873439448
280120-40,43,1,11199,0.3340918693381838,0.7781947050239734,1.0609623499955692
280120-40,44,1,12256,0.4938862189369339,0.7724207474632886,1.150051153901136
280120-40,45,1,14914,0.2565610296075057,0.7775808133472367,1.034631139623917
280120-40,46,1,9558,0.928660310041656,0.7466020934229026,2.695917014242045
280120-40,47,1,11036,0.561071387570439,0.7717482517482518,1.2080688106817092
280120-40,48,1,10644,0.452877598910962,0.8447619047619047,1.1216135255810535
280120-40,49,1,10089,0.4828185863107613,0.7784722222222222,1.1419169909523403
280120-40,50,1,11747,0.6099811385905558,0.7682799215173316,1.2619635201676898
280120-40,51,1,11314,0.5221936233801043,0.7729726036756166,1.1725708140734696
280120-40,52,1,19004,0.4890492400407649,0.7683350853076737,1.1464521831141714
280120-40,53,0,19965,0.4277869803095575,0.7754000310703744,1.106342060903714
280120-40,54,1,5359,0.8184148019518858,0.7706356054069601,1.7402566381349445
280120-40,55,1,16022,0.4577161246483162,0.734819299211154,1.124734911114548
280120-40,56,1,8805,0.6873956858004424,0.7643229166666666,1.3768735246013553
280120-40,57,0,28277,0.5501278401316353,0.782559362373388,1.1974894142186023
280120-40,58,1,11354,0.5759785409811825,0.7845494748479823,1.22329424364185
280120-40,59,1,14117,0.2602483790451925,0.7746378402107111,1.035688045758682
280120-40,60,1,15812,0.544857584130189,0.7151515151515152,1.192565167129095
280120-40,61,1,16246,0.711977232852303,0.745092643551642,1.4240905296415098
280120-40,62,1,11674,0.4243852514397784,0.8264778761061947,1.1043845170142024
280120-40,63,1,12454,0.4757707470133298,0.7868831743223605,1.136920049789194
280120-40,64,1,14929,0.3357116364916159,0.7617225368641257,1.0616107872097196
280120-40,65,1,12125,0.4332423547632251,0.7713104325699746,1.1095362339203856
280120-40,66,1,14289,0.4245386442897133,0.7782679738562092,1.1044722285152144
280120-40,67,1,13898,0.5200244598940154,0.7640881851668591,1.1707526749115045
280120-40,68,1,10636,0.7308748051951548,0.7521923620933522,1.4651766647966349
280120-40,69,1,8949,0.3874796306081992,0.7894318983768525,1.084741920641648
280120-40,70,1,9680,0.9663680547581772,0.5339805825242718,3.8885850424028527
280120-40,71,1,12334,0.4974140658287325,0.7664201826881253,1.1527201395005802
280120-40,72,0,13083,0.3059894469646424,0.7685032894736842,1.0503816570663826
280120-40,73,1,10935,0.3895117735910107,0.7726823063877897,1.0857510002429216
280120-40,74,1,12408,0.4570644237185405,0.7694883720930232,1.1243110337445137
280120-40,75,0,16232,0.6148141723881713,0.7884970368211406,1.267954221887848
280120-40,76,1,15805,0.3005374891081969,0.8299637662133067,1.0484708025985123
280120-40,77,1,10020,0.5037432441663703,0.7998084291187739,1.1576037882483634
280120-40,78,1,12138,0.546067738054853,0.7852244792340536,1.193686318098852
280120-40,79,1,12713,0.533375106949121,0.7718882817243473,1.182202419971785
280120-40,80,1,12583,0.3316514863691573,0.7864375,1.059993537859435
280120-40,81,0,19388,0.4393349085930244,0.7508617017156578,1.1131849148730424
280120-40,82,0,14474,0.4655652219384491,0.7907561188811189,1.1299261736567303
280120-40,83,1,16224,0.3449383157503404,0.75664583527656,1.065387797109371
280120-40,84,1,13051,0.4384069412513145,0.7317633865993832,1.112623553105636
280120-40,85,1,12969,0.2191005839027824,0.7978959025470653,1.0249028040188044
280120-40,86,0,19979,0.3204495353517257,0.7761849261849262,1.0556701436894615
280120-40,87,1,15637,0.6208100256640007,0.7854631303998393,1.275573592490007
280120-40,88,1,15598,0.4540524325649533,0.7646078431372549,1.1223659913477164
280120-40,89,0,8478,0.8710672450238935,0.6361044417767107,2.035980765062156
280120-40,90,1,7317,0.7325003710134346,0.8445290858725761,1.468932162410871
280120-40,91,0,18018,0.2169395213846627,0.8008355926930085,1.0243959422275748
280120-40,92,1,8834,0.9611649575475848,0.4544238683127572,3.6235231941989032
280120-40,93,0,17239,0.410365139434275,0.8053349528169672,1.0965858600301182
280120-40,94,1,22045,0.2975062492218037,0.815575286718461,1.0474276597768273
280120-40,95,1,6546,0.8884388760200368,0.6685049019607843,2.1786732104645967
280120-40,96,0,17393,0.4213107085109868,0.7730565802924575,1.102637511426537
280120-40,97,1,13401,0.7709843023955613,0.7233617618482133,1.5702182416344823
280120-40,98,1,8977,0.8863962948608102,0.6315604333755452,2.160166788145788
280120-40,99,1,15987,0.265774808001004,0.7768221574344023,1.0373065859931832
280120-40,100,0,7953,0.7500190386197495,0.763683502976762,1.5119072385433934
280120-40,101,1,24089,0.6721630876978568,0.7700102288709884,1.3506155901542911
280120-40,102,0,17450,0.2896912544189451,0.7913832199546486,1.044800908657088
280120-40,103,1,9731,0.4351165064745548,0.7772985062704689,1.1106493786520166
280120-40,104,1,15388,0.530658260841343,0.7401635401635401,1.1798214590206817
280120-40,105,1,16116,0.5681014600368605,0.7632850241545893,1.2151280674104306
280120-40,106,1,12488,0.5367758932151471,0.772485463318075,1.1852204985884744
280120-40,107,0,11975,0.7542167699325603,0.8073759439050702,1.5229380836274304
280120-40,108,1,19240,0.6633276878049155,0.7584358246609902,1.3363105303963103
280120-40,109,1,9805,0.8033494329508131,0.69234571388222,1.6792387779320777
280120-40,110,1,19566,0.5925754120222498,0.7657925636007827,1.2414418431960144
280120-40,111,1,9930,0.5347180402418006,0.760686379653746,1.183389179359252
280120-40,112,1,10375,0.6523346958627457,0.7410714285714286,1.3193812654003931
280120-40,113,0,11022,0.3844562966002081,0.7918103448275862,1.0832555630217369
280120-40,114,1,15473,0.5704778848877408,0.73234570238546,1.2175626652691822
280120-40,115,0,13414,0.5470438518912388,0.7106378470014834,1.194594768409304
280120-40,116,1,12826,0.6298743807023967,0.7667384026781444,1.287503326545814
280120-40,117,0,12914,0.5357429796007398,0.6933319016428648,1.1842993495914236
280120-40,118,1,11297,0.9422997338286776,0.794891640866873,2.987122041116796
280120-40,119,1,10294,0.9321335489530332,0.8197165153686893,2.7615560331294966
280120-40,120,1,13241,0.7473570466386569,0.7549891663815714,1.5050661122352904
280120-40,121,1,12223,0.2131869435306065,0.7521846153846153,1.023529482959787
280120-40,122,1,11166,0.7031530070103457,0.8114235884020057,1.4063934665360105
280120-40,123,1,12404,0.4443207619011144,0.7751531058617673,1.1162361611542917
280120-40,124,1,13022,0.7752631818371202,0.6566155707946753,1.583184440746943
280120-40,125,1,8374,0.6702571182709909,0.8594006568144499,1.3474747004354817
280120-40,126,1,12366,0.6361661271215362,0.6565785281936922,1.2960887370051049
280120-40,127,0,22058,0.815441725738995,0.7021263050674815,1.7275955759165165
280120-40,128,0,11709,0.5715347354449843,0.6912042502951594,1.2186533813737366
280120-40,129,1,15048,0.4201085823311714,0.7516483516483516,1.1019601343845171
280120-40,130,1,10877,0.5949496771202804,0.6745426356589147,1.2441479151634447
280120-40,131,1,6289,0.7230350519498296,0.6975377107364685,1.4475732166263
280120-40,132,1,13566,0.7774987787208056,0.5966748768472906,1.590117235350374
280120-40,133,1,11347,0.5529385287810054,0.7598098299183073,1.2001602704540306
280120-40,134,0,13839,0.4829614007608256,0.809440252675908,1.142019693815219
280120-40,135,1,11176,0.7336230665594387,0.6246367091437514,1.4715477333876237
280120-40,136,1,10353,0.6436039416388774,0.6524862923047835,1.3065768733795278
280120-40,137,1,13852,0.4644381085506134,0.743731543624161,1.12917084375278
280120-40,138,0,15351,0.3225190607843279,0.7951825951825952,1.0564537512125842
280120-40,139,0,4169,0.7407684940992941,0.7178030303030303,1.4886259989707349
280120-40,140,0,13110,0.7871540883735856,0.7356902356902357,1.6213857217330694
280120-41,1,0,30000,0.8526825881359321,0.6685683722588697,1.9141344949918728
280120-41,2,1,11509,0.7405494917405891,0.7829251700680272,1.488091200929106
280120-41,3,1,9574,0.6670504810383585,0.7526729559748427,1.342259321076342
280120-41,4,0,20922,0.3713651322485135,0.7828331961385916,1.077021109565144
280120-41,5,1,11154,0.6413282743293031,0.7498487394957983,1.3033279335974717
280120-41,6,1,13277,0.6588088272153855,0.8342968455448033,1.32923857990451
280120-41,7,1,11768,0.5453751376601307,0.7730915779792406,1.1930439651381473
280120-41,8,1,11188,0.4599940747792689,0.7708419457075927,1.1262250705241224
280120-41,9,1,11477,0.4433460979434572,0.7710964794410105,1.1156349981756744
280120-41,10,1,7081,0.916733172926104,0.7738797814207651,2.5031286001552053
280120-41,11,1,9468,0.6735478483715237,0.7417156286721505,1.352917035871711
280120-41,12,1,10866,0.55246097726568,0.7416052416052417,1.1997042548981611
280120-41,13,0,4231,0.8836137272406317,0.7779003493289207,2.1357636784883143
280120-41,14,1,10789,0.4883334746353824,0.7645266439909297,1.145925470367764
280120-41,15,1,11636,0.4684694315757415,0.7447516641065028,1.1318879117635203
280120-41,16,1,15872,0.4469229763993396,0.7939175670268107,1.117852455052504
280120-41,17,1,13319,0.434266458361736,0.7644492911668485,1.1101434855405254
280120-41,18,1,7545,0.5810991753552406,0.756922150882825,1.2287536934480268
280120-41,19,1,16505,0.6479930648314031,0.8100613496932515,1.3129455034301412
280120-41,20,1,9671,0.2783047949521635,0.7786634460547504,1.0411322062366195
280120-41,21,1,9178,0.5063661049722156,0.7542735042735043,1.1596641892158834
280120-41,22,1,6119,0.7844310049066662,0.568310578619857,1.6123412723458128
280120-41,23,1,13874,0.2432250189960249,0.7728386809269162,1.0309598358805754
280120-41,24,1,7635,0.6420883226008879,0.7591727155215273,1.3044090689366488
280120-41,25,1,8584,0.7040463806330103,0.7498252969951084,1.4081452892112605
280120-41,26,0,5323,0.8153211302110885,0.8005715145134606,1.7270887869685634
280120-41,27,1,13805,0.3827821427523213,0.7754746657678913,1.082440111963786
280120-41,28,1,12076,0.5814522350178494,0.7667301587301587,1.2291346072357434
280120-41,29,0,16982,0.5569422622469711,0.7920708955223881,1.2040196739161768
280120-41,30,1,8617,0.329642651397589,0.7746314275440489,1.0592033456391896
280120-41,31,1,5868,0.2723792966529385,0.7844919786096257,1.0392958165971704
280120-41,32,1,13579,0.379294081421795,0.7797301177146139,1.080758401815498
280120-41,33,1,8352,0.4858098057320745,0.7909090909090909,1.1440802664000014
280120-41,34,0,4596,0.6412905445898656,0.8127320954907162,1.3032743680246115
280120-41,35,1,9573,0.4832808541471247,0.8021618903971846,1.1422496343067938
280120-41,36,1,15882,0.6570328081759875,0.6624953072206232,1.3265027590340153
280120-41,37,1,16472,0.5236847259811812,0.8103109012199922,1.1738299570458377
280120-41,38,1,8775,0.4950892386922172,0.7099514563106796,1.150957079797262
280120-41,39,1,7219,0.8187725046246287,0.7994462901439645,1.7418019232196431
280120-41,40,1,5761,0.6539568162658373,0.8512115839243499,1.321821365436835
280120-41,41,1,9139,0.5830144311307293,0.8067620056497176,1.2308271017167596
280120-41,42,1,8259,0.7476741680215795,0.8089920658242727,1.505874952022132
280120-41,43,1,6318,0.7713646416150459,0.6964285714285714,1.5713550185090968
280120-41,44,1,9388,0.5968133719969739,0.7810965970546635,1.2462921501811046
280120-41,45,1,9877,0.6139605555674948,0.7721232020012507,1.2668864779530735
280120-41,46,1,11160,0.5024997871681679,0.7754846779237023,1.1566345338859876
280120-41,47,0,17439,0.4839831333989149,0.7600017432232198,1.1427561544781129
280120-41,48,1,10326,0.7380993648272579,0.7121379310344828,1.482157731227321
280120-41,49,1,11384,0.2760165010518746,0.7975339778618468,1.040417194043071
280120-41,50,1,11774,0.5590698342839583,0.7765466297322253,1.2060972017864875
280120-41,51,1,15737,0.3658527254536446,0.7864567716141929,1.0744915341566077
280120-41,52,1,16499,0.3832799404390865,0.7741647897897898,1.0826820165175854
280120-41,53,1,7387,0.4981927718117131,0.7276398739164697,1.1533143478305916
280120-41,54,1,9904,0.6027646436546754,0.7415393830488171,1.2532599897359635
280120-41,55,1,8996,0.3674539975987467,0.764186204553177,1.0752206082419022
280120-41,56,0,16820,0.2347617759174091,0.789078626383937,1.028750558665131
280120-41,57,0,14348,0.4620921750986533,0.7991088833194097,1.1276094129957872
280120-41,58,0,7306,0.8088067971706042,0.6847235238987817,1.7004649516219623
280120-41,59,1,8644,0.4485392075299529,0.7770586120100683,1.1188646489936636
280120-41,60,1,9988,0.5070738806545899,0.7557506053268765,1.1602239142776265
280120-41,61,1,10096,0.7596271332443677,0.7981658629140643,1.5376126858689996
280120-41,62,0,19846,0.7022346446116134,0.6465758780217632,1.404601746255589
280120-41,63,1,9215,0.7690395108407061,0.7215001565925462,1.564452523919031
280120-41,64,1,10522,0.7717830287415957,0.7127760466061509,1.5726090209727357
280120-41,65,1,5997,0.6891291773884851,0.783921568627451,1.379998412757934
280120-41,66,1,9224,0.4348812121525023,0.7566858080393766,1.110509178572454
280120-41,67,0,11507,0.3235436514736663,0.799319255348708,1.056844220857849
280120-41,68,1,10731,0.1675311088161446,0.7578389830508474,1.0143358211951743
280120-41,69,1,10873,0.3535370125344661,0.7559093437152391,1.069037893227366
280120-41,70,1,13806,0.6628822984136116,0.7073108253496593,1.3356063224248125
280120-41,71,1,14220,0.5089272947496113,0.7941028648014743,1.1616972059198607
280120-41,72,1,8468,0.3387713584104782,0.7832038475767665,1.062847524127624
280120-41,73,1,15569,0.6913044035401057,0.6804930285414572,1.3839611311385156
280120-41,74,1,11655,0.8107204775456562,0.7433035714285714,1.7081361253496907
280120-41,75,1,11363,0.5745554932903335,0.7765855658829962,1.221798405587948
280120-41,76,1,8535,0.334959317048786,0.7676740420939018,1.061309075209215
280120-41,77,1,9633,0.3851265436497912,0.7611409608091024,1.083583545225697
280120-41,78,1,14400,0.7817388911841918,0.8473080317740512,1.6035769002147997
280120-41,79,1,4767,0.8771245006709825,0.6637426900584795,2.082192189349084
280120-41,80,0,16739,0.6700283566125994,0.7335232252410167,1.3470997868928376
280120-41,81,1,8992,0.2591548725514255,0.8005698005698005,1.0353727017815664
280120-41,82,1,10462,0.4763749217797565,0.7584457010294331,1.1373429793493248
280120-41,83,1,11250,0.5762342805493111,0.7909167604049494,1.2235640406245851
280120-41,84,1,10011,0.5186065569295178,0.7703139427516159,1.169572853143751
280120-41,85,0,13368,0.4674686608442793,0.7617094017094017,1.131209378204785
280120-41,86,1,11919,0.4411259807990992,0.7154261704681872,1.1142741764473172
280120-41,87,1,10187,0.7655140403439751,0.8388504611330698,1.554196728308651
280120-41,88,0,8687,0.5016086965588876,0.7890816604596239,1.155942907907071
280120-41,89,0,18232,0.5137778984492498,0.7634521167455299,1.165605456688147
280120-41,90,0,11752,0.159757517867344,0.7895726955119592,1.013010819970146
280120-41,91,1,6834,0.636837799557073,0.7742154752464031,1.2970205518756592
280120-41,92,0,11008,0.3042405405966837,0.7709763272166971,1.0497637997803555
280120-41,93,1,10961,0.1830534948406592,0.7805868109955847,1.0171874634310436
280120-41,94,1,7038,0.6620942070539526,0.8174216027874565,1.3343641441041627
280120-41,95,1,13577,0.7184905036388217,0.753775260937153,1.437738514264866
280120-41,96,0,5653,0.8307646307883194,0.7928471248246844,1.796545317284335
280120-41,97,1,13037,0.5340450874188323,0.7774001192605844,1.1827936667678354
280120-41,98,1,9586,0.1934792691754681,0.7780844155844155,1.0192595579394474
280120-41,99,1,9091,0.4216803526292038,0.7804773351648352,1.102846440310815
280120-41,100,1,8703,0.4543489761051351,0.7849025974025974,1.1225564717566725
280120-41,101,1,12824,0.6331958183317714,0.720125786163522,1.292003622446153
280120-41,102,1,11342,0.6305186656973928,0.7931468531468532,1.2883707633132049
280120-41,103,1,7129,0.6550175955516615,0.6596650319237531,1.3234276984781628
280120-41,104,1,13006,0.5384705966466777,0.7712286527514232,1.1867403598907935
280120-41,105,1,7978,0.4608193271861817,0.7823869765617338,1.1267682184086318
280120-41,106,1,8775,0.6404676421108808,0.7786157941437445,1.3021085011210016
280120-41,107,1,7565,0.8299985142099813,0.6028368794326241,1.792867822972961
280120-41,108,1,9296,0.5846282321954346,0.7617174696820714,1.2325876670603586
280120-41,109,1,8754,0.6536137384361836,0.6507582515611061,1.3213036502733069
280120-41,110,0,8382,0.7643538219511629,0.597008547008547,1.550875583233827
280120-41,111,1,8661,0.3974277090517735,0.8094392523364486,1.089759707329812
280120-41,112,1,10930,0.5982578527889434,0.7624162946428571,1.2479663588025622
280120-41,113,1,8065,0.7027254725078902,0.7811894614490508,1.405558205064322
280120-41,114,1,6954,0.9351595442186676,0.6074423480083857,2.823050079614245
280120-41,115,0,10587,0.6848049758696408,0.7756043956043956,1.372257159618898
280120-41,116,0,16464,0.3353893598566986,0.7568263307897398,1.0614814262316352
280120-41,117,1,8069,0.1804764303453764,0.806980698069807,1.0166948311483663
280120-41,118,1,12954,0.8253492818083604,0.6380023640661938,1.7710948590228963
280120-41,119,0,8397,0.7582792532232943,0.6051891891891892,1.533907286625689
280120-41,120,0,17914,0.6023327032577254,0.7804984315092367,1.2527479858219146
280120-41,121,1,15578,0.5528161216138864,0.7512538580246914,1.200043296312314
280120-41,122,0,10735,0.5212453042505074,0.7754821931662212,1.1717739836218537
280120-41,123,1,12498,0.7329948451111893,0.7634231262598498,1.4700819373673792
280120-41,124,0,4869,0.9550794080024668,0.4610795454545454,3.374388355417053
280120-41,125,1,8823,0.6826501774591707,0.6596635514018692,1.3684658127997371
280120-41,126,0,4431,0.8524847199005408,0.6852768326631612,1.9129524663374469
280120-41,127,1,8939,0.8136441253359286,0.4827977315689981,1.7200949439083046
280120-41,128,0,7909,0.4778168900679902,0.7250641730839751,1.138356461135606
280120-41,129,0,7214,0.7388503797746452,0.6363796753705011,1.4839668294549666
280120-41,130,0,10138,0.4615611474875902,0.8014229249011857,1.127257958500116
280120-41,131,0,9342,0.4441477310971023,0.7799298714309567,1.116129270105385
280120-41,132,0,14338,0.3689824369364639,0.7224993701184177,1.0759208859981666
280120-41,133,1,6774,0.5674729236242821,0.6283858998144712,1.2144882749953851
280120-41,134,0,20402,0.7534104222020304,0.6061200237670826,1.5207956080906675
280120-41,135,0,9322,0.7918057061873166,0.7477340178070105,1.6372693478221896
280120-41,136,0,9257,0.6630817375346341,0.6273380319869883,1.3359214607240495
280120-41,137,0,9660,0.62485193845719,0.6889174154899443,1.280830763853684
280120-41,138,1,9693,0.6659368110298467,0.703410740203193,1.3404679245688882
280120-41,139,0,7957,0.7991522068335872,0.6267328292375551,1.6635371921258262
280120-41,140,0,8104,0.4751761448537001,0.7664806582805259,1.1365048046619326
280120-41,141,0,4966,0.5303459740358029,0.6199750312109863,1.1795494774770174
280120-41,142,0,7886,0.4947538444755741,0.7970487163937741,1.150704076550472
280120-41,143,0,4839,0.7642248240861954,0.7460684551341351,1.550507948323344
280120-41,144,0,10899,0.6918726310452441,0.6997303543913713,1.3850040064328932
280120-41,145,0,7091,0.5695817458869227,0.7171318770226537,1.2166416773405675
280120-41,146,0,10797,0.4444331081493946,0.6748125,1.11630560261875
